annee;1er_degre_€2025;2nd_degre_€2025
1980;3850.0;6980.0
1981;4050.0;7190.0
1982;4300.0;7520.0
1983;4350.0;7510.0
1984;4510.0;7510.0
1985;4580.0;7490.0
1986;4450.0;7460.0
1987;4510.0;7510.0
1988;4630.0;7720.0
1989;4750.0;8020.0
1990;4820.0;8400.0
1991;5000.0;8720.0
1992;5200.0;9210.0
1993;5400.0;9480.0
1994;5580.0;9650.0
1995;5750.0;9900.0
1996;5860.0;10050.0
1997;6030.0;10270.0
1998;6250.0;10500.0
1999;6520.0;10840.0
2000;6640.0;11060.0
2001;6670.0;11180.0
2002;6620.0;11300.0
2003;6840.0;11330.0
2004;6900.0;11340.0
2005;6830.0;11330.0
2006;6870.0;11540.0
2007;6850.0;11520.0
2008;6770.0;11700.0
2009;7000.0;12000.0
2010;7050.0;12050.0
2011;7080.0;11770.0
2012;7190.0;11610.0
2013;7430.0;11590.0
2014;7480.0;11640.0
2015;7490.0;11580.0
2016;7530.0;11590.0
2017;7880.0;11700.0
2018;8000.0;11630.0
2019;8170.0;11640.0
2020;7950.0;11210.0
2021;8310.0;11600.0
2022;8580.0;11660.0
2023;8760.0;11670.0
2024;9200.0;11780.0
2025p;9440.0;11780.0
