cle;valeur;fichier;ligne_ou_cellule
com_p139_2024;242277178.0;data/raw/budget_etat/extractions/passerelle_G5_intrants_RAP_DPT_2024_2025.csv;id=com_p139_2024
com_p140_2024;191272373.0;data/raw/budget_etat/extractions/passerelle_G5_intrants_RAP_DPT_2024_2025.csv;id=com_p140_2024
com_p141_2024;550198255.0;data/raw/budget_etat/extractions/passerelle_G5_intrants_RAP_DPT_2024_2025.csv;id=com_p141_2024
com_p214_2024;49727026.0;data/raw/budget_etat/extractions/passerelle_G5_intrants_RAP_DPT_2024_2025.csv;id=com_p214_2024
com_p230_2024;105081615.0;data/raw/budget_etat/extractions/passerelle_G5_intrants_RAP_DPT_2024_2025.csv;id=com_p230_2024
pfmp_p141_2025;208000000.0;data/raw/budget_etat/extractions/passerelle_G5_intrants_RAP_DPT_2024_2025.csv;id=pfmp_p141_2025
pfmp_p139_2025;54763935.0;data/raw/budget_etat/extractions/passerelle_G5_intrants_RAP_DPT_2024_2025.csv;id=pfmp_p139_2025
P140.a01.total.CP2025;6689890986.0;data/raw/budget_etat/extractions/rap2025_execution_par_action_2024_2025.csv;"programme=140;action=1;colonne=CP_conso_2025"
P140.a02.total.CP2025;14167029206.0;data/raw/budget_etat/extractions/rap2025_execution_par_action_2024_2025.csv;"programme=140;action=2;colonne=CP_conso_2025"
P140.a03.total.CP2025;2103756753.0;data/raw/budget_etat/extractions/rap2025_execution_par_action_2024_2025.csv;"programme=140;action=3;colonne=CP_conso_2025"
P140.a04.total.CP2025;368838633.0;data/raw/budget_etat/extractions/rap2025_execution_par_action_2024_2025.csv;"programme=140;action=4;colonne=CP_conso_2025"
P140.a05.total.CP2025;2170138668.0;data/raw/budget_etat/extractions/rap2025_execution_par_action_2024_2025.csv;"programme=140;action=5;colonne=CP_conso_2025"
P140.a07.total.CP2025;164697497.0;data/raw/budget_etat/extractions/rap2025_execution_par_action_2024_2025.csv;"programme=140;action=7;colonne=CP_conso_2025"
P140.a06.total.CP2025;1694156079.0;data/raw/budget_etat/extractions/rap2025_execution_par_action_2024_2025.csv;"programme=140;action=6;colonne=CP_conso_2025"
P141.a01.total.CP2025;14069267692.0;data/raw/budget_etat/extractions/rap2025_execution_par_action_2024_2025.csv;"programme=141;action=1;colonne=CP_conso_2025"
P141.a02.total.CP2025;10346483589.0;data/raw/budget_etat/extractions/rap2025_execution_par_action_2024_2025.csv;"programme=141;action=2;colonne=CP_conso_2025"
P141.a03.total.CP2025;4479736994.0;data/raw/budget_etat/extractions/rap2025_execution_par_action_2024_2025.csv;"programme=141;action=3;colonne=CP_conso_2025"
P141.a05.total.CP2025;1405849445.0;data/raw/budget_etat/extractions/rap2025_execution_par_action_2024_2025.csv;"programme=141;action=5;colonne=CP_conso_2025"
P141.a06.total.CP2025;1121558374.0;data/raw/budget_etat/extractions/rap2025_execution_par_action_2024_2025.csv;"programme=141;action=6;colonne=CP_conso_2025"
P141.a12.total.CP2025;4416259922.0;data/raw/budget_etat/extractions/rap2025_execution_par_action_2024_2025.csv;"programme=141;action=12;colonne=CP_conso_2025"
P141.a10.total.CP2025;261905183.0;data/raw/budget_etat/extractions/rap2025_execution_par_action_2024_2025.csv;"programme=141;action=10;colonne=CP_conso_2025"
P141.a11.total.CP2025;2207471301.0;data/raw/budget_etat/extractions/rap2025_execution_par_action_2024_2025.csv;"programme=141;action=11;colonne=CP_conso_2025"
P141.a13.total.CP2025;212346492.0;data/raw/budget_etat/extractions/rap2025_execution_par_action_2024_2025.csv;"programme=141;action=13;colonne=CP_conso_2025"
P141.a07.total.CP2025;52662857.0;data/raw/budget_etat/extractions/rap2025_execution_par_action_2024_2025.csv;"programme=141;action=7;colonne=CP_conso_2025"
P141.a08.total.CP2025;305178293.0;data/raw/budget_etat/extractions/rap2025_execution_par_action_2024_2025.csv;"programme=141;action=8;colonne=CP_conso_2025"
P139.a01.total.CP2025;502760370.0;data/raw/budget_etat/extractions/rap2025_execution_par_action_2024_2025.csv;"programme=139;action=1;colonne=CP_conso_2025"
P139.a02.total.CP2025;1525349788.0;data/raw/budget_etat/extractions/rap2025_execution_par_action_2024_2025.csv;"programme=139;action=2;colonne=CP_conso_2025"
P139.a03.total.CP2025;2522028323.0;data/raw/budget_etat/extractions/rap2025_execution_par_action_2024_2025.csv;"programme=139;action=3;colonne=CP_conso_2025"
P139.a04.total.CP2025;1849177915.0;data/raw/budget_etat/extractions/rap2025_execution_par_action_2024_2025.csv;"programme=139;action=4;colonne=CP_conso_2025"
P139.a05.total.CP2025;816440704.0;data/raw/budget_etat/extractions/rap2025_execution_par_action_2024_2025.csv;"programme=139;action=5;colonne=CP_conso_2025"
P139.a06.total.CP2025;212533674.0;data/raw/budget_etat/extractions/rap2025_execution_par_action_2024_2025.csv;"programme=139;action=6;colonne=CP_conso_2025"
P139.a07.total.CP2025;216665720.0;data/raw/budget_etat/extractions/rap2025_execution_par_action_2024_2025.csv;"programme=139;action=7;colonne=CP_conso_2025"
P139.a08.total.CP2025;80352684.0;data/raw/budget_etat/extractions/rap2025_execution_par_action_2024_2025.csv;"programme=139;action=8;colonne=CP_conso_2025"
P139.a09.total.CP2025;717137886.0;data/raw/budget_etat/extractions/rap2025_execution_par_action_2024_2025.csv;"programme=139;action=9;colonne=CP_conso_2025"
P139.a10.total.CP2025;87004027.0;data/raw/budget_etat/extractions/rap2025_execution_par_action_2024_2025.csv;"programme=139;action=10;colonne=CP_conso_2025"
P139.a11.total.CP2025;214427577.0;data/raw/budget_etat/extractions/rap2025_execution_par_action_2024_2025.csv;"programme=139;action=11;colonne=CP_conso_2025"
P139.a12.total.CP2025;68303993.0;data/raw/budget_etat/extractions/rap2025_execution_par_action_2024_2025.csv;"programme=139;action=12;colonne=CP_conso_2025"
P230.a01.total.CP2025;2906927101.0;data/raw/budget_etat/extractions/rap2025_execution_par_action_2024_2025.csv;"programme=230;action=1;colonne=CP_conso_2025"
P230.a02.total.CP2025;700428827.0;data/raw/budget_etat/extractions/rap2025_execution_par_action_2024_2025.csv;"programme=230;action=2;colonne=CP_conso_2025"
P230.a03.total.CP2025;3008233612.0;data/raw/budget_etat/extractions/rap2025_execution_par_action_2024_2025.csv;"programme=230;action=3;colonne=CP_conso_2025"
P230.a07.total.CP2025;172509.0;data/raw/budget_etat/extractions/rap2025_execution_par_action_2024_2025.csv;"programme=230;action=7;colonne=CP_conso_2025"
P230.a04.T2.CP2025;247837444.0;data/raw/budget_etat/extractions/rap2025_execution_par_action_2024_2025.csv;"programme=230;action=4;colonne=CP_conso_2025_titre2"
P230.a04.HT2.CP2025;810079276.0;data/raw/budget_etat/extractions/rap2025_execution_par_action_2024_2025.csv;"programme=230;action=4;colonne=CP_conso_2025_hors_titre2"
P230.a05.total.CP2025;88066228.0;data/raw/budget_etat/extractions/rap2025_execution_par_action_2024_2025.csv;"programme=230;action=5;colonne=CP_conso_2025"
P230.a06.total.CP2025;187226525.0;data/raw/budget_etat/extractions/rap2025_execution_par_action_2024_2025.csv;"programme=230;action=6;colonne=CP_conso_2025"
P214.a01.total.CP2025;639730944.0;data/raw/budget_etat/extractions/rap2025_execution_par_action_2024_2025.csv;"programme=214;action=1;colonne=CP_conso_2025"
P214.a02.total.CP2025;125912884.0;data/raw/budget_etat/extractions/rap2025_execution_par_action_2024_2025.csv;"programme=214;action=2;colonne=CP_conso_2025"
P214.a03.total.CP2025;19309522.0;data/raw/budget_etat/extractions/rap2025_execution_par_action_2024_2025.csv;"programme=214;action=3;colonne=CP_conso_2025"
P214.a04.total.CP2025;32226718.0;data/raw/budget_etat/extractions/rap2025_execution_par_action_2024_2025.csv;"programme=214;action=4;colonne=CP_conso_2025"
P214.a05.total.CP2025;13158861.0;data/raw/budget_etat/extractions/rap2025_execution_par_action_2024_2025.csv;"programme=214;action=5;colonne=CP_conso_2025"
P214.a06.total.CP2025;802274024.0;data/raw/budget_etat/extractions/rap2025_execution_par_action_2024_2025.csv;"programme=214;action=6;colonne=CP_conso_2025"
P214.a07.total.CP2025;137272082.0;data/raw/budget_etat/extractions/rap2025_execution_par_action_2024_2025.csv;"programme=214;action=7;colonne=CP_conso_2025"
P214.a08.total.CP2025;826711648.0;data/raw/budget_etat/extractions/rap2025_execution_par_action_2024_2025.csv;"programme=214;action=8;colonne=CP_conso_2025"
P214.a09.total.CP2025;174946854.0;data/raw/budget_etat/extractions/rap2025_execution_par_action_2024_2025.csv;"programme=214;action=9;colonne=CP_conso_2025"
P214.a10.total.CP2025;3281902.0;data/raw/budget_etat/extractions/rap2025_execution_par_action_2024_2025.csv;"programme=214;action=10;colonne=CP_conso_2025"
dgfip.Départements.collèges;6256500000.0;data/raw/collectivites/extractions/DGFiP_2025_enseignement_synthese_niveau_perimetre_BP.csv;"niveau=Départements;perimetre=collèges"
dgfip.Régions et CTU.collèges (CTU : Corse, Guyane, Martinique);92200000.0;data/raw/collectivites/extractions/DGFiP_2025_enseignement_synthese_niveau_perimetre_BP.csv;"niveau=Régions et CTU;perimetre=collèges (CTU : Corse, Guyane, Martinique)"
dgfip.Communes (y.c. Paris).collèges-lycées (cas particuliers : Paris, Métropole de Lyon);154400000.0;data/raw/collectivites/extractions/DGFiP_2025_enseignement_synthese_niveau_perimetre_BP.csv;"niveau=Communes (y.c. Paris);perimetre=collèges-lycées (cas particuliers : Paris, Métropole de Lyon)"
dgfip.GFP (y.c. Métropole de Lyon, EPT).collèges-lycées (cas particuliers : Paris, Métropole de Lyon);128199999.99999999;data/raw/collectivites/extractions/DGFiP_2025_enseignement_synthese_niveau_perimetre_BP.csv;"niveau=GFP (y.c. Métropole de Lyon, EPT);perimetre=collèges-lycées (cas particuliers : Paris, Métropole de Lyon)"
dgfip.prive.Départements.collèges;399200000.0;data/raw/collectivites/extractions/DGFiP_2025_enseignement_postes_cles_budgets_principaux.csv;"niveau=Départements;perimetre=collèges;poste=655112/655122"
dgfip.prive.Régions et CTU.collèges (CTU : Corse, Guyane, Martinique);2900000.0;data/raw/collectivites/extractions/DGFiP_2025_enseignement_postes_cles_budgets_principaux.csv;"niveau=Régions et CTU;perimetre=collèges (CTU : Corse, Guyane, Martinique);poste=655112/655122"
dgfip.prive.Communes (y.c. Paris).collèges-lycées (cas particuliers : Paris, Métropole de Lyon);20600000.0;data/raw/collectivites/extractions/DGFiP_2025_enseignement_postes_cles_budgets_principaux.csv;"niveau=Communes (y.c. Paris);perimetre=collèges-lycées (cas particuliers : Paris, Métropole de Lyon);poste=655112/655122"
dgfip.prive.GFP (y.c. Métropole de Lyon, EPT).collèges-lycées (cas particuliers : Paris, Métropole de Lyon);9300000.0;data/raw/collectivites/extractions/DGFiP_2025_enseignement_postes_cles_budgets_principaux.csv;"niveau=GFP (y.c. Métropole de Lyon, EPT);perimetre=collèges-lycées (cas particuliers : Paris, Métropole de Lyon);poste=655112/655122"
dgfip.Régions et CTU.lycées;7337800000.0;data/raw/collectivites/extractions/DGFiP_2025_enseignement_synthese_niveau_perimetre_BP.csv;"niveau=Régions et CTU;perimetre=lycées"
dgfip.regions.sousfonction_223;578579999.9999999;data/raw/collectivites/extractions/DGFiP_2025_enseignement_niveau_sousfonction_nature.csv;"niveau=Régions et CTU;perimetre=lycées;sous_fonction=223 Lycées privés"
dgfip.6067.part_ecoles;0.911455108359133;data/raw/collectivites/extractions/DGFiP_2025_enseignement_postes_cles_budgets_principaux.csv;"poste=Fournitures scolaires (6067);perimetre=écoles (1er degré) / tous périmètres"
