poste;annee;montant;unite;statut;source_emplacement;remarque
Dépense fiscale 110215 - Réduction d'impôt pour frais de scolarité dans l'enseignement secondaire (rattachée à titre principal au P230, subsidiaire P143);2025;229000000.0;euros (chiffrage en M€ arrondi);chiffrage 2025 actualisé (provisoire);"PLRG 2025 ListDepFisc-PLRN-2025.csv, ligne 110215 (221 définitif 2024 / 224 initial 2025 / 229 actualisé 2025) ; NEB 2025 Cour des comptes, tableau 29 p.69";"Seule dépense fiscale rattachée à titre principal à la mission ; 61 EUR par collégien, 153 EUR par lycéen"
Dépense fiscale 110215 - idem, exercice 2024;2024;221000000.0;euros;définitif;"PLRG 2025 ListDepFisc ; NEB 2025 tableau 29";
"Dépenses fiscales rattachées à titre subsidiaire à la mission (120109 apprentis/stagiaires 533 M€ ; 120132 salaires des jeunes 314 M€ ; 730207 TVA cantines 174 M€)";2025;1021000000.0;euros;estimation provisoire;"NEB 2025 tableau 29 p.69 ; PLRG 2025 ListDepFisc";Pas spécifiques aux élèves du scolaire : à exclure d'un coût par élève (sauf éventuellement la TVA à taux réduit sur les cantines scolaires)
Prélèvement sur recettes - Dotation départementale d'équipement des collèges (DDEC, ligne 3112);2025;326316128.0;euros;exécuté;PLRG 2025 Annexe1-Etat_Recettes-2025.csv, ligne d'exécution 311201;"Versé aux départements ; montant figé depuis 2008 ; la dépense finale est réalisée par les collectivités (risque de double compte avec les dépenses des collectivités)"
Prélèvement sur recettes - Dotation régionale d'équipement scolaire (DRES, ligne 3113);2025;661186704.0;euros;exécuté;PLRG 2025 Annexe1-Etat_Recettes-2025.csv, ligne d'exécution 311301;"Versé aux régions (lycées) ; même remarque"
Prélèvement sur recettes - Dotation globale de construction et d'équipement scolaire (DGCES, ligne 3118);2025;2685550.0;euros;exécuté;PLRG 2025 Annexe1-Etat_Recettes-2025.csv, ligne d'exécution 311801;
Prélèvement sur recettes - Dotation spéciale pour le logement des instituteurs (DSI, ligne 3103);2025;2611157.0;euros;exécuté;PLRG 2025 Annexe1-Etat_Recettes-2025.csv, ligne d'exécution 310301;Résiduelle (instituteurs encore logés)
DDEC - évaluation LFI 2026;2026;326317000.0;euros;LFI (évaluation);Loi n° 2026-103 du 19/02/2026 (LFI 2026), art. 134-I (Légifrance);
DRES - évaluation LFI 2026;2026;661186000.0;euros;LFI (évaluation);LFI 2026, art. 134-I;
DGCES - évaluation LFI 2026;2026;2686000.0;euros;LFI (évaluation);LFI 2026, art. 134-I;
DSI - évaluation LFI 2026;2026;3575438.0;euros;LFI (évaluation);LFI 2026, art. 134-I;
DDEC - évaluation PLF 2027;2027;326317000.0;euros;PLF (évaluation);PLF 2027 (AN n° 3210), article 41, p.126;
DRES - évaluation PLF 2027;2027;661186000.0;euros;PLF (évaluation);PLF 2027, article 41, p.126;
DGD (P119, action 2) - compensation aux communes de l'instruction obligatoire à 3 ans (hors mission depuis 2025);2027;48480000.0;euros;PLF 2027;PAP 2027 Relations avec les collectivités territoriales, P119, p.36-37;"Transfert de 48,4 M€ du P230 vers le P119 en 2025 (NEB 2025 p.46) ; financé jusqu'en 2024 sur le P230 action 07"
Fonds de soutien au développement des activités périscolaires (FSDAP, fonds sans personnalité juridique géré par l'ASP) - campagne 2024-2025;2025;33600000.0;euros;exécuté (campagne 2024-2025);NEB 2025 Cour des comptes p.76 et schéma n°1 p.77;"Abondé depuis le P230 (20 M€ consommés en 2025 selon NEB p.46-47) : risque de double compte avec la mission ; fonds mis en extinction au 1/9/2025"
Fonds du plan de relance complétant des actions PIA (selon la Cour);2025;14400000.0;euros;estimation Cour des comptes;"NEB 2025 p.77 (texte) ; schéma n°1 p.77 : 14 M€";"Montant identique à celui de la NEB 2024 : possible reprise du texte 2024 ; à manier avec prudence"
Fonds de concours et attributions de produits rattachés à la mission (CP);2025;38467417.59;euros;exécuté;"PLRG 2025 Annexe1-Etat_CP-2025.csv (colonne FDC_et_ADP, somme des lignes MIES) ; NEB 2025 : 34,7 M€ de FdC hors reports (p.75), 34,2 M€ (schéma p.77)";DÉJÀ INCLUS dans l'exécution du RAP (consommations y.c. FdC et AdP) : ne pas ajouter
DGD (P119, action 02, sous-action 0119-02-11) - accompagnement financier de l'instruction obligatoire à 3 ans : exécution 2025 (transfert de crédits du P230);2025;48400000.0;euros (arrondi à 0,1 M€);exécuté;"RAP 2025 Relations avec les collectivités territoriales p.30 et p.36 ; RAP 2025 Enseignement scolaire p.187 ; NEB 2025 p.46";"Le RAP RCT cite 48,1 M€ (p.30) et 48,4 M€ (p.36) ; transfert aux communes : double compte avec leurs dépenses"
P304 (Solidarité), action 23 - tarification sociale des cantines (« cantine à 1 € »), versée aux communes via l'ASP;2025;78157138.0;euros;exécuté (CP);RAP 2025 Solidarité, insertion et égalité des chances, p.68 (tableau par destination) et p.69-70;"Transfert aux communes : double compte avec les dépenses de restauration scolaire des communes ; 19 M de repas en 2024-2025"
P304 (Solidarité) - petits déjeuners à l'école, transférés en gestion au P230;2025;17900000.0;euros (arrondi);exécuté sur le P230;"RAP 2025 Solidarité p.67 et p.69 ; RAP 2025 Enseignement scolaire p.176 (18 053 336 € exécutés sur le P230)";DÉJÀ INCLUS dans l'exécution de la MIES : ne pas ajouter
P304 (Solidarité) - livres scolaires à Mayotte et médiateurs scolaires en Guyane;2025;4200000.0;euros (arrondi);exécuté (CP);RAP 2025 Solidarité p.70;4,8 M€ en AE
P119 (RCT), action 01 - plan « Marseille en grand », subvention à la rénovation des écoles de Marseille;2025;40100000.0;euros (arrondi);exécuté (CP);RAP 2025 Relations avec les collectivités territoriales p.34-35;Transfert à la commune : double compte avec ses dépenses d'investissement scolaire
P119 - DETR, DPV, DSIL, DSID : subventions accordées à des projets « domaine scolaire et jeunesse » (écoles, collèges, cantines, petite enfance, centres de loisirs);2024;517000000.0;euros (arrondi au M€);subventions accordées (engagements), pas des décaissements;DGCL, Les dotations de soutien à l'investissement des collectivités territoriales en 2024 (oct. 2025), § II.2, tableau 10 p.12;"3 681 projets, 3 217 M€ HT d'investissements ; périmètre plus large que l'école ; transfert aux collectivités (double compte avec leurs dépenses) ; bilan 2025 non publié au 04/10/2026"
"P123 (Outre-mer) - dotations scolaires en DROM : DSCEES Mayotte 3,19 M€ ; équipement scolaire 1er degré Guyane 10,85 M€ ; construction et équipement des lycées et collèges de Guyane 29,32 M€";2025;43360000.0;euros (somme d'arrondis);exécuté (CP);RAP 2025 Outre-mer p.129-130;Transferts aux collectivités (double compte avec leurs investissements)
"P123 (Outre-mer) - Nouvelle-Calédonie : DGCEC 11,16 M€ ; fonds de reconstruction après les émeutes de 2024 33,15 M€ CP (projets scolaires et autres)";2025;11160000.0;euros (DGCEC seule, arrondi);exécuté;RAP 2025 Outre-mer p.130-131;COM : hors champ « France » (métropole + DROM)
"P147 (Politique de la ville), action 01 - pilier « éducation » des contrats de ville : programme de réussite éducative 63,2 M€ ; cités éducatives 80,1 M€ ; soutien à la scolarité 11,9 M€ ; persévérance scolaire 6,5 M€";2025;161700000.0;euros (arrondi);exécuté;RAP 2025 Cohésion des territoires p.237-238;Largement périscolaire ou extrascolaire (enfants de 2 à 16 ans pour le PRE) : à mentionner, inclusion discutable dans un coût par élève
Défense (P178 et P212) - coût complet de fonctionnement des 6 lycées de la défense (4 390 élèves dont 1 473 en CPGE/CPES/BTS);2024;142500000.0;euros (estimation, arrondi à 0,1 M€);estimation de la Cour des comptes;"Cour des comptes, Les lycées de la défense (02/02/2026), tableau 19 p.65 ; coût moyen 32 400 €/élève p.68";"Hors investissements (plan lycées 234 M€ sur 2018-2030) ; la synthèse du rapport arrondit à 144 M€ ; classé « autres ministères » par la DEPP"
Compte de l'éducation (DEPP) - « autres ministères » finançant les activités d'enseignement du 1er degré (financeur final);2024;161000000.0;euros (M€ arrondis);provisoire;RERS 2026, fiche 10.02, tableau 4, p.411 imprimée = p.5 du PDF;"Y c. reste du monde ; 2nd degré : 1 582 M€ (y c. Agriculture, déjà dans la mission via le P143)"
