fiche;tableau;ligne;financeur;valeur;unite;annee;statut;champ;emplacement;remarque
10.02;Structure de la DIE par financeur final et initial en 2024 (%);Part dans le financement initial;Total État;55.2;% de la DIE;2024;provisoire (2024p);France (métropole + DROM);DEPP, RERS 2026, chapitre 10 (DEPP_RERS2026_chapitre10_budgets_couts_financements.pdf), fiche 10.02, p.411 imprimée = p.5 du PDF;
10.02;Structure de la DIE par financeur final et initial en 2024 (%);Part dans le financement final;Total État;53.1;% de la DIE;2024;provisoire (2024p);France (métropole + DROM);DEPP, RERS 2026, chapitre 10 (DEPP_RERS2026_chapitre10_budgets_couts_financements.pdf), fiche 10.02, p.411 imprimée = p.5 du PDF;
10.02;Structure de la DIE par financeur final et initial en 2024 (%);Part dans le financement initial;Éducation nationale (MEN + enseignement supérieur et recherche);51.6;% de la DIE;2024;provisoire (2024p);France (métropole + DROM);DEPP, RERS 2026, chapitre 10 (DEPP_RERS2026_chapitre10_budgets_couts_financements.pdf), fiche 10.02, p.411 imprimée = p.5 du PDF;
10.02;Structure de la DIE par financeur final et initial en 2024 (%);Part dans le financement final;Éducation nationale (MEN + enseignement supérieur et recherche);49.7;% de la DIE;2024;provisoire (2024p);France (métropole + DROM);DEPP, RERS 2026, chapitre 10 (DEPP_RERS2026_chapitre10_budgets_couts_financements.pdf), fiche 10.02, p.411 imprimée = p.5 du PDF;
10.02;Structure de la DIE par financeur final et initial en 2024 (%);Part dans le financement initial;Autres ministères (y c. reste du monde);3.6;% de la DIE;2024;provisoire (2024p);France (métropole + DROM);DEPP, RERS 2026, chapitre 10 (DEPP_RERS2026_chapitre10_budgets_couts_financements.pdf), fiche 10.02, p.411 imprimée = p.5 du PDF;
10.02;Structure de la DIE par financeur final et initial en 2024 (%);Part dans le financement final;Autres ministères (y c. reste du monde);3.3;% de la DIE;2024;provisoire (2024p);France (métropole + DROM);DEPP, RERS 2026, chapitre 10 (DEPP_RERS2026_chapitre10_budgets_couts_financements.pdf), fiche 10.02, p.411 imprimée = p.5 du PDF;
10.02;Structure de la DIE par financeur final et initial en 2024 (%);Part dans le financement initial;Collectivités territoriales;23.0;% de la DIE;2024;provisoire (2024p);France (métropole + DROM);DEPP, RERS 2026, chapitre 10 (DEPP_RERS2026_chapitre10_budgets_couts_financements.pdf), fiche 10.02, p.411 imprimée = p.5 du PDF;
10.02;Structure de la DIE par financeur final et initial en 2024 (%);Part dans le financement final;Collectivités territoriales;22.9;% de la DIE;2024;provisoire (2024p);France (métropole + DROM);DEPP, RERS 2026, chapitre 10 (DEPP_RERS2026_chapitre10_budgets_couts_financements.pdf), fiche 10.02, p.411 imprimée = p.5 du PDF;
10.02;Structure de la DIE par financeur final et initial en 2024 (%);Part dans le financement initial;Autres administrations publiques (CNAF…);3.8;% de la DIE;2024;provisoire (2024p);France (métropole + DROM);DEPP, RERS 2026, chapitre 10 (DEPP_RERS2026_chapitre10_budgets_couts_financements.pdf), fiche 10.02, p.411 imprimée = p.5 du PDF;
10.02;Structure de la DIE par financeur final et initial en 2024 (%);Part dans le financement final;Autres administrations publiques (CNAF…);2.9;% de la DIE;2024;provisoire (2024p);France (métropole + DROM);DEPP, RERS 2026, chapitre 10 (DEPP_RERS2026_chapitre10_budgets_couts_financements.pdf), fiche 10.02, p.411 imprimée = p.5 du PDF;
10.02;Structure de la DIE par financeur final et initial en 2024 (%);Part dans le financement initial;Ménages;7.7;% de la DIE;2024;provisoire (2024p);France (métropole + DROM);DEPP, RERS 2026, chapitre 10 (DEPP_RERS2026_chapitre10_budgets_couts_financements.pdf), fiche 10.02, p.411 imprimée = p.5 du PDF;
10.02;Structure de la DIE par financeur final et initial en 2024 (%);Part dans le financement final;Ménages;10.9;% de la DIE;2024;provisoire (2024p);France (métropole + DROM);DEPP, RERS 2026, chapitre 10 (DEPP_RERS2026_chapitre10_budgets_couts_financements.pdf), fiche 10.02, p.411 imprimée = p.5 du PDF;
10.02;Structure de la DIE par financeur final et initial en 2024 (%);Part dans le financement initial;Entreprises et autres financeurs privés;10.3;% de la DIE;2024;provisoire (2024p);France (métropole + DROM);DEPP, RERS 2026, chapitre 10 (DEPP_RERS2026_chapitre10_budgets_couts_financements.pdf), fiche 10.02, p.411 imprimée = p.5 du PDF;
10.02;Structure de la DIE par financeur final et initial en 2024 (%);Part dans le financement final;Entreprises et autres financeurs privés;10.3;% de la DIE;2024;provisoire (2024p);France (métropole + DROM);DEPP, RERS 2026, chapitre 10 (DEPP_RERS2026_chapitre10_budgets_couts_financements.pdf), fiche 10.02, p.411 imprimée = p.5 du PDF;
10.02;Structure de la DIE par financeur final et initial en 2024 (%);Part publique (État + collectivités + autres APU), financement initial;Total public (calcul);82.0;% de la DIE;2024;provisoire (2024p);France (métropole + DROM);DEPP, RERS 2026, chapitre 10 (DEPP_RERS2026_chapitre10_budgets_couts_financements.pdf), fiche 10.02, p.411 imprimée = p.5 du PDF;"calcul : somme des parts publiées ; financement initial (avant transferts des bourses et de l'ARS vers les ménages)"
10.02;Structure de la DIE par financeur final et initial en 2024 (%);Part publique (État + collectivités + autres APU), financement final;Total public (calcul);78.9;% de la DIE;2024;provisoire (2024p);France (métropole + DROM);DEPP, RERS 2026, chapitre 10 (DEPP_RERS2026_chapitre10_budgets_couts_financements.pdf), fiche 10.02, p.411 imprimée = p.5 du PDF;calcul : somme des parts publiées
10.02;Le financement des activités d'éducation en 2024 (dépenses totales des financeurs finals, M€);Premier degré (activités d'enseignement);Total État;30382;M€ courants;2024;provisoire (2024p);France (métropole + DROM);DEPP, RERS 2026, chapitre 10 (DEPP_RERS2026_chapitre10_budgets_couts_financements.pdf), fiche 10.02, p.411 imprimée = p.5 du PDF;"financement FINAL ; les activités annexes et l'administration générale ne sont pas ventilées par niveau dans ce tableau"
10.02;Le financement des activités d'éducation en 2024 (dépenses totales des financeurs finals, M€);Premier degré (activités d'enseignement);Éducation nationale;30220;M€ courants;2024;provisoire (2024p);France (métropole + DROM);DEPP, RERS 2026, chapitre 10 (DEPP_RERS2026_chapitre10_budgets_couts_financements.pdf), fiche 10.02, p.411 imprimée = p.5 du PDF;"financement FINAL ; les activités annexes et l'administration générale ne sont pas ventilées par niveau dans ce tableau"
10.02;Le financement des activités d'éducation en 2024 (dépenses totales des financeurs finals, M€);Premier degré (activités d'enseignement);Autres ministères (y c. reste du monde);161;M€ courants;2024;provisoire (2024p);France (métropole + DROM);DEPP, RERS 2026, chapitre 10 (DEPP_RERS2026_chapitre10_budgets_couts_financements.pdf), fiche 10.02, p.411 imprimée = p.5 du PDF;"financement FINAL ; les activités annexes et l'administration générale ne sont pas ventilées par niveau dans ce tableau"
10.02;Le financement des activités d'éducation en 2024 (dépenses totales des financeurs finals, M€);Premier degré (activités d'enseignement);Collectivités territoriales;16684;M€ courants;2024;provisoire (2024p);France (métropole + DROM);DEPP, RERS 2026, chapitre 10 (DEPP_RERS2026_chapitre10_budgets_couts_financements.pdf), fiche 10.02, p.411 imprimée = p.5 du PDF;"financement FINAL ; les activités annexes et l'administration générale ne sont pas ventilées par niveau dans ce tableau"
10.02;Le financement des activités d'éducation en 2024 (dépenses totales des financeurs finals, M€);Premier degré (activités d'enseignement);Autres administrations publiques;9;M€ courants;2024;provisoire (2024p);France (métropole + DROM);DEPP, RERS 2026, chapitre 10 (DEPP_RERS2026_chapitre10_budgets_couts_financements.pdf), fiche 10.02, p.411 imprimée = p.5 du PDF;"financement FINAL ; les activités annexes et l'administration générale ne sont pas ventilées par niveau dans ce tableau"
10.02;Le financement des activités d'éducation en 2024 (dépenses totales des financeurs finals, M€);Premier degré (activités d'enseignement);Ménages;1119;M€ courants;2024;provisoire (2024p);France (métropole + DROM);DEPP, RERS 2026, chapitre 10 (DEPP_RERS2026_chapitre10_budgets_couts_financements.pdf), fiche 10.02, p.411 imprimée = p.5 du PDF;"financement FINAL ; les activités annexes et l'administration générale ne sont pas ventilées par niveau dans ce tableau"
10.02;Le financement des activités d'éducation en 2024 (dépenses totales des financeurs finals, M€);Premier degré (activités d'enseignement);Entreprises et autres financeurs privés;1;M€ courants;2024;provisoire (2024p);France (métropole + DROM);DEPP, RERS 2026, chapitre 10 (DEPP_RERS2026_chapitre10_budgets_couts_financements.pdf), fiche 10.02, p.411 imprimée = p.5 du PDF;"financement FINAL ; les activités annexes et l'administration générale ne sont pas ventilées par niveau dans ce tableau"
10.02;Le financement des activités d'éducation en 2024 (dépenses totales des financeurs finals, M€);Premier degré (activités d'enseignement);Total général;48195;M€ courants;2024;provisoire (2024p);France (métropole + DROM);DEPP, RERS 2026, chapitre 10 (DEPP_RERS2026_chapitre10_budgets_couts_financements.pdf), fiche 10.02, p.411 imprimée = p.5 du PDF;"financement FINAL ; les activités annexes et l'administration générale ne sont pas ventilées par niveau dans ce tableau"
10.02;Le financement des activités d'éducation en 2024 (dépenses totales des financeurs finals, M€);Second degré (activités d'enseignement);Total État;43541;M€ courants;2024;provisoire (2024p);France (métropole + DROM);DEPP, RERS 2026, chapitre 10 (DEPP_RERS2026_chapitre10_budgets_couts_financements.pdf), fiche 10.02, p.411 imprimée = p.5 du PDF;"financement FINAL ; les activités annexes et l'administration générale ne sont pas ventilées par niveau dans ce tableau"
10.02;Le financement des activités d'éducation en 2024 (dépenses totales des financeurs finals, M€);Second degré (activités d'enseignement);Éducation nationale;41959;M€ courants;2024;provisoire (2024p);France (métropole + DROM);DEPP, RERS 2026, chapitre 10 (DEPP_RERS2026_chapitre10_budgets_couts_financements.pdf), fiche 10.02, p.411 imprimée = p.5 du PDF;"financement FINAL ; les activités annexes et l'administration générale ne sont pas ventilées par niveau dans ce tableau"
10.02;Le financement des activités d'éducation en 2024 (dépenses totales des financeurs finals, M€);Second degré (activités d'enseignement);Autres ministères (y c. reste du monde);1582;M€ courants;2024;provisoire (2024p);France (métropole + DROM);DEPP, RERS 2026, chapitre 10 (DEPP_RERS2026_chapitre10_budgets_couts_financements.pdf), fiche 10.02, p.411 imprimée = p.5 du PDF;"financement FINAL ; les activités annexes et l'administration générale ne sont pas ventilées par niveau dans ce tableau"
10.02;Le financement des activités d'éducation en 2024 (dépenses totales des financeurs finals, M€);Second degré (activités d'enseignement);Collectivités territoriales;12120;M€ courants;2024;provisoire (2024p);France (métropole + DROM);DEPP, RERS 2026, chapitre 10 (DEPP_RERS2026_chapitre10_budgets_couts_financements.pdf), fiche 10.02, p.411 imprimée = p.5 du PDF;"financement FINAL ; les activités annexes et l'administration générale ne sont pas ventilées par niveau dans ce tableau"
10.02;Le financement des activités d'éducation en 2024 (dépenses totales des financeurs finals, M€);Second degré (activités d'enseignement);Autres administrations publiques;129;M€ courants;2024;provisoire (2024p);France (métropole + DROM);DEPP, RERS 2026, chapitre 10 (DEPP_RERS2026_chapitre10_budgets_couts_financements.pdf), fiche 10.02, p.411 imprimée = p.5 du PDF;"financement FINAL ; les activités annexes et l'administration générale ne sont pas ventilées par niveau dans ce tableau"
10.02;Le financement des activités d'éducation en 2024 (dépenses totales des financeurs finals, M€);Second degré (activités d'enseignement);Ménages;1940;M€ courants;2024;provisoire (2024p);France (métropole + DROM);DEPP, RERS 2026, chapitre 10 (DEPP_RERS2026_chapitre10_budgets_couts_financements.pdf), fiche 10.02, p.411 imprimée = p.5 du PDF;"financement FINAL ; les activités annexes et l'administration générale ne sont pas ventilées par niveau dans ce tableau"
10.02;Le financement des activités d'éducation en 2024 (dépenses totales des financeurs finals, M€);Second degré (activités d'enseignement);Entreprises et autres financeurs privés;3208;M€ courants;2024;provisoire (2024p);France (métropole + DROM);DEPP, RERS 2026, chapitre 10 (DEPP_RERS2026_chapitre10_budgets_couts_financements.pdf), fiche 10.02, p.411 imprimée = p.5 du PDF;"financement FINAL ; les activités annexes et l'administration générale ne sont pas ventilées par niveau dans ce tableau"
10.02;Le financement des activités d'éducation en 2024 (dépenses totales des financeurs finals, M€);Second degré (activités d'enseignement);Total général;60938;M€ courants;2024;provisoire (2024p);France (métropole + DROM);DEPP, RERS 2026, chapitre 10 (DEPP_RERS2026_chapitre10_budgets_couts_financements.pdf), fiche 10.02, p.411 imprimée = p.5 du PDF;"financement FINAL ; les activités annexes et l'administration générale ne sont pas ventilées par niveau dans ce tableau"
10.02;Le financement des activités d'éducation en 2024 (dépenses totales des financeurs finals, M€);Enseignement supérieur (y c. recherche universitaire);Total État;20999;M€ courants;2024;provisoire (2024p);France (métropole + DROM);DEPP, RERS 2026, chapitre 10 (DEPP_RERS2026_chapitre10_budgets_couts_financements.pdf), fiche 10.02, p.411 imprimée = p.5 du PDF;"financement FINAL ; les activités annexes et l'administration générale ne sont pas ventilées par niveau dans ce tableau"
10.02;Le financement des activités d'éducation en 2024 (dépenses totales des financeurs finals, M€);Enseignement supérieur (y c. recherche universitaire);Éducation nationale;18456;M€ courants;2024;provisoire (2024p);France (métropole + DROM);DEPP, RERS 2026, chapitre 10 (DEPP_RERS2026_chapitre10_budgets_couts_financements.pdf), fiche 10.02, p.411 imprimée = p.5 du PDF;"financement FINAL ; les activités annexes et l'administration générale ne sont pas ventilées par niveau dans ce tableau"
10.02;Le financement des activités d'éducation en 2024 (dépenses totales des financeurs finals, M€);Enseignement supérieur (y c. recherche universitaire);Autres ministères (y c. reste du monde);2542;M€ courants;2024;provisoire (2024p);France (métropole + DROM);DEPP, RERS 2026, chapitre 10 (DEPP_RERS2026_chapitre10_budgets_couts_financements.pdf), fiche 10.02, p.411 imprimée = p.5 du PDF;"financement FINAL ; les activités annexes et l'administration générale ne sont pas ventilées par niveau dans ce tableau"
10.02;Le financement des activités d'éducation en 2024 (dépenses totales des financeurs finals, M€);Enseignement supérieur (y c. recherche universitaire);Collectivités territoriales;2926;M€ courants;2024;provisoire (2024p);France (métropole + DROM);DEPP, RERS 2026, chapitre 10 (DEPP_RERS2026_chapitre10_budgets_couts_financements.pdf), fiche 10.02, p.411 imprimée = p.5 du PDF;"financement FINAL ; les activités annexes et l'administration générale ne sont pas ventilées par niveau dans ce tableau"
10.02;Le financement des activités d'éducation en 2024 (dépenses totales des financeurs finals, M€);Enseignement supérieur (y c. recherche universitaire);Autres administrations publiques;1707;M€ courants;2024;provisoire (2024p);France (métropole + DROM);DEPP, RERS 2026, chapitre 10 (DEPP_RERS2026_chapitre10_budgets_couts_financements.pdf), fiche 10.02, p.411 imprimée = p.5 du PDF;"financement FINAL ; les activités annexes et l'administration générale ne sont pas ventilées par niveau dans ce tableau"
10.02;Le financement des activités d'éducation en 2024 (dépenses totales des financeurs finals, M€);Enseignement supérieur (y c. recherche universitaire);Ménages;4997;M€ courants;2024;provisoire (2024p);France (métropole + DROM);DEPP, RERS 2026, chapitre 10 (DEPP_RERS2026_chapitre10_budgets_couts_financements.pdf), fiche 10.02, p.411 imprimée = p.5 du PDF;"financement FINAL ; les activités annexes et l'administration générale ne sont pas ventilées par niveau dans ce tableau"
10.02;Le financement des activités d'éducation en 2024 (dépenses totales des financeurs finals, M€);Enseignement supérieur (y c. recherche universitaire);Entreprises et autres financeurs privés;9444;M€ courants;2024;provisoire (2024p);France (métropole + DROM);DEPP, RERS 2026, chapitre 10 (DEPP_RERS2026_chapitre10_budgets_couts_financements.pdf), fiche 10.02, p.411 imprimée = p.5 du PDF;"financement FINAL ; les activités annexes et l'administration générale ne sont pas ventilées par niveau dans ce tableau"
10.02;Le financement des activités d'éducation en 2024 (dépenses totales des financeurs finals, M€);Enseignement supérieur (y c. recherche universitaire);Total général;40072;M€ courants;2024;provisoire (2024p);France (métropole + DROM);DEPP, RERS 2026, chapitre 10 (DEPP_RERS2026_chapitre10_budgets_couts_financements.pdf), fiche 10.02, p.411 imprimée = p.5 du PDF;"financement FINAL ; les activités annexes et l'administration générale ne sont pas ventilées par niveau dans ce tableau"
10.02;Le financement des activités d'éducation en 2024 (dépenses totales des financeurs finals, M€);Enseignement de type extrascolaire;Total État;2048;M€ courants;2024;provisoire (2024p);France (métropole + DROM);DEPP, RERS 2026, chapitre 10 (DEPP_RERS2026_chapitre10_budgets_couts_financements.pdf), fiche 10.02, p.411 imprimée = p.5 du PDF;"financement FINAL ; les activités annexes et l'administration générale ne sont pas ventilées par niveau dans ce tableau"
10.02;Le financement des activités d'éducation en 2024 (dépenses totales des financeurs finals, M€);Enseignement de type extrascolaire;Éducation nationale;481;M€ courants;2024;provisoire (2024p);France (métropole + DROM);DEPP, RERS 2026, chapitre 10 (DEPP_RERS2026_chapitre10_budgets_couts_financements.pdf), fiche 10.02, p.411 imprimée = p.5 du PDF;"financement FINAL ; les activités annexes et l'administration générale ne sont pas ventilées par niveau dans ce tableau"
10.02;Le financement des activités d'éducation en 2024 (dépenses totales des financeurs finals, M€);Enseignement de type extrascolaire;Autres ministères (y c. reste du monde);1567;M€ courants;2024;provisoire (2024p);France (métropole + DROM);DEPP, RERS 2026, chapitre 10 (DEPP_RERS2026_chapitre10_budgets_couts_financements.pdf), fiche 10.02, p.411 imprimée = p.5 du PDF;"financement FINAL ; les activités annexes et l'administration générale ne sont pas ventilées par niveau dans ce tableau"
10.02;Le financement des activités d'éducation en 2024 (dépenses totales des financeurs finals, M€);Enseignement de type extrascolaire;Collectivités territoriales;4606;M€ courants;2024;provisoire (2024p);France (métropole + DROM);DEPP, RERS 2026, chapitre 10 (DEPP_RERS2026_chapitre10_budgets_couts_financements.pdf), fiche 10.02, p.411 imprimée = p.5 du PDF;"financement FINAL ; les activités annexes et l'administration générale ne sont pas ventilées par niveau dans ce tableau"
10.02;Le financement des activités d'éducation en 2024 (dépenses totales des financeurs finals, M€);Enseignement de type extrascolaire;Autres administrations publiques;3808;M€ courants;2024;provisoire (2024p);France (métropole + DROM);DEPP, RERS 2026, chapitre 10 (DEPP_RERS2026_chapitre10_budgets_couts_financements.pdf), fiche 10.02, p.411 imprimée = p.5 du PDF;"financement FINAL ; les activités annexes et l'administration générale ne sont pas ventilées par niveau dans ce tableau"
10.02;Le financement des activités d'éducation en 2024 (dépenses totales des financeurs finals, M€);Enseignement de type extrascolaire;Ménages;2820;M€ courants;2024;provisoire (2024p);France (métropole + DROM);DEPP, RERS 2026, chapitre 10 (DEPP_RERS2026_chapitre10_budgets_couts_financements.pdf), fiche 10.02, p.411 imprimée = p.5 du PDF;"financement FINAL ; les activités annexes et l'administration générale ne sont pas ventilées par niveau dans ce tableau"
10.02;Le financement des activités d'éducation en 2024 (dépenses totales des financeurs finals, M€);Enseignement de type extrascolaire;Entreprises et autres financeurs privés;7245;M€ courants;2024;provisoire (2024p);France (métropole + DROM);DEPP, RERS 2026, chapitre 10 (DEPP_RERS2026_chapitre10_budgets_couts_financements.pdf), fiche 10.02, p.411 imprimée = p.5 du PDF;"financement FINAL ; les activités annexes et l'administration générale ne sont pas ventilées par niveau dans ce tableau"
10.02;Le financement des activités d'éducation en 2024 (dépenses totales des financeurs finals, M€);Enseignement de type extrascolaire;Total général;20527;M€ courants;2024;provisoire (2024p);France (métropole + DROM);DEPP, RERS 2026, chapitre 10 (DEPP_RERS2026_chapitre10_budgets_couts_financements.pdf), fiche 10.02, p.411 imprimée = p.5 du PDF;"financement FINAL ; les activités annexes et l'administration générale ne sont pas ventilées par niveau dans ce tableau"
10.02;Le financement des activités d'éducation en 2024 (dépenses totales des financeurs finals, M€);Sous-total dépense intérieure d'enseignement;Total État;96969;M€ courants;2024;provisoire (2024p);France (métropole + DROM);DEPP, RERS 2026, chapitre 10 (DEPP_RERS2026_chapitre10_budgets_couts_financements.pdf), fiche 10.02, p.411 imprimée = p.5 du PDF;"financement FINAL ; les activités annexes et l'administration générale ne sont pas ventilées par niveau dans ce tableau"
10.02;Le financement des activités d'éducation en 2024 (dépenses totales des financeurs finals, M€);Sous-total dépense intérieure d'enseignement;Éducation nationale;91117;M€ courants;2024;provisoire (2024p);France (métropole + DROM);DEPP, RERS 2026, chapitre 10 (DEPP_RERS2026_chapitre10_budgets_couts_financements.pdf), fiche 10.02, p.411 imprimée = p.5 du PDF;"financement FINAL ; les activités annexes et l'administration générale ne sont pas ventilées par niveau dans ce tableau"
10.02;Le financement des activités d'éducation en 2024 (dépenses totales des financeurs finals, M€);Sous-total dépense intérieure d'enseignement;Autres ministères (y c. reste du monde);5853;M€ courants;2024;provisoire (2024p);France (métropole + DROM);DEPP, RERS 2026, chapitre 10 (DEPP_RERS2026_chapitre10_budgets_couts_financements.pdf), fiche 10.02, p.411 imprimée = p.5 du PDF;"financement FINAL ; les activités annexes et l'administration générale ne sont pas ventilées par niveau dans ce tableau"
10.02;Le financement des activités d'éducation en 2024 (dépenses totales des financeurs finals, M€);Sous-total dépense intérieure d'enseignement;Collectivités territoriales;36336;M€ courants;2024;provisoire (2024p);France (métropole + DROM);DEPP, RERS 2026, chapitre 10 (DEPP_RERS2026_chapitre10_budgets_couts_financements.pdf), fiche 10.02, p.411 imprimée = p.5 du PDF;"financement FINAL ; les activités annexes et l'administration générale ne sont pas ventilées par niveau dans ce tableau"
10.02;Le financement des activités d'éducation en 2024 (dépenses totales des financeurs finals, M€);Sous-total dépense intérieure d'enseignement;Autres administrations publiques;5653;M€ courants;2024;provisoire (2024p);France (métropole + DROM);DEPP, RERS 2026, chapitre 10 (DEPP_RERS2026_chapitre10_budgets_couts_financements.pdf), fiche 10.02, p.411 imprimée = p.5 du PDF;"financement FINAL ; les activités annexes et l'administration générale ne sont pas ventilées par niveau dans ce tableau"
10.02;Le financement des activités d'éducation en 2024 (dépenses totales des financeurs finals, M€);Sous-total dépense intérieure d'enseignement;Ménages;10876;M€ courants;2024;provisoire (2024p);France (métropole + DROM);DEPP, RERS 2026, chapitre 10 (DEPP_RERS2026_chapitre10_budgets_couts_financements.pdf), fiche 10.02, p.411 imprimée = p.5 du PDF;"financement FINAL ; les activités annexes et l'administration générale ne sont pas ventilées par niveau dans ce tableau"
10.02;Le financement des activités d'éducation en 2024 (dépenses totales des financeurs finals, M€);Sous-total dépense intérieure d'enseignement;Entreprises et autres financeurs privés;19897;M€ courants;2024;provisoire (2024p);France (métropole + DROM);DEPP, RERS 2026, chapitre 10 (DEPP_RERS2026_chapitre10_budgets_couts_financements.pdf), fiche 10.02, p.411 imprimée = p.5 du PDF;"financement FINAL ; les activités annexes et l'administration générale ne sont pas ventilées par niveau dans ce tableau"
10.02;Le financement des activités d'éducation en 2024 (dépenses totales des financeurs finals, M€);Sous-total dépense intérieure d'enseignement;Total général;169731;M€ courants;2024;provisoire (2024p);France (métropole + DROM);DEPP, RERS 2026, chapitre 10 (DEPP_RERS2026_chapitre10_budgets_couts_financements.pdf), fiche 10.02, p.411 imprimée = p.5 du PDF;"financement FINAL ; les activités annexes et l'administration générale ne sont pas ventilées par niveau dans ce tableau"
10.02;Le financement des activités d'éducation en 2024 (dépenses totales des financeurs finals, M€);Activités annexes : hébergement, restauration (tous niveaux);Total État;2443;M€ courants;2024;provisoire (2024p);France (métropole + DROM);DEPP, RERS 2026, chapitre 10 (DEPP_RERS2026_chapitre10_budgets_couts_financements.pdf), fiche 10.02, p.411 imprimée = p.5 du PDF;"financement FINAL ; les activités annexes et l'administration générale ne sont pas ventilées par niveau dans ce tableau"
10.02;Le financement des activités d'éducation en 2024 (dépenses totales des financeurs finals, M€);Activités annexes : hébergement, restauration (tous niveaux);Éducation nationale;2163;M€ courants;2024;provisoire (2024p);France (métropole + DROM);DEPP, RERS 2026, chapitre 10 (DEPP_RERS2026_chapitre10_budgets_couts_financements.pdf), fiche 10.02, p.411 imprimée = p.5 du PDF;"financement FINAL ; les activités annexes et l'administration générale ne sont pas ventilées par niveau dans ce tableau"
10.02;Le financement des activités d'éducation en 2024 (dépenses totales des financeurs finals, M€);Activités annexes : hébergement, restauration (tous niveaux);Autres ministères (y c. reste du monde);280;M€ courants;2024;provisoire (2024p);France (métropole + DROM);DEPP, RERS 2026, chapitre 10 (DEPP_RERS2026_chapitre10_budgets_couts_financements.pdf), fiche 10.02, p.411 imprimée = p.5 du PDF;"financement FINAL ; les activités annexes et l'administration générale ne sont pas ventilées par niveau dans ce tableau"
10.02;Le financement des activités d'éducation en 2024 (dépenses totales des financeurs finals, M€);Activités annexes : hébergement, restauration (tous niveaux);Collectivités territoriales;5929;M€ courants;2024;provisoire (2024p);France (métropole + DROM);DEPP, RERS 2026, chapitre 10 (DEPP_RERS2026_chapitre10_budgets_couts_financements.pdf), fiche 10.02, p.411 imprimée = p.5 du PDF;"financement FINAL ; les activités annexes et l'administration générale ne sont pas ventilées par niveau dans ce tableau"
10.02;Le financement des activités d'éducation en 2024 (dépenses totales des financeurs finals, M€);Activités annexes : hébergement, restauration (tous niveaux);Autres administrations publiques;12;M€ courants;2024;provisoire (2024p);France (métropole + DROM);DEPP, RERS 2026, chapitre 10 (DEPP_RERS2026_chapitre10_budgets_couts_financements.pdf), fiche 10.02, p.411 imprimée = p.5 du PDF;"financement FINAL ; les activités annexes et l'administration générale ne sont pas ventilées par niveau dans ce tableau"
10.02;Le financement des activités d'éducation en 2024 (dépenses totales des financeurs finals, M€);Activités annexes : hébergement, restauration (tous niveaux);Ménages;5719;M€ courants;2024;provisoire (2024p);France (métropole + DROM);DEPP, RERS 2026, chapitre 10 (DEPP_RERS2026_chapitre10_budgets_couts_financements.pdf), fiche 10.02, p.411 imprimée = p.5 du PDF;"financement FINAL ; les activités annexes et l'administration générale ne sont pas ventilées par niveau dans ce tableau"
10.02;Le financement des activités d'éducation en 2024 (dépenses totales des financeurs finals, M€);Activités annexes : hébergement, restauration (tous niveaux);Entreprises et autres financeurs privés;240;M€ courants;2024;provisoire (2024p);France (métropole + DROM);DEPP, RERS 2026, chapitre 10 (DEPP_RERS2026_chapitre10_budgets_couts_financements.pdf), fiche 10.02, p.411 imprimée = p.5 du PDF;"financement FINAL ; les activités annexes et l'administration générale ne sont pas ventilées par niveau dans ce tableau"
10.02;Le financement des activités d'éducation en 2024 (dépenses totales des financeurs finals, M€);Activités annexes : hébergement, restauration (tous niveaux);Total général;14342;M€ courants;2024;provisoire (2024p);France (métropole + DROM);DEPP, RERS 2026, chapitre 10 (DEPP_RERS2026_chapitre10_budgets_couts_financements.pdf), fiche 10.02, p.411 imprimée = p.5 du PDF;"financement FINAL ; les activités annexes et l'administration générale ne sont pas ventilées par niveau dans ce tableau"
10.02;Le financement des activités d'éducation en 2024 (dépenses totales des financeurs finals, M€);Activités annexes : médecine scolaire;Total État;905;M€ courants;2024;provisoire (2024p);France (métropole + DROM);DEPP, RERS 2026, chapitre 10 (DEPP_RERS2026_chapitre10_budgets_couts_financements.pdf), fiche 10.02, p.411 imprimée = p.5 du PDF;"financement FINAL ; les activités annexes et l'administration générale ne sont pas ventilées par niveau dans ce tableau"
10.02;Le financement des activités d'éducation en 2024 (dépenses totales des financeurs finals, M€);Activités annexes : médecine scolaire;Éducation nationale;905;M€ courants;2024;provisoire (2024p);France (métropole + DROM);DEPP, RERS 2026, chapitre 10 (DEPP_RERS2026_chapitre10_budgets_couts_financements.pdf), fiche 10.02, p.411 imprimée = p.5 du PDF;"financement FINAL ; les activités annexes et l'administration générale ne sont pas ventilées par niveau dans ce tableau"
10.02;Le financement des activités d'éducation en 2024 (dépenses totales des financeurs finals, M€);Activités annexes : médecine scolaire;Collectivités territoriales;18;M€ courants;2024;provisoire (2024p);France (métropole + DROM);DEPP, RERS 2026, chapitre 10 (DEPP_RERS2026_chapitre10_budgets_couts_financements.pdf), fiche 10.02, p.411 imprimée = p.5 du PDF;"financement FINAL ; les activités annexes et l'administration générale ne sont pas ventilées par niveau dans ce tableau"
10.02;Le financement des activités d'éducation en 2024 (dépenses totales des financeurs finals, M€);Activités annexes : médecine scolaire;Total général;923;M€ courants;2024;provisoire (2024p);France (métropole + DROM);DEPP, RERS 2026, chapitre 10 (DEPP_RERS2026_chapitre10_budgets_couts_financements.pdf), fiche 10.02, p.411 imprimée = p.5 du PDF;"financement FINAL ; les activités annexes et l'administration générale ne sont pas ventilées par niveau dans ce tableau"
10.02;Le financement des activités d'éducation en 2024 (dépenses totales des financeurs finals, M€);Activités annexes : orientation;Total État;322;M€ courants;2024;provisoire (2024p);France (métropole + DROM);DEPP, RERS 2026, chapitre 10 (DEPP_RERS2026_chapitre10_budgets_couts_financements.pdf), fiche 10.02, p.411 imprimée = p.5 du PDF;"financement FINAL ; les activités annexes et l'administration générale ne sont pas ventilées par niveau dans ce tableau"
10.02;Le financement des activités d'éducation en 2024 (dépenses totales des financeurs finals, M€);Activités annexes : orientation;Éducation nationale;322;M€ courants;2024;provisoire (2024p);France (métropole + DROM);DEPP, RERS 2026, chapitre 10 (DEPP_RERS2026_chapitre10_budgets_couts_financements.pdf), fiche 10.02, p.411 imprimée = p.5 du PDF;"financement FINAL ; les activités annexes et l'administration générale ne sont pas ventilées par niveau dans ce tableau"
10.02;Le financement des activités d'éducation en 2024 (dépenses totales des financeurs finals, M€);Activités annexes : orientation;Autres ministères (y c. reste du monde);0;M€ courants;2024;provisoire (2024p);France (métropole + DROM);DEPP, RERS 2026, chapitre 10 (DEPP_RERS2026_chapitre10_budgets_couts_financements.pdf), fiche 10.02, p.411 imprimée = p.5 du PDF;"financement FINAL ; les activités annexes et l'administration générale ne sont pas ventilées par niveau dans ce tableau"
10.02;Le financement des activités d'éducation en 2024 (dépenses totales des financeurs finals, M€);Activités annexes : orientation;Collectivités territoriales;16;M€ courants;2024;provisoire (2024p);France (métropole + DROM);DEPP, RERS 2026, chapitre 10 (DEPP_RERS2026_chapitre10_budgets_couts_financements.pdf), fiche 10.02, p.411 imprimée = p.5 du PDF;"financement FINAL ; les activités annexes et l'administration générale ne sont pas ventilées par niveau dans ce tableau"
10.02;Le financement des activités d'éducation en 2024 (dépenses totales des financeurs finals, M€);Activités annexes : orientation;Autres administrations publiques;4;M€ courants;2024;provisoire (2024p);France (métropole + DROM);DEPP, RERS 2026, chapitre 10 (DEPP_RERS2026_chapitre10_budgets_couts_financements.pdf), fiche 10.02, p.411 imprimée = p.5 du PDF;"financement FINAL ; les activités annexes et l'administration générale ne sont pas ventilées par niveau dans ce tableau"
10.02;Le financement des activités d'éducation en 2024 (dépenses totales des financeurs finals, M€);Activités annexes : orientation;Entreprises et autres financeurs privés;4;M€ courants;2024;provisoire (2024p);France (métropole + DROM);DEPP, RERS 2026, chapitre 10 (DEPP_RERS2026_chapitre10_budgets_couts_financements.pdf), fiche 10.02, p.411 imprimée = p.5 du PDF;"financement FINAL ; les activités annexes et l'administration générale ne sont pas ventilées par niveau dans ce tableau"
10.02;Le financement des activités d'éducation en 2024 (dépenses totales des financeurs finals, M€);Activités annexes : orientation;Total général;346;M€ courants;2024;provisoire (2024p);France (métropole + DROM);DEPP, RERS 2026, chapitre 10 (DEPP_RERS2026_chapitre10_budgets_couts_financements.pdf), fiche 10.02, p.411 imprimée = p.5 du PDF;"financement FINAL ; les activités annexes et l'administration générale ne sont pas ventilées par niveau dans ce tableau"
10.02;Le financement des activités d'éducation en 2024 (dépenses totales des financeurs finals, M€);Administration générale (tous niveaux);Total État;3979;M€ courants;2024;provisoire (2024p);France (métropole + DROM);DEPP, RERS 2026, chapitre 10 (DEPP_RERS2026_chapitre10_budgets_couts_financements.pdf), fiche 10.02, p.411 imprimée = p.5 du PDF;"financement FINAL ; les activités annexes et l'administration générale ne sont pas ventilées par niveau dans ce tableau"
10.02;Le financement des activités d'éducation en 2024 (dépenses totales des financeurs finals, M€);Administration générale (tous niveaux);Éducation nationale;3547;M€ courants;2024;provisoire (2024p);France (métropole + DROM);DEPP, RERS 2026, chapitre 10 (DEPP_RERS2026_chapitre10_budgets_couts_financements.pdf), fiche 10.02, p.411 imprimée = p.5 du PDF;"financement FINAL ; les activités annexes et l'administration générale ne sont pas ventilées par niveau dans ce tableau"
10.02;Le financement des activités d'éducation en 2024 (dépenses totales des financeurs finals, M€);Administration générale (tous niveaux);Autres ministères (y c. reste du monde);432;M€ courants;2024;provisoire (2024p);France (métropole + DROM);DEPP, RERS 2026, chapitre 10 (DEPP_RERS2026_chapitre10_budgets_couts_financements.pdf), fiche 10.02, p.411 imprimée = p.5 du PDF;"financement FINAL ; les activités annexes et l'administration générale ne sont pas ventilées par niveau dans ce tableau"
10.02;Le financement des activités d'éducation en 2024 (dépenses totales des financeurs finals, M€);Administration générale (tous niveaux);Collectivités territoriales;122;M€ courants;2024;provisoire (2024p);France (métropole + DROM);DEPP, RERS 2026, chapitre 10 (DEPP_RERS2026_chapitre10_budgets_couts_financements.pdf), fiche 10.02, p.411 imprimée = p.5 du PDF;"financement FINAL ; les activités annexes et l'administration générale ne sont pas ventilées par niveau dans ce tableau"
10.02;Le financement des activités d'éducation en 2024 (dépenses totales des financeurs finals, M€);Administration générale (tous niveaux);Autres administrations publiques;2;M€ courants;2024;provisoire (2024p);France (métropole + DROM);DEPP, RERS 2026, chapitre 10 (DEPP_RERS2026_chapitre10_budgets_couts_financements.pdf), fiche 10.02, p.411 imprimée = p.5 du PDF;"financement FINAL ; les activités annexes et l'administration générale ne sont pas ventilées par niveau dans ce tableau"
10.02;Le financement des activités d'éducation en 2024 (dépenses totales des financeurs finals, M€);Administration générale (tous niveaux);Ménages;11;M€ courants;2024;provisoire (2024p);France (métropole + DROM);DEPP, RERS 2026, chapitre 10 (DEPP_RERS2026_chapitre10_budgets_couts_financements.pdf), fiche 10.02, p.411 imprimée = p.5 du PDF;"financement FINAL ; les activités annexes et l'administration générale ne sont pas ventilées par niveau dans ce tableau"
10.02;Le financement des activités d'éducation en 2024 (dépenses totales des financeurs finals, M€);Administration générale (tous niveaux);Entreprises et autres financeurs privés;185;M€ courants;2024;provisoire (2024p);France (métropole + DROM);DEPP, RERS 2026, chapitre 10 (DEPP_RERS2026_chapitre10_budgets_couts_financements.pdf), fiche 10.02, p.411 imprimée = p.5 du PDF;"financement FINAL ; les activités annexes et l'administration générale ne sont pas ventilées par niveau dans ce tableau"
10.02;Le financement des activités d'éducation en 2024 (dépenses totales des financeurs finals, M€);Administration générale (tous niveaux);Total général;4299;M€ courants;2024;provisoire (2024p);France (métropole + DROM);DEPP, RERS 2026, chapitre 10 (DEPP_RERS2026_chapitre10_budgets_couts_financements.pdf), fiche 10.02, p.411 imprimée = p.5 du PDF;"financement FINAL ; les activités annexes et l'administration générale ne sont pas ventilées par niveau dans ce tableau"
10.02;Le financement des activités d'éducation en 2024 (dépenses totales des financeurs finals, M€);Achats liés : transports scolaires;Collectivités territoriales;2485;M€ courants;2024;provisoire (2024p);France (métropole + DROM);DEPP, RERS 2026, chapitre 10 (DEPP_RERS2026_chapitre10_budgets_couts_financements.pdf), fiche 10.02, p.411 imprimée = p.5 du PDF;"financement FINAL ; les activités annexes et l'administration générale ne sont pas ventilées par niveau dans ce tableau"
10.02;Le financement des activités d'éducation en 2024 (dépenses totales des financeurs finals, M€);Achats liés : transports scolaires;Ménages;653;M€ courants;2024;provisoire (2024p);France (métropole + DROM);DEPP, RERS 2026, chapitre 10 (DEPP_RERS2026_chapitre10_budgets_couts_financements.pdf), fiche 10.02, p.411 imprimée = p.5 du PDF;"financement FINAL ; les activités annexes et l'administration générale ne sont pas ventilées par niveau dans ce tableau"
10.02;Le financement des activités d'éducation en 2024 (dépenses totales des financeurs finals, M€);Achats liés : transports scolaires;Total général;3137;M€ courants;2024;provisoire (2024p);France (métropole + DROM);DEPP, RERS 2026, chapitre 10 (DEPP_RERS2026_chapitre10_budgets_couts_financements.pdf), fiche 10.02, p.411 imprimée = p.5 du PDF;"financement FINAL ; les activités annexes et l'administration générale ne sont pas ventilées par niveau dans ce tableau"
10.02;Le financement des activités d'éducation en 2024 (dépenses totales des financeurs finals, M€);Achats liés : fournitures et livres scolaires;Collectivités territoriales;186;M€ courants;2024;provisoire (2024p);France (métropole + DROM);DEPP, RERS 2026, chapitre 10 (DEPP_RERS2026_chapitre10_budgets_couts_financements.pdf), fiche 10.02, p.411 imprimée = p.5 du PDF;"financement FINAL ; les activités annexes et l'administration générale ne sont pas ventilées par niveau dans ce tableau"
10.02;Le financement des activités d'éducation en 2024 (dépenses totales des financeurs finals, M€);Achats liés : fournitures et livres scolaires;Ménages;3172;M€ courants;2024;provisoire (2024p);France (métropole + DROM);DEPP, RERS 2026, chapitre 10 (DEPP_RERS2026_chapitre10_budgets_couts_financements.pdf), fiche 10.02, p.411 imprimée = p.5 du PDF;"financement FINAL ; les activités annexes et l'administration générale ne sont pas ventilées par niveau dans ce tableau"
10.02;Le financement des activités d'éducation en 2024 (dépenses totales des financeurs finals, M€);Achats liés : fournitures et livres scolaires;Total général;3357;M€ courants;2024;provisoire (2024p);France (métropole + DROM);DEPP, RERS 2026, chapitre 10 (DEPP_RERS2026_chapitre10_budgets_couts_financements.pdf), fiche 10.02, p.411 imprimée = p.5 du PDF;"financement FINAL ; les activités annexes et l'administration générale ne sont pas ventilées par niveau dans ce tableau"
10.02;Le financement des activités d'éducation en 2024 (dépenses totales des financeurs finals, M€);Achats liés : habillement, leçons particulières;Ménages;964;M€ courants;2024;provisoire (2024p);France (métropole + DROM);DEPP, RERS 2026, chapitre 10 (DEPP_RERS2026_chapitre10_budgets_couts_financements.pdf), fiche 10.02, p.411 imprimée = p.5 du PDF;"financement FINAL ; les activités annexes et l'administration générale ne sont pas ventilées par niveau dans ce tableau"
10.02;Le financement des activités d'éducation en 2024 (dépenses totales des financeurs finals, M€);Achats liés : habillement, leçons particulières;Total général;964;M€ courants;2024;provisoire (2024p);France (métropole + DROM);DEPP, RERS 2026, chapitre 10 (DEPP_RERS2026_chapitre10_budgets_couts_financements.pdf), fiche 10.02, p.411 imprimée = p.5 du PDF;"financement FINAL ; les activités annexes et l'administration générale ne sont pas ventilées par niveau dans ce tableau"
10.02;Le financement des activités d'éducation en 2024 (dépenses totales des financeurs finals, M€);Ensemble de la dépense intérieure d'éducation;Total État;104618;M€ courants;2024;provisoire (2024p);France (métropole + DROM);DEPP, RERS 2026, chapitre 10 (DEPP_RERS2026_chapitre10_budgets_couts_financements.pdf), fiche 10.02, p.411 imprimée = p.5 du PDF;"financement FINAL ; les activités annexes et l'administration générale ne sont pas ventilées par niveau dans ce tableau"
10.02;Le financement des activités d'éducation en 2024 (dépenses totales des financeurs finals, M€);Ensemble de la dépense intérieure d'éducation;Éducation nationale;98054;M€ courants;2024;provisoire (2024p);France (métropole + DROM);DEPP, RERS 2026, chapitre 10 (DEPP_RERS2026_chapitre10_budgets_couts_financements.pdf), fiche 10.02, p.411 imprimée = p.5 du PDF;"financement FINAL ; les activités annexes et l'administration générale ne sont pas ventilées par niveau dans ce tableau"
10.02;Le financement des activités d'éducation en 2024 (dépenses totales des financeurs finals, M€);Ensemble de la dépense intérieure d'éducation;Autres ministères (y c. reste du monde);6564;M€ courants;2024;provisoire (2024p);France (métropole + DROM);DEPP, RERS 2026, chapitre 10 (DEPP_RERS2026_chapitre10_budgets_couts_financements.pdf), fiche 10.02, p.411 imprimée = p.5 du PDF;"financement FINAL ; les activités annexes et l'administration générale ne sont pas ventilées par niveau dans ce tableau"
10.02;Le financement des activités d'éducation en 2024 (dépenses totales des financeurs finals, M€);Ensemble de la dépense intérieure d'éducation;Collectivités territoriales;45091;M€ courants;2024;provisoire (2024p);France (métropole + DROM);DEPP, RERS 2026, chapitre 10 (DEPP_RERS2026_chapitre10_budgets_couts_financements.pdf), fiche 10.02, p.411 imprimée = p.5 du PDF;"financement FINAL ; les activités annexes et l'administration générale ne sont pas ventilées par niveau dans ce tableau"
10.02;Le financement des activités d'éducation en 2024 (dépenses totales des financeurs finals, M€);Ensemble de la dépense intérieure d'éducation;Autres administrations publiques;5671;M€ courants;2024;provisoire (2024p);France (métropole + DROM);DEPP, RERS 2026, chapitre 10 (DEPP_RERS2026_chapitre10_budgets_couts_financements.pdf), fiche 10.02, p.411 imprimée = p.5 du PDF;"financement FINAL ; les activités annexes et l'administration générale ne sont pas ventilées par niveau dans ce tableau"
10.02;Le financement des activités d'éducation en 2024 (dépenses totales des financeurs finals, M€);Ensemble de la dépense intérieure d'éducation;Ménages;21394;M€ courants;2024;provisoire (2024p);France (métropole + DROM);DEPP, RERS 2026, chapitre 10 (DEPP_RERS2026_chapitre10_budgets_couts_financements.pdf), fiche 10.02, p.411 imprimée = p.5 du PDF;"financement FINAL ; les activités annexes et l'administration générale ne sont pas ventilées par niveau dans ce tableau"
10.02;Le financement des activités d'éducation en 2024 (dépenses totales des financeurs finals, M€);Ensemble de la dépense intérieure d'éducation;Entreprises et autres financeurs privés;20325;M€ courants;2024;provisoire (2024p);France (métropole + DROM);DEPP, RERS 2026, chapitre 10 (DEPP_RERS2026_chapitre10_budgets_couts_financements.pdf), fiche 10.02, p.411 imprimée = p.5 du PDF;"financement FINAL ; les activités annexes et l'administration générale ne sont pas ventilées par niveau dans ce tableau"
10.02;Le financement des activités d'éducation en 2024 (dépenses totales des financeurs finals, M€);Ensemble de la dépense intérieure d'éducation;Total général;197099;M€ courants;2024;provisoire (2024p);France (métropole + DROM);DEPP, RERS 2026, chapitre 10 (DEPP_RERS2026_chapitre10_budgets_couts_financements.pdf), fiche 10.02, p.411 imprimée = p.5 du PDF;"financement FINAL ; les activités annexes et l'administration générale ne sont pas ventilées par niveau dans ce tableau"
10.04;Financement des producteurs d'éducation en 2024 - dépenses totales des financeurs finals (M€);Établissements publics : écoles maternelles et élémentaires (y c. primaires);Éducation nationale;28137;M€ courants;2024;provisoire (2024p);France (métropole + DROM);DEPP, RERS 2026, chapitre 10 (DEPP_RERS2026_chapitre10_budgets_couts_financements.pdf), fiche 10.04, p.415 imprimée = p.9 du PDF;"les collèges et lycées incluent les formations post-bac (CPGE, STS) des lycées ; les cellules vides du PDF ne sont pas reprises"
10.04;Financement des producteurs d'éducation en 2024 - dépenses totales des financeurs finals (M€);Établissements publics : écoles maternelles et élémentaires (y c. primaires);Autres ministères (y c. reste du monde);147;M€ courants;2024;provisoire (2024p);France (métropole + DROM);DEPP, RERS 2026, chapitre 10 (DEPP_RERS2026_chapitre10_budgets_couts_financements.pdf), fiche 10.04, p.415 imprimée = p.9 du PDF;"les collèges et lycées incluent les formations post-bac (CPGE, STS) des lycées ; les cellules vides du PDF ne sont pas reprises"
10.04;Financement des producteurs d'éducation en 2024 - dépenses totales des financeurs finals (M€);Établissements publics : écoles maternelles et élémentaires (y c. primaires);Total État;28284;M€ courants;2024;provisoire (2024p);France (métropole + DROM);DEPP, RERS 2026, chapitre 10 (DEPP_RERS2026_chapitre10_budgets_couts_financements.pdf), fiche 10.04, p.415 imprimée = p.9 du PDF;"les collèges et lycées incluent les formations post-bac (CPGE, STS) des lycées ; les cellules vides du PDF ne sont pas reprises"
10.04;Financement des producteurs d'éducation en 2024 - dépenses totales des financeurs finals (M€);Établissements publics : écoles maternelles et élémentaires (y c. primaires);Collectivités territoriales;20608;M€ courants;2024;provisoire (2024p);France (métropole + DROM);DEPP, RERS 2026, chapitre 10 (DEPP_RERS2026_chapitre10_budgets_couts_financements.pdf), fiche 10.04, p.415 imprimée = p.9 du PDF;"les collèges et lycées incluent les formations post-bac (CPGE, STS) des lycées ; les cellules vides du PDF ne sont pas reprises"
10.04;Financement des producteurs d'éducation en 2024 - dépenses totales des financeurs finals (M€);Établissements publics : écoles maternelles et élémentaires (y c. primaires);Autres administrations publiques;9;M€ courants;2024;provisoire (2024p);France (métropole + DROM);DEPP, RERS 2026, chapitre 10 (DEPP_RERS2026_chapitre10_budgets_couts_financements.pdf), fiche 10.04, p.415 imprimée = p.9 du PDF;"les collèges et lycées incluent les formations post-bac (CPGE, STS) des lycées ; les cellules vides du PDF ne sont pas reprises"
10.04;Financement des producteurs d'éducation en 2024 - dépenses totales des financeurs finals (M€);Établissements publics : écoles maternelles et élémentaires (y c. primaires);Ménages;1906;M€ courants;2024;provisoire (2024p);France (métropole + DROM);DEPP, RERS 2026, chapitre 10 (DEPP_RERS2026_chapitre10_budgets_couts_financements.pdf), fiche 10.04, p.415 imprimée = p.9 du PDF;"les collèges et lycées incluent les formations post-bac (CPGE, STS) des lycées ; les cellules vides du PDF ne sont pas reprises"
10.04;Financement des producteurs d'éducation en 2024 - dépenses totales des financeurs finals (M€);Établissements publics : écoles maternelles et élémentaires (y c. primaires);Total;50807;M€ courants;2024;provisoire (2024p);France (métropole + DROM);DEPP, RERS 2026, chapitre 10 (DEPP_RERS2026_chapitre10_budgets_couts_financements.pdf), fiche 10.04, p.415 imprimée = p.9 du PDF;"les collèges et lycées incluent les formations post-bac (CPGE, STS) des lycées ; les cellules vides du PDF ne sont pas reprises"
10.04;Financement des producteurs d'éducation en 2024 - dépenses totales des financeurs finals (M€);Établissements publics : collèges et lycées;Éducation nationale;40948;M€ courants;2024;provisoire (2024p);France (métropole + DROM);DEPP, RERS 2026, chapitre 10 (DEPP_RERS2026_chapitre10_budgets_couts_financements.pdf), fiche 10.04, p.415 imprimée = p.9 du PDF;"les collèges et lycées incluent les formations post-bac (CPGE, STS) des lycées ; les cellules vides du PDF ne sont pas reprises"
10.04;Financement des producteurs d'éducation en 2024 - dépenses totales des financeurs finals (M€);Établissements publics : collèges et lycées;Autres ministères (y c. reste du monde);1104;M€ courants;2024;provisoire (2024p);France (métropole + DROM);DEPP, RERS 2026, chapitre 10 (DEPP_RERS2026_chapitre10_budgets_couts_financements.pdf), fiche 10.04, p.415 imprimée = p.9 du PDF;"les collèges et lycées incluent les formations post-bac (CPGE, STS) des lycées ; les cellules vides du PDF ne sont pas reprises"
10.04;Financement des producteurs d'éducation en 2024 - dépenses totales des financeurs finals (M€);Établissements publics : collèges et lycées;Total État;42052;M€ courants;2024;provisoire (2024p);France (métropole + DROM);DEPP, RERS 2026, chapitre 10 (DEPP_RERS2026_chapitre10_budgets_couts_financements.pdf), fiche 10.04, p.415 imprimée = p.9 du PDF;"les collèges et lycées incluent les formations post-bac (CPGE, STS) des lycées ; les cellules vides du PDF ne sont pas reprises"
10.04;Financement des producteurs d'éducation en 2024 - dépenses totales des financeurs finals (M€);Établissements publics : collèges et lycées;Collectivités territoriales;12715;M€ courants;2024;provisoire (2024p);France (métropole + DROM);DEPP, RERS 2026, chapitre 10 (DEPP_RERS2026_chapitre10_budgets_couts_financements.pdf), fiche 10.04, p.415 imprimée = p.9 du PDF;"les collèges et lycées incluent les formations post-bac (CPGE, STS) des lycées ; les cellules vides du PDF ne sont pas reprises"
10.04;Financement des producteurs d'éducation en 2024 - dépenses totales des financeurs finals (M€);Établissements publics : collèges et lycées;Autres administrations publiques;97;M€ courants;2024;provisoire (2024p);France (métropole + DROM);DEPP, RERS 2026, chapitre 10 (DEPP_RERS2026_chapitre10_budgets_couts_financements.pdf), fiche 10.04, p.415 imprimée = p.9 du PDF;"les collèges et lycées incluent les formations post-bac (CPGE, STS) des lycées ; les cellules vides du PDF ne sont pas reprises"
10.04;Financement des producteurs d'éducation en 2024 - dépenses totales des financeurs finals (M€);Établissements publics : collèges et lycées;Ménages;2159;M€ courants;2024;provisoire (2024p);France (métropole + DROM);DEPP, RERS 2026, chapitre 10 (DEPP_RERS2026_chapitre10_budgets_couts_financements.pdf), fiche 10.04, p.415 imprimée = p.9 du PDF;"les collèges et lycées incluent les formations post-bac (CPGE, STS) des lycées ; les cellules vides du PDF ne sont pas reprises"
10.04;Financement des producteurs d'éducation en 2024 - dépenses totales des financeurs finals (M€);Établissements publics : collèges et lycées;Entreprises et autres financeurs privés;682;M€ courants;2024;provisoire (2024p);France (métropole + DROM);DEPP, RERS 2026, chapitre 10 (DEPP_RERS2026_chapitre10_budgets_couts_financements.pdf), fiche 10.04, p.415 imprimée = p.9 du PDF;"les collèges et lycées incluent les formations post-bac (CPGE, STS) des lycées ; les cellules vides du PDF ne sont pas reprises"
10.04;Financement des producteurs d'éducation en 2024 - dépenses totales des financeurs finals (M€);Établissements publics : collèges et lycées;Total;57705;M€ courants;2024;provisoire (2024p);France (métropole + DROM);DEPP, RERS 2026, chapitre 10 (DEPP_RERS2026_chapitre10_budgets_couts_financements.pdf), fiche 10.04, p.415 imprimée = p.9 du PDF;"les collèges et lycées incluent les formations post-bac (CPGE, STS) des lycées ; les cellules vides du PDF ne sont pas reprises"
10.04;Financement des producteurs d'éducation en 2024 - dépenses totales des financeurs finals (M€);Établissements publics : centres d'enseignement spécial;Éducation nationale;286;M€ courants;2024;provisoire (2024p);France (métropole + DROM);DEPP, RERS 2026, chapitre 10 (DEPP_RERS2026_chapitre10_budgets_couts_financements.pdf), fiche 10.04, p.415 imprimée = p.9 du PDF;"les collèges et lycées incluent les formations post-bac (CPGE, STS) des lycées ; les cellules vides du PDF ne sont pas reprises"
10.04;Financement des producteurs d'éducation en 2024 - dépenses totales des financeurs finals (M€);Établissements publics : centres d'enseignement spécial;Autres ministères (y c. reste du monde);234;M€ courants;2024;provisoire (2024p);France (métropole + DROM);DEPP, RERS 2026, chapitre 10 (DEPP_RERS2026_chapitre10_budgets_couts_financements.pdf), fiche 10.04, p.415 imprimée = p.9 du PDF;"les collèges et lycées incluent les formations post-bac (CPGE, STS) des lycées ; les cellules vides du PDF ne sont pas reprises"
10.04;Financement des producteurs d'éducation en 2024 - dépenses totales des financeurs finals (M€);Établissements publics : centres d'enseignement spécial;Total État;519;M€ courants;2024;provisoire (2024p);France (métropole + DROM);DEPP, RERS 2026, chapitre 10 (DEPP_RERS2026_chapitre10_budgets_couts_financements.pdf), fiche 10.04, p.415 imprimée = p.9 du PDF;"les collèges et lycées incluent les formations post-bac (CPGE, STS) des lycées ; les cellules vides du PDF ne sont pas reprises"
10.04;Financement des producteurs d'éducation en 2024 - dépenses totales des financeurs finals (M€);Établissements publics : centres d'enseignement spécial;Collectivités territoriales;15;M€ courants;2024;provisoire (2024p);France (métropole + DROM);DEPP, RERS 2026, chapitre 10 (DEPP_RERS2026_chapitre10_budgets_couts_financements.pdf), fiche 10.04, p.415 imprimée = p.9 du PDF;"les collèges et lycées incluent les formations post-bac (CPGE, STS) des lycées ; les cellules vides du PDF ne sont pas reprises"
10.04;Financement des producteurs d'éducation en 2024 - dépenses totales des financeurs finals (M€);Établissements publics : centres d'enseignement spécial;Autres administrations publiques;0;M€ courants;2024;provisoire (2024p);France (métropole + DROM);DEPP, RERS 2026, chapitre 10 (DEPP_RERS2026_chapitre10_budgets_couts_financements.pdf), fiche 10.04, p.415 imprimée = p.9 du PDF;"les collèges et lycées incluent les formations post-bac (CPGE, STS) des lycées ; les cellules vides du PDF ne sont pas reprises"
10.04;Financement des producteurs d'éducation en 2024 - dépenses totales des financeurs finals (M€);Établissements publics : centres d'enseignement spécial;Ménages;8;M€ courants;2024;provisoire (2024p);France (métropole + DROM);DEPP, RERS 2026, chapitre 10 (DEPP_RERS2026_chapitre10_budgets_couts_financements.pdf), fiche 10.04, p.415 imprimée = p.9 du PDF;"les collèges et lycées incluent les formations post-bac (CPGE, STS) des lycées ; les cellules vides du PDF ne sont pas reprises"
10.04;Financement des producteurs d'éducation en 2024 - dépenses totales des financeurs finals (M€);Établissements publics : centres d'enseignement spécial;Entreprises et autres financeurs privés;3;M€ courants;2024;provisoire (2024p);France (métropole + DROM);DEPP, RERS 2026, chapitre 10 (DEPP_RERS2026_chapitre10_budgets_couts_financements.pdf), fiche 10.04, p.415 imprimée = p.9 du PDF;"les collèges et lycées incluent les formations post-bac (CPGE, STS) des lycées ; les cellules vides du PDF ne sont pas reprises"
10.04;Financement des producteurs d'éducation en 2024 - dépenses totales des financeurs finals (M€);Établissements publics : centres d'enseignement spécial;Total;545;M€ courants;2024;provisoire (2024p);France (métropole + DROM);DEPP, RERS 2026, chapitre 10 (DEPP_RERS2026_chapitre10_budgets_couts_financements.pdf), fiche 10.04, p.415 imprimée = p.9 du PDF;"les collèges et lycées incluent les formations post-bac (CPGE, STS) des lycées ; les cellules vides du PDF ne sont pas reprises"
10.04;Financement des producteurs d'éducation en 2024 - dépenses totales des financeurs finals (M€);Établissements publics : organismes d'enseignement à distance;Éducation nationale;104;M€ courants;2024;provisoire (2024p);France (métropole + DROM);DEPP, RERS 2026, chapitre 10 (DEPP_RERS2026_chapitre10_budgets_couts_financements.pdf), fiche 10.04, p.415 imprimée = p.9 du PDF;"les collèges et lycées incluent les formations post-bac (CPGE, STS) des lycées ; les cellules vides du PDF ne sont pas reprises"
10.04;Financement des producteurs d'éducation en 2024 - dépenses totales des financeurs finals (M€);Établissements publics : organismes d'enseignement à distance;Autres ministères (y c. reste du monde);3;M€ courants;2024;provisoire (2024p);France (métropole + DROM);DEPP, RERS 2026, chapitre 10 (DEPP_RERS2026_chapitre10_budgets_couts_financements.pdf), fiche 10.04, p.415 imprimée = p.9 du PDF;"les collèges et lycées incluent les formations post-bac (CPGE, STS) des lycées ; les cellules vides du PDF ne sont pas reprises"
10.04;Financement des producteurs d'éducation en 2024 - dépenses totales des financeurs finals (M€);Établissements publics : organismes d'enseignement à distance;Total État;107;M€ courants;2024;provisoire (2024p);France (métropole + DROM);DEPP, RERS 2026, chapitre 10 (DEPP_RERS2026_chapitre10_budgets_couts_financements.pdf), fiche 10.04, p.415 imprimée = p.9 du PDF;"les collèges et lycées incluent les formations post-bac (CPGE, STS) des lycées ; les cellules vides du PDF ne sont pas reprises"
10.04;Financement des producteurs d'éducation en 2024 - dépenses totales des financeurs finals (M€);Établissements publics : organismes d'enseignement à distance;Ménages;51;M€ courants;2024;provisoire (2024p);France (métropole + DROM);DEPP, RERS 2026, chapitre 10 (DEPP_RERS2026_chapitre10_budgets_couts_financements.pdf), fiche 10.04, p.415 imprimée = p.9 du PDF;"les collèges et lycées incluent les formations post-bac (CPGE, STS) des lycées ; les cellules vides du PDF ne sont pas reprises"
10.04;Financement des producteurs d'éducation en 2024 - dépenses totales des financeurs finals (M€);Établissements publics : organismes d'enseignement à distance;Entreprises et autres financeurs privés;6;M€ courants;2024;provisoire (2024p);France (métropole + DROM);DEPP, RERS 2026, chapitre 10 (DEPP_RERS2026_chapitre10_budgets_couts_financements.pdf), fiche 10.04, p.415 imprimée = p.9 du PDF;"les collèges et lycées incluent les formations post-bac (CPGE, STS) des lycées ; les cellules vides du PDF ne sont pas reprises"
10.04;Financement des producteurs d'éducation en 2024 - dépenses totales des financeurs finals (M€);Établissements publics : organismes d'enseignement à distance;Total;164;M€ courants;2024;provisoire (2024p);France (métropole + DROM);DEPP, RERS 2026, chapitre 10 (DEPP_RERS2026_chapitre10_budgets_couts_financements.pdf), fiche 10.04, p.415 imprimée = p.9 du PDF;"les collèges et lycées incluent les formations post-bac (CPGE, STS) des lycées ; les cellules vides du PDF ne sont pas reprises"
10.04;Financement des producteurs d'éducation en 2024 - dépenses totales des financeurs finals (M€);Privé subventionné : écoles maternelles et élémentaires (y c. primaires);Éducation nationale;2314;M€ courants;2024;provisoire (2024p);France (métropole + DROM);DEPP, RERS 2026, chapitre 10 (DEPP_RERS2026_chapitre10_budgets_couts_financements.pdf), fiche 10.04, p.415 imprimée = p.9 du PDF;"les collèges et lycées incluent les formations post-bac (CPGE, STS) des lycées ; les cellules vides du PDF ne sont pas reprises"
10.04;Financement des producteurs d'éducation en 2024 - dépenses totales des financeurs finals (M€);Privé subventionné : écoles maternelles et élémentaires (y c. primaires);Autres ministères (y c. reste du monde);0;M€ courants;2024;provisoire (2024p);France (métropole + DROM);DEPP, RERS 2026, chapitre 10 (DEPP_RERS2026_chapitre10_budgets_couts_financements.pdf), fiche 10.04, p.415 imprimée = p.9 du PDF;"les collèges et lycées incluent les formations post-bac (CPGE, STS) des lycées ; les cellules vides du PDF ne sont pas reprises"
10.04;Financement des producteurs d'éducation en 2024 - dépenses totales des financeurs finals (M€);Privé subventionné : écoles maternelles et élémentaires (y c. primaires);Total État;2314;M€ courants;2024;provisoire (2024p);France (métropole + DROM);DEPP, RERS 2026, chapitre 10 (DEPP_RERS2026_chapitre10_budgets_couts_financements.pdf), fiche 10.04, p.415 imprimée = p.9 du PDF;"les collèges et lycées incluent les formations post-bac (CPGE, STS) des lycées ; les cellules vides du PDF ne sont pas reprises"
10.04;Financement des producteurs d'éducation en 2024 - dépenses totales des financeurs finals (M€);Privé subventionné : écoles maternelles et élémentaires (y c. primaires);Collectivités territoriales;1142;M€ courants;2024;provisoire (2024p);France (métropole + DROM);DEPP, RERS 2026, chapitre 10 (DEPP_RERS2026_chapitre10_budgets_couts_financements.pdf), fiche 10.04, p.415 imprimée = p.9 du PDF;"les collèges et lycées incluent les formations post-bac (CPGE, STS) des lycées ; les cellules vides du PDF ne sont pas reprises"
10.04;Financement des producteurs d'éducation en 2024 - dépenses totales des financeurs finals (M€);Privé subventionné : écoles maternelles et élémentaires (y c. primaires);Ménages;958;M€ courants;2024;provisoire (2024p);France (métropole + DROM);DEPP, RERS 2026, chapitre 10 (DEPP_RERS2026_chapitre10_budgets_couts_financements.pdf), fiche 10.04, p.415 imprimée = p.9 du PDF;"les collèges et lycées incluent les formations post-bac (CPGE, STS) des lycées ; les cellules vides du PDF ne sont pas reprises"
10.04;Financement des producteurs d'éducation en 2024 - dépenses totales des financeurs finals (M€);Privé subventionné : écoles maternelles et élémentaires (y c. primaires);Total;4414;M€ courants;2024;provisoire (2024p);France (métropole + DROM);DEPP, RERS 2026, chapitre 10 (DEPP_RERS2026_chapitre10_budgets_couts_financements.pdf), fiche 10.04, p.415 imprimée = p.9 du PDF;"les collèges et lycées incluent les formations post-bac (CPGE, STS) des lycées ; les cellules vides du PDF ne sont pas reprises"
10.04;Financement des producteurs d'éducation en 2024 - dépenses totales des financeurs finals (M€);Privé subventionné : collèges et lycées;Éducation nationale;6489;M€ courants;2024;provisoire (2024p);France (métropole + DROM);DEPP, RERS 2026, chapitre 10 (DEPP_RERS2026_chapitre10_budgets_couts_financements.pdf), fiche 10.04, p.415 imprimée = p.9 du PDF;"les collèges et lycées incluent les formations post-bac (CPGE, STS) des lycées ; les cellules vides du PDF ne sont pas reprises"
10.04;Financement des producteurs d'éducation en 2024 - dépenses totales des financeurs finals (M€);Privé subventionné : collèges et lycées;Autres ministères (y c. reste du monde);570;M€ courants;2024;provisoire (2024p);France (métropole + DROM);DEPP, RERS 2026, chapitre 10 (DEPP_RERS2026_chapitre10_budgets_couts_financements.pdf), fiche 10.04, p.415 imprimée = p.9 du PDF;"les collèges et lycées incluent les formations post-bac (CPGE, STS) des lycées ; les cellules vides du PDF ne sont pas reprises"
10.04;Financement des producteurs d'éducation en 2024 - dépenses totales des financeurs finals (M€);Privé subventionné : collèges et lycées;Total État;7059;M€ courants;2024;provisoire (2024p);France (métropole + DROM);DEPP, RERS 2026, chapitre 10 (DEPP_RERS2026_chapitre10_budgets_couts_financements.pdf), fiche 10.04, p.415 imprimée = p.9 du PDF;"les collèges et lycées incluent les formations post-bac (CPGE, STS) des lycées ; les cellules vides du PDF ne sont pas reprises"
10.04;Financement des producteurs d'éducation en 2024 - dépenses totales des financeurs finals (M€);Privé subventionné : collèges et lycées;Collectivités territoriales;1031;M€ courants;2024;provisoire (2024p);France (métropole + DROM);DEPP, RERS 2026, chapitre 10 (DEPP_RERS2026_chapitre10_budgets_couts_financements.pdf), fiche 10.04, p.415 imprimée = p.9 du PDF;"les collèges et lycées incluent les formations post-bac (CPGE, STS) des lycées ; les cellules vides du PDF ne sont pas reprises"
10.04;Financement des producteurs d'éducation en 2024 - dépenses totales des financeurs finals (M€);Privé subventionné : collèges et lycées;Autres administrations publiques;0;M€ courants;2024;provisoire (2024p);France (métropole + DROM);DEPP, RERS 2026, chapitre 10 (DEPP_RERS2026_chapitre10_budgets_couts_financements.pdf), fiche 10.04, p.415 imprimée = p.9 du PDF;"les collèges et lycées incluent les formations post-bac (CPGE, STS) des lycées ; les cellules vides du PDF ne sont pas reprises"
10.04;Financement des producteurs d'éducation en 2024 - dépenses totales des financeurs finals (M€);Privé subventionné : collèges et lycées;Ménages;2499;M€ courants;2024;provisoire (2024p);France (métropole + DROM);DEPP, RERS 2026, chapitre 10 (DEPP_RERS2026_chapitre10_budgets_couts_financements.pdf), fiche 10.04, p.415 imprimée = p.9 du PDF;"les collèges et lycées incluent les formations post-bac (CPGE, STS) des lycées ; les cellules vides du PDF ne sont pas reprises"
10.04;Financement des producteurs d'éducation en 2024 - dépenses totales des financeurs finals (M€);Privé subventionné : collèges et lycées;Entreprises et autres financeurs privés;171;M€ courants;2024;provisoire (2024p);France (métropole + DROM);DEPP, RERS 2026, chapitre 10 (DEPP_RERS2026_chapitre10_budgets_couts_financements.pdf), fiche 10.04, p.415 imprimée = p.9 du PDF;"les collèges et lycées incluent les formations post-bac (CPGE, STS) des lycées ; les cellules vides du PDF ne sont pas reprises"
10.04;Financement des producteurs d'éducation en 2024 - dépenses totales des financeurs finals (M€);Privé subventionné : collèges et lycées;Total;10760;M€ courants;2024;provisoire (2024p);France (métropole + DROM);DEPP, RERS 2026, chapitre 10 (DEPP_RERS2026_chapitre10_budgets_couts_financements.pdf), fiche 10.04, p.415 imprimée = p.9 du PDF;"les collèges et lycées incluent les formations post-bac (CPGE, STS) des lycées ; les cellules vides du PDF ne sont pas reprises"
10.04;Financement des producteurs d'éducation en 2024 - dépenses totales des financeurs finals (M€);Services administratifs et organismes publics (tous niveaux);Éducation nationale;4443;M€ courants;2024;provisoire (2024p);France (métropole + DROM);DEPP, RERS 2026, chapitre 10 (DEPP_RERS2026_chapitre10_budgets_couts_financements.pdf), fiche 10.04, p.415 imprimée = p.9 du PDF;"les collèges et lycées incluent les formations post-bac (CPGE, STS) des lycées ; les cellules vides du PDF ne sont pas reprises"
10.04;Financement des producteurs d'éducation en 2024 - dépenses totales des financeurs finals (M€);Services administratifs et organismes publics (tous niveaux);Autres ministères (y c. reste du monde);499;M€ courants;2024;provisoire (2024p);France (métropole + DROM);DEPP, RERS 2026, chapitre 10 (DEPP_RERS2026_chapitre10_budgets_couts_financements.pdf), fiche 10.04, p.415 imprimée = p.9 du PDF;"les collèges et lycées incluent les formations post-bac (CPGE, STS) des lycées ; les cellules vides du PDF ne sont pas reprises"
10.04;Financement des producteurs d'éducation en 2024 - dépenses totales des financeurs finals (M€);Services administratifs et organismes publics (tous niveaux);Total État;4942;M€ courants;2024;provisoire (2024p);France (métropole + DROM);DEPP, RERS 2026, chapitre 10 (DEPP_RERS2026_chapitre10_budgets_couts_financements.pdf), fiche 10.04, p.415 imprimée = p.9 du PDF;"les collèges et lycées incluent les formations post-bac (CPGE, STS) des lycées ; les cellules vides du PDF ne sont pas reprises"
10.04;Financement des producteurs d'éducation en 2024 - dépenses totales des financeurs finals (M€);Services administratifs et organismes publics (tous niveaux);Collectivités territoriales;172;M€ courants;2024;provisoire (2024p);France (métropole + DROM);DEPP, RERS 2026, chapitre 10 (DEPP_RERS2026_chapitre10_budgets_couts_financements.pdf), fiche 10.04, p.415 imprimée = p.9 du PDF;"les collèges et lycées incluent les formations post-bac (CPGE, STS) des lycées ; les cellules vides du PDF ne sont pas reprises"
10.04;Financement des producteurs d'éducation en 2024 - dépenses totales des financeurs finals (M€);Services administratifs et organismes publics (tous niveaux);Autres administrations publiques;6;M€ courants;2024;provisoire (2024p);France (métropole + DROM);DEPP, RERS 2026, chapitre 10 (DEPP_RERS2026_chapitre10_budgets_couts_financements.pdf), fiche 10.04, p.415 imprimée = p.9 du PDF;"les collèges et lycées incluent les formations post-bac (CPGE, STS) des lycées ; les cellules vides du PDF ne sont pas reprises"
10.04;Financement des producteurs d'éducation en 2024 - dépenses totales des financeurs finals (M€);Services administratifs et organismes publics (tous niveaux);Ménages;813;M€ courants;2024;provisoire (2024p);France (métropole + DROM);DEPP, RERS 2026, chapitre 10 (DEPP_RERS2026_chapitre10_budgets_couts_financements.pdf), fiche 10.04, p.415 imprimée = p.9 du PDF;"les collèges et lycées incluent les formations post-bac (CPGE, STS) des lycées ; les cellules vides du PDF ne sont pas reprises"
10.04;Financement des producteurs d'éducation en 2024 - dépenses totales des financeurs finals (M€);Services administratifs et organismes publics (tous niveaux);Entreprises et autres financeurs privés;220;M€ courants;2024;provisoire (2024p);France (métropole + DROM);DEPP, RERS 2026, chapitre 10 (DEPP_RERS2026_chapitre10_budgets_couts_financements.pdf), fiche 10.04, p.415 imprimée = p.9 du PDF;"les collèges et lycées incluent les formations post-bac (CPGE, STS) des lycées ; les cellules vides du PDF ne sont pas reprises"
10.04;Financement des producteurs d'éducation en 2024 - dépenses totales des financeurs finals (M€);Services administratifs et organismes publics (tous niveaux);Total;6153;M€ courants;2024;provisoire (2024p);France (métropole + DROM);DEPP, RERS 2026, chapitre 10 (DEPP_RERS2026_chapitre10_budgets_couts_financements.pdf), fiche 10.04, p.415 imprimée = p.9 du PDF;"les collèges et lycées incluent les formations post-bac (CPGE, STS) des lycées ; les cellules vides du PDF ne sont pas reprises"
10.04;Financement des producteurs d'éducation en 2024 - dépenses totales des financeurs finals (M€);Total producteurs d'éducation;Éducation nationale;98054;M€ courants;2024;provisoire (2024p);France (métropole + DROM);DEPP, RERS 2026, chapitre 10 (DEPP_RERS2026_chapitre10_budgets_couts_financements.pdf), fiche 10.04, p.415 imprimée = p.9 du PDF;"les collèges et lycées incluent les formations post-bac (CPGE, STS) des lycées ; les cellules vides du PDF ne sont pas reprises"
10.04;Financement des producteurs d'éducation en 2024 - dépenses totales des financeurs finals (M€);Total producteurs d'éducation;Autres ministères (y c. reste du monde);6564;M€ courants;2024;provisoire (2024p);France (métropole + DROM);DEPP, RERS 2026, chapitre 10 (DEPP_RERS2026_chapitre10_budgets_couts_financements.pdf), fiche 10.04, p.415 imprimée = p.9 du PDF;"les collèges et lycées incluent les formations post-bac (CPGE, STS) des lycées ; les cellules vides du PDF ne sont pas reprises"
10.04;Financement des producteurs d'éducation en 2024 - dépenses totales des financeurs finals (M€);Total producteurs d'éducation;Total État;104618;M€ courants;2024;provisoire (2024p);France (métropole + DROM);DEPP, RERS 2026, chapitre 10 (DEPP_RERS2026_chapitre10_budgets_couts_financements.pdf), fiche 10.04, p.415 imprimée = p.9 du PDF;"les collèges et lycées incluent les formations post-bac (CPGE, STS) des lycées ; les cellules vides du PDF ne sont pas reprises"
10.04;Financement des producteurs d'éducation en 2024 - dépenses totales des financeurs finals (M€);Total producteurs d'éducation;Collectivités territoriales;42421;M€ courants;2024;provisoire (2024p);France (métropole + DROM);DEPP, RERS 2026, chapitre 10 (DEPP_RERS2026_chapitre10_budgets_couts_financements.pdf), fiche 10.04, p.415 imprimée = p.9 du PDF;"les collèges et lycées incluent les formations post-bac (CPGE, STS) des lycées ; les cellules vides du PDF ne sont pas reprises"
10.04;Financement des producteurs d'éducation en 2024 - dépenses totales des financeurs finals (M€);Total producteurs d'éducation;Autres administrations publiques;5671;M€ courants;2024;provisoire (2024p);France (métropole + DROM);DEPP, RERS 2026, chapitre 10 (DEPP_RERS2026_chapitre10_budgets_couts_financements.pdf), fiche 10.04, p.415 imprimée = p.9 du PDF;"les collèges et lycées incluent les formations post-bac (CPGE, STS) des lycées ; les cellules vides du PDF ne sont pas reprises"
10.04;Financement des producteurs d'éducation en 2024 - dépenses totales des financeurs finals (M€);Total producteurs d'éducation;Ménages;16607;M€ courants;2024;provisoire (2024p);France (métropole + DROM);DEPP, RERS 2026, chapitre 10 (DEPP_RERS2026_chapitre10_budgets_couts_financements.pdf), fiche 10.04, p.415 imprimée = p.9 du PDF;"les collèges et lycées incluent les formations post-bac (CPGE, STS) des lycées ; les cellules vides du PDF ne sont pas reprises"
10.04;Financement des producteurs d'éducation en 2024 - dépenses totales des financeurs finals (M€);Total producteurs d'éducation;Entreprises et autres financeurs privés;20325;M€ courants;2024;provisoire (2024p);France (métropole + DROM);DEPP, RERS 2026, chapitre 10 (DEPP_RERS2026_chapitre10_budgets_couts_financements.pdf), fiche 10.04, p.415 imprimée = p.9 du PDF;"les collèges et lycées incluent les formations post-bac (CPGE, STS) des lycées ; les cellules vides du PDF ne sont pas reprises"
10.04;Financement des producteurs d'éducation en 2024 - dépenses totales des financeurs finals (M€);Total producteurs d'éducation;Total;189641;M€ courants;2024;provisoire (2024p);France (métropole + DROM);DEPP, RERS 2026, chapitre 10 (DEPP_RERS2026_chapitre10_budgets_couts_financements.pdf), fiche 10.04, p.415 imprimée = p.9 du PDF;"les collèges et lycées incluent les formations post-bac (CPGE, STS) des lycées ; les cellules vides du PDF ne sont pas reprises"
10.04;Texte de la fiche;Écoles publiques : part de l'État dans leur financement;Total État;56;%;2024;provisoire (2024p);France (métropole + DROM);DEPP, RERS 2026, chapitre 10 (DEPP_RERS2026_chapitre10_budgets_couts_financements.pdf), fiche 10.04, p.414 imprimée = p.8 du PDF;« La participation des collectivités territoriales est importante (41 %), mais reste inférieure à celle de l'État (56 %) »
10.04;Texte de la fiche;Collèges et lycées publics : part de l'État;Total État;73;%;2024;provisoire (2024p);France (métropole + DROM);DEPP, RERS 2026, chapitre 10 (DEPP_RERS2026_chapitre10_budgets_couts_financements.pdf), fiche 10.04, p.414 imprimée = p.8 du PDF;collectivités territoriales : 22 %
10.04;Texte de la fiche;Collèges et lycées privés subventionnés : part de l'État;Total État;66;%;2024;provisoire (2024p);France (métropole + DROM);DEPP, RERS 2026, chapitre 10 (DEPP_RERS2026_chapitre10_budgets_couts_financements.pdf), fiche 10.04, p.414 imprimée = p.8 du PDF;familles et autres acteurs privés : 25 %
10.03;Évolution de la MIES (M€ courants) - crédits exécutés et LFI 2026;P140;État (budget);25456;M€ courants;2023;exécuté;France + COM;DEPP, RERS 2026, chapitre 10 (DEPP_RERS2026_chapitre10_budgets_couts_financements.pdf), fiche 10.03, p.413 imprimée = p.7 du PDF;
10.03;Évolution de la MIES (M€ courants) - crédits exécutés et LFI 2026;P140;État (budget);26686;M€ courants;2024;exécuté;France + COM;DEPP, RERS 2026, chapitre 10 (DEPP_RERS2026_chapitre10_budgets_couts_financements.pdf), fiche 10.03, p.413 imprimée = p.7 du PDF;
10.03;Évolution de la MIES (M€ courants) - crédits exécutés et LFI 2026;P140;État (budget);27359;M€ courants;2025;exécuté;France + COM;DEPP, RERS 2026, chapitre 10 (DEPP_RERS2026_chapitre10_budgets_couts_financements.pdf), fiche 10.03, p.413 imprimée = p.7 du PDF;
10.03;Évolution de la MIES (M€ courants) - crédits exécutés et LFI 2026;P140;État (budget);27912;M€ courants;2026;LFI;France + COM;DEPP, RERS 2026, chapitre 10 (DEPP_RERS2026_chapitre10_budgets_couts_financements.pdf), fiche 10.03, p.413 imprimée = p.7 du PDF;
10.03;Évolution de la MIES (M€ courants) - crédits exécutés et LFI 2026;P141;État (budget);36343;M€ courants;2023;exécuté;France + COM;DEPP, RERS 2026, chapitre 10 (DEPP_RERS2026_chapitre10_budgets_couts_financements.pdf), fiche 10.03, p.413 imprimée = p.7 du PDF;
10.03;Évolution de la MIES (M€ courants) - crédits exécutés et LFI 2026;P141;État (budget);38247;M€ courants;2024;exécuté;France + COM;DEPP, RERS 2026, chapitre 10 (DEPP_RERS2026_chapitre10_budgets_couts_financements.pdf), fiche 10.03, p.413 imprimée = p.7 du PDF;
10.03;Évolution de la MIES (M€ courants) - crédits exécutés et LFI 2026;P141;État (budget);38974;M€ courants;2025;exécuté;France + COM;DEPP, RERS 2026, chapitre 10 (DEPP_RERS2026_chapitre10_budgets_couts_financements.pdf), fiche 10.03, p.413 imprimée = p.7 du PDF;
10.03;Évolution de la MIES (M€ courants) - crédits exécutés et LFI 2026;P141;État (budget);40002;M€ courants;2026;LFI;France + COM;DEPP, RERS 2026, chapitre 10 (DEPP_RERS2026_chapitre10_budgets_couts_financements.pdf), fiche 10.03, p.413 imprimée = p.7 du PDF;
10.03;Évolution de la MIES (M€ courants) - crédits exécutés et LFI 2026;P230;État (budget);7468;M€ courants;2023;exécuté;France + COM;DEPP, RERS 2026, chapitre 10 (DEPP_RERS2026_chapitre10_budgets_couts_financements.pdf), fiche 10.03, p.413 imprimée = p.7 du PDF;
10.03;Évolution de la MIES (M€ courants) - crédits exécutés et LFI 2026;P230;État (budget);7934;M€ courants;2024;exécuté;France + COM;DEPP, RERS 2026, chapitre 10 (DEPP_RERS2026_chapitre10_budgets_couts_financements.pdf), fiche 10.03, p.413 imprimée = p.7 du PDF;
10.03;Évolution de la MIES (M€ courants) - crédits exécutés et LFI 2026;P230;État (budget);7949;M€ courants;2025;exécuté;France + COM;DEPP, RERS 2026, chapitre 10 (DEPP_RERS2026_chapitre10_budgets_couts_financements.pdf), fiche 10.03, p.413 imprimée = p.7 du PDF;
10.03;Évolution de la MIES (M€ courants) - crédits exécutés et LFI 2026;P230;État (budget);8061;M€ courants;2026;LFI;France + COM;DEPP, RERS 2026, chapitre 10 (DEPP_RERS2026_chapitre10_budgets_couts_financements.pdf), fiche 10.03, p.413 imprimée = p.7 du PDF;
10.03;Évolution de la MIES (M€ courants) - crédits exécutés et LFI 2026;P139;État (budget);8425;M€ courants;2023;exécuté;France + COM;DEPP, RERS 2026, chapitre 10 (DEPP_RERS2026_chapitre10_budgets_couts_financements.pdf), fiche 10.03, p.413 imprimée = p.7 du PDF;
10.03;Évolution de la MIES (M€ courants) - crédits exécutés et LFI 2026;P139;État (budget);8939;M€ courants;2024;exécuté;France + COM;DEPP, RERS 2026, chapitre 10 (DEPP_RERS2026_chapitre10_budgets_couts_financements.pdf), fiche 10.03, p.413 imprimée = p.7 du PDF;
10.03;Évolution de la MIES (M€ courants) - crédits exécutés et LFI 2026;P139;État (budget);8812;M€ courants;2025;exécuté;France + COM;DEPP, RERS 2026, chapitre 10 (DEPP_RERS2026_chapitre10_budgets_couts_financements.pdf), fiche 10.03, p.413 imprimée = p.7 du PDF;
10.03;Évolution de la MIES (M€ courants) - crédits exécutés et LFI 2026;P139;État (budget);8871;M€ courants;2026;LFI;France + COM;DEPP, RERS 2026, chapitre 10 (DEPP_RERS2026_chapitre10_budgets_couts_financements.pdf), fiche 10.03, p.413 imprimée = p.7 du PDF;
10.03;Évolution de la MIES (M€ courants) - crédits exécutés et LFI 2026;P214;État (budget);2784;M€ courants;2023;exécuté;France + COM;DEPP, RERS 2026, chapitre 10 (DEPP_RERS2026_chapitre10_budgets_couts_financements.pdf), fiche 10.03, p.413 imprimée = p.7 du PDF;
10.03;Évolution de la MIES (M€ courants) - crédits exécutés et LFI 2026;P214;État (budget);2910;M€ courants;2024;exécuté;France + COM;DEPP, RERS 2026, chapitre 10 (DEPP_RERS2026_chapitre10_budgets_couts_financements.pdf), fiche 10.03, p.413 imprimée = p.7 du PDF;
10.03;Évolution de la MIES (M€ courants) - crédits exécutés et LFI 2026;P214;État (budget);2964;M€ courants;2025;exécuté;France + COM;DEPP, RERS 2026, chapitre 10 (DEPP_RERS2026_chapitre10_budgets_couts_financements.pdf), fiche 10.03, p.413 imprimée = p.7 du PDF;
10.03;Évolution de la MIES (M€ courants) - crédits exécutés et LFI 2026;P214;État (budget);3046;M€ courants;2026;LFI;France + COM;DEPP, RERS 2026, chapitre 10 (DEPP_RERS2026_chapitre10_budgets_couts_financements.pdf), fiche 10.03, p.413 imprimée = p.7 du PDF;
10.03;Évolution de la MIES (M€ courants) - crédits exécutés et LFI 2026;Sous-total MEN;État (budget);80476;M€ courants;2023;exécuté;France + COM;DEPP, RERS 2026, chapitre 10 (DEPP_RERS2026_chapitre10_budgets_couts_financements.pdf), fiche 10.03, p.413 imprimée = p.7 du PDF;
10.03;Évolution de la MIES (M€ courants) - crédits exécutés et LFI 2026;Sous-total MEN;État (budget);84716;M€ courants;2024;exécuté;France + COM;DEPP, RERS 2026, chapitre 10 (DEPP_RERS2026_chapitre10_budgets_couts_financements.pdf), fiche 10.03, p.413 imprimée = p.7 du PDF;
10.03;Évolution de la MIES (M€ courants) - crédits exécutés et LFI 2026;Sous-total MEN;État (budget);86058;M€ courants;2025;exécuté;France + COM;DEPP, RERS 2026, chapitre 10 (DEPP_RERS2026_chapitre10_budgets_couts_financements.pdf), fiche 10.03, p.413 imprimée = p.7 du PDF;
10.03;Évolution de la MIES (M€ courants) - crédits exécutés et LFI 2026;Sous-total MEN;État (budget);87891;M€ courants;2026;LFI;France + COM;DEPP, RERS 2026, chapitre 10 (DEPP_RERS2026_chapitre10_budgets_couts_financements.pdf), fiche 10.03, p.413 imprimée = p.7 du PDF;
10.03;Évolution de la MIES (M€ courants) - crédits exécutés et LFI 2026;P143;État (budget);1552;M€ courants;2023;exécuté;France + COM;DEPP, RERS 2026, chapitre 10 (DEPP_RERS2026_chapitre10_budgets_couts_financements.pdf), fiche 10.03, p.413 imprimée = p.7 du PDF;
10.03;Évolution de la MIES (M€ courants) - crédits exécutés et LFI 2026;P143;État (budget);1682;M€ courants;2024;exécuté;France + COM;DEPP, RERS 2026, chapitre 10 (DEPP_RERS2026_chapitre10_budgets_couts_financements.pdf), fiche 10.03, p.413 imprimée = p.7 du PDF;
10.03;Évolution de la MIES (M€ courants) - crédits exécutés et LFI 2026;P143;État (budget);1731;M€ courants;2025;exécuté;France + COM;DEPP, RERS 2026, chapitre 10 (DEPP_RERS2026_chapitre10_budgets_couts_financements.pdf), fiche 10.03, p.413 imprimée = p.7 du PDF;"P143 2025 : 1 731 M€ selon la DEPP contre 1 688,3 M€ dans le RAP 2025 et le PLRG (écart de 43 M€ non expliqué) ; retenir le RAP"
10.03;Évolution de la MIES (M€ courants) - crédits exécutés et LFI 2026;P143;État (budget);1730;M€ courants;2026;LFI;France + COM;DEPP, RERS 2026, chapitre 10 (DEPP_RERS2026_chapitre10_budgets_couts_financements.pdf), fiche 10.03, p.413 imprimée = p.7 du PDF;
10.03;Évolution de la MIES (M€ courants) - crédits exécutés et LFI 2026;Total MIES;État (budget);82028;M€ courants;2023;exécuté;France + COM;DEPP, RERS 2026, chapitre 10 (DEPP_RERS2026_chapitre10_budgets_couts_financements.pdf), fiche 10.03, p.413 imprimée = p.7 du PDF;
10.03;Évolution de la MIES (M€ courants) - crédits exécutés et LFI 2026;Total MIES;État (budget);86397;M€ courants;2024;exécuté;France + COM;DEPP, RERS 2026, chapitre 10 (DEPP_RERS2026_chapitre10_budgets_couts_financements.pdf), fiche 10.03, p.413 imprimée = p.7 du PDF;
10.03;Évolution de la MIES (M€ courants) - crédits exécutés et LFI 2026;Total MIES;État (budget);87789;M€ courants;2025;exécuté;France + COM;DEPP, RERS 2026, chapitre 10 (DEPP_RERS2026_chapitre10_budgets_couts_financements.pdf), fiche 10.03, p.413 imprimée = p.7 du PDF;"P143 2025 : 1 731 M€ selon la DEPP contre 1 688,3 M€ dans le RAP 2025 et le PLRG (écart de 43 M€ non expliqué) ; retenir le RAP"
10.03;Évolution de la MIES (M€ courants) - crédits exécutés et LFI 2026;Total MIES;État (budget);89621;M€ courants;2026;LFI;France + COM;DEPP, RERS 2026, chapitre 10 (DEPP_RERS2026_chapitre10_budgets_couts_financements.pdf), fiche 10.03, p.413 imprimée = p.7 du PDF;
10.05;Dépenses moyennes par élève (euros, prix 2024);Premier degré;Tous financeurs (public + privé);9080;€ par élève;2024;provisoire (2024p);France (métropole + DROM);DEPP, RERS 2026, chapitre 10 (DEPP_RERS2026_chapitre10_budgets_couts_financements.pdf), fiche 10.05, p.417 imprimée = p.11 du PDF;pour mémoire (axe A) : dépense TOTALE par élève, tous financeurs confondus, pas la seule dépense publique
10.05;Dépenses moyennes par élève (euros, prix 2024);Préélémentaire;Tous financeurs (public + privé);8990;€ par élève;2024;provisoire (2024p);France (métropole + DROM);DEPP, RERS 2026, chapitre 10 (DEPP_RERS2026_chapitre10_budgets_couts_financements.pdf), fiche 10.05, p.417 imprimée = p.11 du PDF;pour mémoire (axe A) : dépense TOTALE par élève, tous financeurs confondus, pas la seule dépense publique
10.05;Dépenses moyennes par élève (euros, prix 2024);Élémentaire;Tous financeurs (public + privé);9130;€ par élève;2024;provisoire (2024p);France (métropole + DROM);DEPP, RERS 2026, chapitre 10 (DEPP_RERS2026_chapitre10_budgets_couts_financements.pdf), fiche 10.05, p.417 imprimée = p.11 du PDF;pour mémoire (axe A) : dépense TOTALE par élève, tous financeurs confondus, pas la seule dépense publique
10.05;Dépenses moyennes par élève (euros, prix 2024);Second degré (y c. apprentissage);Tous financeurs (public + privé);11660;€ par élève;2024;provisoire (2024p);France (métropole + DROM);DEPP, RERS 2026, chapitre 10 (DEPP_RERS2026_chapitre10_budgets_couts_financements.pdf), fiche 10.05, p.417 imprimée = p.11 du PDF;pour mémoire (axe A) : dépense TOTALE par élève, tous financeurs confondus, pas la seule dépense publique
10.05;Dépenses moyennes par élève (euros, prix 2024);Formations en collège;Tous financeurs (public + privé);10450;€ par élève;2024;provisoire (2024p);France (métropole + DROM);DEPP, RERS 2026, chapitre 10 (DEPP_RERS2026_chapitre10_budgets_couts_financements.pdf), fiche 10.05, p.417 imprimée = p.11 du PDF;pour mémoire (axe A) : dépense TOTALE par élève, tous financeurs confondus, pas la seule dépense publique
10.05;Dépenses moyennes par élève (euros, prix 2024);Formations générales et technologiques en lycée;Tous financeurs (public + privé);13020;€ par élève;2024;provisoire (2024p);France (métropole + DROM);DEPP, RERS 2026, chapitre 10 (DEPP_RERS2026_chapitre10_budgets_couts_financements.pdf), fiche 10.05, p.417 imprimée = p.11 du PDF;pour mémoire (axe A) : dépense TOTALE par élève, tous financeurs confondus, pas la seule dépense publique
10.05;Dépenses moyennes par élève (euros, prix 2024);Formations professionnelles en lycée;Tous financeurs (public + privé);14700;€ par élève;2024;provisoire (2024p);France (métropole + DROM);DEPP, RERS 2026, chapitre 10 (DEPP_RERS2026_chapitre10_budgets_couts_financements.pdf), fiche 10.05, p.417 imprimée = p.11 du PDF;pour mémoire (axe A) : dépense TOTALE par élève, tous financeurs confondus, pas la seule dépense publique
10.05;Dépenses moyennes par élève (euros, prix 2024);Sous-total premier et second degrés;Tous financeurs (public + privé);10350;€ par élève;2024;provisoire (2024p);France (métropole + DROM);DEPP, RERS 2026, chapitre 10 (DEPP_RERS2026_chapitre10_budgets_couts_financements.pdf), fiche 10.05, p.417 imprimée = p.11 du PDF;pour mémoire (axe A) : dépense TOTALE par élève, tous financeurs confondus, pas la seule dépense publique
10.06;Montant annuel des aides par nature (milliers d'euros);Bourses de collège;État (MEN);243463;milliers d'€ courants;2024;"2025 = année scolaire 2025-2026 pour les bourses ; fonds sociaux = RAP 2025 (année civile)";France + Saint-Pierre-et-Miquelon, public + privé;DEPP, RERS 2026, chapitre 10 (DEPP_RERS2026_chapitre10_budgets_couts_financements.pdf), fiche 10.06, p.419 imprimée = p.13 du PDF;
10.06;Montant annuel des aides par nature (milliers d'euros);Bourses de collège;État (MEN);259174;milliers d'€ courants;2025;"2025 = année scolaire 2025-2026 pour les bourses ; fonds sociaux = RAP 2025 (année civile)";France + Saint-Pierre-et-Miquelon, public + privé;DEPP, RERS 2026, chapitre 10 (DEPP_RERS2026_chapitre10_budgets_couts_financements.pdf), fiche 10.06, p.419 imprimée = p.13 du PDF;
10.06;Montant annuel des aides par nature (milliers d'euros);Bourses et primes de lycée;État (MEN);572167;milliers d'€ courants;2024;"2025 = année scolaire 2025-2026 pour les bourses ; fonds sociaux = RAP 2025 (année civile)";France + Saint-Pierre-et-Miquelon, public + privé;DEPP, RERS 2026, chapitre 10 (DEPP_RERS2026_chapitre10_budgets_couts_financements.pdf), fiche 10.06, p.419 imprimée = p.13 du PDF;
10.06;Montant annuel des aides par nature (milliers d'euros);Bourses et primes de lycée;État (MEN);594786;milliers d'€ courants;2025;"2025 = année scolaire 2025-2026 pour les bourses ; fonds sociaux = RAP 2025 (année civile)";France + Saint-Pierre-et-Miquelon, public + privé;DEPP, RERS 2026, chapitre 10 (DEPP_RERS2026_chapitre10_budgets_couts_financements.pdf), fiche 10.06, p.419 imprimée = p.13 du PDF;
10.06;Montant annuel des aides par nature (milliers d'euros);Primes à l'internat - collège;État (MEN);1611;milliers d'€ courants;2024;"2025 = année scolaire 2025-2026 pour les bourses ; fonds sociaux = RAP 2025 (année civile)";France + Saint-Pierre-et-Miquelon, public + privé;DEPP, RERS 2026, chapitre 10 (DEPP_RERS2026_chapitre10_budgets_couts_financements.pdf), fiche 10.06, p.419 imprimée = p.13 du PDF;
10.06;Montant annuel des aides par nature (milliers d'euros);Primes à l'internat - collège;État (MEN);1570;milliers d'€ courants;2025;"2025 = année scolaire 2025-2026 pour les bourses ; fonds sociaux = RAP 2025 (année civile)";France + Saint-Pierre-et-Miquelon, public + privé;DEPP, RERS 2026, chapitre 10 (DEPP_RERS2026_chapitre10_budgets_couts_financements.pdf), fiche 10.06, p.419 imprimée = p.13 du PDF;
10.06;Montant annuel des aides par nature (milliers d'euros);Primes à l'internat - lycée;État (MEN);18843;milliers d'€ courants;2024;"2025 = année scolaire 2025-2026 pour les bourses ; fonds sociaux = RAP 2025 (année civile)";France + Saint-Pierre-et-Miquelon, public + privé;DEPP, RERS 2026, chapitre 10 (DEPP_RERS2026_chapitre10_budgets_couts_financements.pdf), fiche 10.06, p.419 imprimée = p.13 du PDF;
10.06;Montant annuel des aides par nature (milliers d'euros);Primes à l'internat - lycée;État (MEN);19101;milliers d'€ courants;2025;"2025 = année scolaire 2025-2026 pour les bourses ; fonds sociaux = RAP 2025 (année civile)";France + Saint-Pierre-et-Miquelon, public + privé;DEPP, RERS 2026, chapitre 10 (DEPP_RERS2026_chapitre10_budgets_couts_financements.pdf), fiche 10.06, p.419 imprimée = p.13 du PDF;
10.06;Montant annuel des aides par nature (milliers d'euros);Fonds sociaux;État (MEN);41850;milliers d'€ courants;2024;"2025 = année scolaire 2025-2026 pour les bourses ; fonds sociaux = RAP 2025 (année civile)";France + Saint-Pierre-et-Miquelon, public + privé;DEPP, RERS 2026, chapitre 10 (DEPP_RERS2026_chapitre10_budgets_couts_financements.pdf), fiche 10.06, p.419 imprimée = p.13 du PDF;
10.06;Montant annuel des aides par nature (milliers d'euros);Fonds sociaux;État (MEN);27542;milliers d'€ courants;2025;"2025 = année scolaire 2025-2026 pour les bourses ; fonds sociaux = RAP 2025 (année civile)";France + Saint-Pierre-et-Miquelon, public + privé;DEPP, RERS 2026, chapitre 10 (DEPP_RERS2026_chapitre10_budgets_couts_financements.pdf), fiche 10.06, p.419 imprimée = p.13 du PDF;
10.06;Montant annuel des aides par nature (milliers d'euros);Total aides directes MEN;État (MEN);877933;milliers d'€ courants;2024;"2025 = année scolaire 2025-2026 pour les bourses ; fonds sociaux = RAP 2025 (année civile)";France + Saint-Pierre-et-Miquelon, public + privé;DEPP, RERS 2026, chapitre 10 (DEPP_RERS2026_chapitre10_budgets_couts_financements.pdf), fiche 10.06, p.419 imprimée = p.13 du PDF;
10.06;Montant annuel des aides par nature (milliers d'euros);Total aides directes MEN;État (MEN);902172;milliers d'€ courants;2025;"2025 = année scolaire 2025-2026 pour les bourses ; fonds sociaux = RAP 2025 (année civile)";France + Saint-Pierre-et-Miquelon, public + privé;DEPP, RERS 2026, chapitre 10 (DEPP_RERS2026_chapitre10_budgets_couts_financements.pdf), fiche 10.06, p.419 imprimée = p.13 du PDF;"le texte de la fiche indique « 74,6 millions d'euros au titre des bourses » : incohérent avec le tableau (coquille probable) ; retenir le tableau"
10.06;Montant annuel des aides par nature (milliers d'euros);Allocation de rentrée scolaire (ARS);Autres APU (CNAF, MSA);2174851;milliers d'€ courants;2024;"2025 = année scolaire 2025-2026 pour les bourses ; fonds sociaux = RAP 2025 (année civile)";France + Saint-Pierre-et-Miquelon, public + privé;DEPP, RERS 2026, chapitre 10 (DEPP_RERS2026_chapitre10_budgets_couts_financements.pdf), fiche 10.06, p.419 imprimée = p.13 du PDF;
10.06;Montant annuel des aides par nature (milliers d'euros);Allocation de rentrée scolaire (ARS);Autres APU (CNAF, MSA);2207791;milliers d'€ courants;2025;"2025 = année scolaire 2025-2026 pour les bourses ; fonds sociaux = RAP 2025 (année civile)";France + Saint-Pierre-et-Miquelon, public + privé;DEPP, RERS 2026, chapitre 10 (DEPP_RERS2026_chapitre10_budgets_couts_financements.pdf), fiche 10.06, p.419 imprimée = p.13 du PDF;
