territoire;statut;programme;page_pdf;AE_execution_2024;CP_execution_2024;AE_LFI_2025;CP_LFI_2025;AE_PLF_2026;CP_PLF_2026;source
SYNTHESE TOUS CREDITS - DPT OUTRE-MER 2026;total outre-mer;MIES;231;6498380146;6494822865;6585221376;6539774931;6603508173;6624353010;DPT « Outre-mer » annexé au PLF 2026 (PDF du 22/10/2025), annexe « Effort budgétaire et financier de l'État dans les outre-mer » : synthèse p.229-231, tableaux par territoire p.232-277 (page PDF = page imprimée)
SYNTHESE TOUS CREDITS - DPT OUTRE-MER 2026;total outre-mer;139;231;457699865;457699866;468834753;468834753;464418922;464418922;DPT « Outre-mer » annexé au PLF 2026 (PDF du 22/10/2025), annexe « Effort budgétaire et financier de l'État dans les outre-mer » : synthèse p.229-231, tableaux par territoire p.232-277 (page PDF = page imprimée)
SYNTHESE TOUS CREDITS - DPT OUTRE-MER 2026;total outre-mer;140;231;1976602088;1976840401;2041317520;2041391987;2063848130;2064041450;DPT « Outre-mer » annexé au PLF 2026 (PDF du 22/10/2025), annexe « Effort budgétaire et financier de l'État dans les outre-mer » : synthèse p.229-231, tableaux par territoire p.232-277 (page PDF = page imprimée)
SYNTHESE TOUS CREDITS - DPT OUTRE-MER 2026;total outre-mer;141;231;2984729747;2984764279;2984767047;2984767047;3015237643;3015237643;DPT « Outre-mer » annexé au PLF 2026 (PDF du 22/10/2025), annexe « Effort budgétaire et financier de l'État dans les outre-mer » : synthèse p.229-231, tableaux par territoire p.232-277 (page PDF = page imprimée)
SYNTHESE TOUS CREDITS - DPT OUTRE-MER 2026;total outre-mer;143;231;82952095;82997019;79692592;79692592;101479708;88288875;DPT « Outre-mer » annexé au PLF 2026 (PDF du 22/10/2025), annexe « Effort budgétaire et financier de l'État dans les outre-mer » : synthèse p.229-231, tableaux par territoire p.232-277 (page PDF = page imprimée)
SYNTHESE TOUS CREDITS - DPT OUTRE-MER 2026;total outre-mer;214;231;299079103;296054456;339386808;293866646;288838213;323022121;DPT « Outre-mer » annexé au PLF 2026 (PDF du 22/10/2025), annexe « Effort budgétaire et financier de l'État dans les outre-mer » : synthèse p.229-231, tableaux par territoire p.232-277 (page PDF = page imprimée)
SYNTHESE TOUS CREDITS - DPT OUTRE-MER 2026;total outre-mer;230;231;697317247;696466844;671222656;671221906;669685555;669343998;DPT « Outre-mer » annexé au PLF 2026 (PDF du 22/10/2025), annexe « Effort budgétaire et financier de l'État dans les outre-mer » : synthèse p.229-231, tableaux par territoire p.232-277 (page PDF = page imprimée)
GUADELOUPE;DROM;MIES;234;850928635;851391011;857010666;860138084;868502270;871955192;DPT « Outre-mer » annexé au PLF 2026 (PDF du 22/10/2025), annexe « Effort budgétaire et financier de l'État dans les outre-mer » : synthèse p.229-231, tableaux par territoire p.232-277 (page PDF = page imprimée)
GUADELOUPE;DROM;139;234;49746029;49746030;50644548;50644548;50401876;50401876;DPT « Outre-mer » annexé au PLF 2026 (PDF du 22/10/2025), annexe « Effort budgétaire et financier de l'État dans les outre-mer » : synthèse p.229-231, tableaux par territoire p.232-277 (page PDF = page imprimée)
GUADELOUPE;DROM;140;234;259888620;259887042;264561744;264564267;268776364;268811668;DPT « Outre-mer » annexé au PLF 2026 (PDF du 22/10/2025), annexe « Effort budgétaire et financier de l'État dans les outre-mer » : synthèse p.229-231, tableaux par territoire p.232-277 (page PDF = page imprimée)
GUADELOUPE;DROM;141;234;410874528;410915761;418327245;418327245;424886558;424886558;DPT « Outre-mer » annexé au PLF 2026 (PDF du 22/10/2025), annexe « Effort budgétaire et financier de l'État dans les outre-mer » : synthèse p.229-231, tableaux par territoire p.232-277 (page PDF = page imprimée)
GUADELOUPE;DROM;143;234;9786537;9787099;9531579;9531579;9846910;9846910;DPT « Outre-mer » annexé au PLF 2026 (PDF du 22/10/2025), annexe « Effort budgétaire et financier de l'État dans les outre-mer » : synthèse p.229-231, tableaux par territoire p.232-277 (page PDF = page imprimée)
GUADELOUPE;DROM;214;234;29749317;30165669;29763657;32888553;30360648;33822460;DPT « Outre-mer » annexé au PLF 2026 (PDF du 22/10/2025), annexe « Effort budgétaire et financier de l'État dans les outre-mer » : synthèse p.229-231, tableaux par territoire p.232-277 (page PDF = page imprimée)
GUADELOUPE;DROM;230;234;90883606;90889411;84181892;84181892;84229915;84185720;DPT « Outre-mer » annexé au PLF 2026 (PDF du 22/10/2025), annexe « Effort budgétaire et financier de l'État dans les outre-mer » : synthèse p.229-231, tableaux par territoire p.232-277 (page PDF = page imprimée)
MARTINIQUE;DROM;MIES;237;736966169;734417337;735107032;736047792;745152896;746331432;DPT « Outre-mer » annexé au PLF 2026 (PDF du 22/10/2025), annexe « Effort budgétaire et financier de l'État dans les outre-mer » : synthèse p.229-231, tableaux par territoire p.232-277 (page PDF = page imprimée)
MARTINIQUE;DROM;139;238;46117547;46117547;46731247;46731247;46507802;46507802;DPT « Outre-mer » annexé au PLF 2026 (PDF du 22/10/2025), annexe « Effort budgétaire et financier de l'État dans les outre-mer » : synthèse p.229-231, tableaux par territoire p.232-277 (page PDF = page imprimée)
MARTINIQUE;DROM;140;238;237222408;237288668;240658517;240710503;244536580;244597949;DPT « Outre-mer » annexé au PLF 2026 (PDF du 22/10/2025), annexe « Effort budgétaire et financier de l'État dans les outre-mer » : synthèse p.229-231, tableaux par territoire p.232-277 (page PDF = page imprimée)
MARTINIQUE;DROM;141;238;337911678;337912915;341642904;341642904;347048113;347048113;DPT « Outre-mer » annexé au PLF 2026 (PDF du 22/10/2025), annexe « Effort budgétaire et financier de l'État dans les outre-mer » : synthèse p.229-231, tableaux par territoire p.232-277 (page PDF = page imprimée)
MARTINIQUE;DROM;143;238;10266165;10256137;10057059;10057059;10335508;10335508;DPT « Outre-mer » annexé au PLF 2026 (PDF du 22/10/2025), annexe « Effort budgétaire et financier de l'État dans les outre-mer » : synthèse p.229-231, tableaux par territoire p.232-277 (page PDF = page imprimée)
MARTINIQUE;DROM;214;238;33354438;30727857;28728481;29616556;29286699;30436417;DPT « Outre-mer » annexé au PLF 2026 (PDF du 22/10/2025), annexe « Effort budgétaire et financier de l'État dans les outre-mer » : synthèse p.229-231, tableaux par territoire p.232-277 (page PDF = page imprimée)
MARTINIQUE;DROM;230;238;72093934;72114214;67288823;67289523;67438194;67405644;DPT « Outre-mer » annexé au PLF 2026 (PDF du 22/10/2025), annexe « Effort budgétaire et financier de l'État dans les outre-mer » : synthèse p.229-231, tableaux par territoire p.232-277 (page PDF = page imprimée)
GUYANE;DROM;MIES;241;786480553;786990418;796624138;796812699;807343250;807828125;DPT « Outre-mer » annexé au PLF 2026 (PDF du 22/10/2025), annexe « Effort budgétaire et financier de l'État dans les outre-mer » : synthèse p.229-231, tableaux par territoire p.232-277 (page PDF = page imprimée)
GUYANE;DROM;139;241;27210870;27210870;27052327;27052327;26921185;26921185;DPT « Outre-mer » annexé au PLF 2026 (PDF du 22/10/2025), annexe « Effort budgétaire et financier de l'État dans les outre-mer » : synthèse p.229-231, tableaux par territoire p.232-277 (page PDF = page imprimée)
GUYANE;DROM;140;241;295984426;296065712;305276281;305276281;310153691;310185731;DPT « Outre-mer » annexé au PLF 2026 (PDF du 22/10/2025), annexe « Effort budgétaire et financier de l'État dans les outre-mer » : synthèse p.229-231, tableaux par territoire p.232-277 (page PDF = page imprimée)
GUYANE;DROM;141;241;340011240;340055670;350756270;350756270;356214182;356214182;DPT « Outre-mer » annexé au PLF 2026 (PDF du 22/10/2025), annexe « Effort budgétaire et financier de l'État dans les outre-mer » : synthèse p.229-231, tableaux par territoire p.232-277 (page PDF = page imprimée)
GUYANE;DROM;143;241;11481655;11525102;11582361;11582361;11985725;11985725;DPT « Outre-mer » annexé au PLF 2026 (PDF du 22/10/2025), annexe « Effort budgétaire et financier de l'État dans les outre-mer » : synthèse p.229-231, tableaux par territoire p.232-277 (page PDF = page imprimée)
GUYANE;DROM;214;241;23148270;23490046;22830443;23020454;23180948;23682112;DPT « Outre-mer » annexé au PLF 2026 (PDF du 22/10/2025), annexe « Effort budgétaire et financier de l'État dans les outre-mer » : synthèse p.229-231, tableaux par territoire p.232-277 (page PDF = page imprimée)
GUYANE;DROM;230;241;88644093;88643018;79126456;79125006;78887519;78839190;DPT « Outre-mer » annexé au PLF 2026 (PDF du 22/10/2025), annexe « Effort budgétaire et financier de l'État dans les outre-mer » : synthèse p.229-231, tableaux par territoire p.232-277 (page PDF = page imprimée)
LA REUNION;DROM;MIES;244;2111637174;2112370193;2157345483;2157601595;2186912124;2187512705;DPT « Outre-mer » annexé au PLF 2026 (PDF du 22/10/2025), annexe « Effort budgétaire et financier de l'État dans les outre-mer » : synthèse p.229-231, tableaux par territoire p.232-277 (page PDF = page imprimée)
LA REUNION;DROM;139;245;88362588;88362588;90401778;90401778;89968793;89968793;DPT « Outre-mer » annexé au PLF 2026 (PDF du 22/10/2025), annexe « Effort budgétaire et financier de l'État dans les outre-mer » : synthèse p.229-231, tableaux par territoire p.232-277 (page PDF = page imprimée)
LA REUNION;DROM;140;245;704060774;704043547;723314798;723314798;734993280;735018379;DPT « Outre-mer » annexé au PLF 2026 (PDF du 22/10/2025), annexe « Effort budgétaire et financier de l'État dans les outre-mer » : synthèse p.229-231, tableaux par territoire p.232-277 (page PDF = page imprimée)
LA REUNION;DROM;141;245;1021819997;1021821613;1049003358;1049003358;1065711506;1065711506;DPT « Outre-mer » annexé au PLF 2026 (PDF du 22/10/2025), annexe « Effort budgétaire et financier de l'État dans les outre-mer » : synthèse p.229-231, tableaux par territoire p.232-277 (page PDF = page imprimée)
LA REUNION;DROM;143;245;17396059;17395711;17091150;17091150;17642194;17642194;DPT « Outre-mer » annexé au PLF 2026 (PDF du 22/10/2025), annexe « Effort budgétaire et financier de l'État dans les outre-mer » : synthèse p.229-231, tableaux par territoire p.232-277 (page PDF = page imprimée)
LA REUNION;DROM;214;245;47386605;48134403;46472857;46728969;47327543;48022884;DPT « Outre-mer » annexé au PLF 2026 (PDF du 22/10/2025), annexe « Effort budgétaire et financier de l'État dans les outre-mer » : synthèse p.229-231, tableaux par territoire p.232-277 (page PDF = page imprimée)
LA REUNION;DROM;230;245;232611151;232612331;231061543;231061543;231268808;231148949;DPT « Outre-mer » annexé au PLF 2026 (PDF du 22/10/2025), annexe « Effort budgétaire et financier de l'État dans les outre-mer » : synthèse p.229-231, tableaux par territoire p.232-277 (page PDF = page imprimée)
SAINT-PIERRE-ET-MIQUELON;COM;MIES;248;18050919;18986498;16933277;16694445;17072398;16852960;DPT « Outre-mer » annexé au PLF 2026 (PDF du 22/10/2025), annexe « Effort budgétaire et financier de l'État dans les outre-mer » : synthèse p.229-231, tableaux par territoire p.232-277 (page PDF = page imprimée)
SAINT-PIERRE-ET-MIQUELON;COM;139;248;4286606;4286606;4414165;4414165;4392785;4392785;DPT « Outre-mer » annexé au PLF 2026 (PDF du 22/10/2025), annexe « Effort budgétaire et financier de l'État dans les outre-mer » : synthèse p.229-231, tableaux par territoire p.232-277 (page PDF = page imprimée)
SAINT-PIERRE-ET-MIQUELON;COM;140;248;2952179;2952179;3041106;3041106;3087676;3088835;DPT « Outre-mer » annexé au PLF 2026 (PDF du 22/10/2025), annexe « Effort budgétaire et financier de l'État dans les outre-mer » : synthèse p.229-231, tableaux par territoire p.232-277 (page PDF = page imprimée)
SAINT-PIERRE-ET-MIQUELON;COM;141;248;7221538;7222372;5920851;5920851;5997908;5997908;DPT « Outre-mer » annexé au PLF 2026 (PDF du 22/10/2025), annexe « Effort budgétaire et financier de l'État dans les outre-mer » : synthèse p.229-231, tableaux par territoire p.232-277 (page PDF = page imprimée)
SAINT-PIERRE-ET-MIQUELON;COM;143;248;0;0;0;0;0;0;DPT « Outre-mer » annexé au PLF 2026 (PDF du 22/10/2025), annexe « Effort budgétaire et financier de l'État dans les outre-mer » : synthèse p.229-231, tableaux par territoire p.232-277 (page PDF = page imprimée)
SAINT-PIERRE-ET-MIQUELON;COM;214;248;1591447;2526192;1712424;1473592;1734213;1514315;DPT « Outre-mer » annexé au PLF 2026 (PDF du 22/10/2025), annexe « Effort budgétaire et financier de l'État dans les outre-mer » : synthèse p.229-231, tableaux par territoire p.232-277 (page PDF = page imprimée)
SAINT-PIERRE-ET-MIQUELON;COM;230;248;1999149;1999149;1844731;1844731;1859815;1859116;DPT « Outre-mer » annexé au PLF 2026 (PDF du 22/10/2025), annexe « Effort budgétaire et financier de l'État dans les outre-mer » : synthèse p.229-231, tableaux par territoire p.232-277 (page PDF = page imprimée)
MAYOTTE;DROM;MIES;251;853001178;849014199;905388270;855321399;879619421;893525335;DPT « Outre-mer » annexé au PLF 2026 (PDF du 22/10/2025), annexe « Effort budgétaire et financier de l'État dans les outre-mer » : synthèse p.229-231, tableaux par territoire p.232-277 (page PDF = page imprimée)
MAYOTTE;DROM;139;252;3985654;3985654;2322717;2322717;2309611;2309611;DPT « Outre-mer » annexé au PLF 2026 (PDF du 22/10/2025), annexe « Effort budgétaire et financier de l'État dans les outre-mer » : synthèse p.229-231, tableaux par territoire p.232-277 (page PDF = page imprimée)
MAYOTTE;DROM;140;252;288173489;288283060;301118658;301138618;305983259;306011688;DPT « Outre-mer » annexé au PLF 2026 (PDF du 22/10/2025), annexe « Effort budgétaire et financier de l'État dans les outre-mer » : synthèse p.229-231, tableaux par territoire p.232-277 (page PDF = page imprimée)
MAYOTTE;DROM;141;252;323916984;323860066;334542056;334542056;339116843;339116843;DPT « Outre-mer » annexé au PLF 2026 (PDF du 22/10/2025), annexe « Effort budgétaire et financier de l'État dans les outre-mer » : synthèse p.229-231, tableaux par territoire p.232-277 (page PDF = page imprimée)
MAYOTTE;DROM;143;252;11939762;11949709;9032400;9032400;28051783;14860950;DPT « Outre-mer » annexé au PLF 2026 (PDF du 22/10/2025), annexe « Effort budgétaire et financier de l'État dans les outre-mer » : synthèse p.229-231, tableaux par territoire p.232-277 (page PDF = page imprimée)
MAYOTTE;DROM;214;252;116990241;113809455;161334869;111248038;108820915;135973836;DPT « Outre-mer » annexé au PLF 2026 (PDF du 22/10/2025), annexe « Effort budgétaire et financier de l'État dans les outre-mer » : synthèse p.229-231, tableaux par territoire p.232-277 (page PDF = page imprimée)
MAYOTTE;DROM;230;252;107995048;107126255;97037570;97037570;95337010;95252406;DPT « Outre-mer » annexé au PLF 2026 (PDF du 22/10/2025), annexe « Effort budgétaire et financier de l'État dans les outre-mer » : synthèse p.229-231, tableaux par territoire p.232-277 (page PDF = page imprimée)
SAINT-MARTIN;COM;MIES;255;0;0;0;0;0;0;DPT « Outre-mer » annexé au PLF 2026 (PDF du 22/10/2025), annexe « Effort budgétaire et financier de l'État dans les outre-mer » : synthèse p.229-231, tableaux par territoire p.232-277 (page PDF = page imprimée)
SAINT-MARTIN;COM;139;255;0;0;0;0;0;0;DPT « Outre-mer » annexé au PLF 2026 (PDF du 22/10/2025), annexe « Effort budgétaire et financier de l'État dans les outre-mer » : synthèse p.229-231, tableaux par territoire p.232-277 (page PDF = page imprimée)
SAINT-MARTIN;COM;140;255;0;0;0;0;0;0;DPT « Outre-mer » annexé au PLF 2026 (PDF du 22/10/2025), annexe « Effort budgétaire et financier de l'État dans les outre-mer » : synthèse p.229-231, tableaux par territoire p.232-277 (page PDF = page imprimée)
SAINT-MARTIN;COM;141;255;0;0;0;0;0;0;DPT « Outre-mer » annexé au PLF 2026 (PDF du 22/10/2025), annexe « Effort budgétaire et financier de l'État dans les outre-mer » : synthèse p.229-231, tableaux par territoire p.232-277 (page PDF = page imprimée)
SAINT-MARTIN;COM;143;255;0;0;0;0;0;0;DPT « Outre-mer » annexé au PLF 2026 (PDF du 22/10/2025), annexe « Effort budgétaire et financier de l'État dans les outre-mer » : synthèse p.229-231, tableaux par territoire p.232-277 (page PDF = page imprimée)
SAINT-MARTIN;COM;214;255;0;0;0;0;0;0;DPT « Outre-mer » annexé au PLF 2026 (PDF du 22/10/2025), annexe « Effort budgétaire et financier de l'État dans les outre-mer » : synthèse p.229-231, tableaux par territoire p.232-277 (page PDF = page imprimée)
SAINT-MARTIN;COM;230;255;0;0;0;0;0;0;DPT « Outre-mer » annexé au PLF 2026 (PDF du 22/10/2025), annexe « Effort budgétaire et financier de l'État dans les outre-mer » : synthèse p.229-231, tableaux par territoire p.232-277 (page PDF = page imprimée)
SAINT-BARTHELEMY;COM;MIES;258;0;0;0;0;0;0;DPT « Outre-mer » annexé au PLF 2026 (PDF du 22/10/2025), annexe « Effort budgétaire et financier de l'État dans les outre-mer » : synthèse p.229-231, tableaux par territoire p.232-277 (page PDF = page imprimée)
SAINT-BARTHELEMY;COM;139;259;0;0;0;0;0;0;DPT « Outre-mer » annexé au PLF 2026 (PDF du 22/10/2025), annexe « Effort budgétaire et financier de l'État dans les outre-mer » : synthèse p.229-231, tableaux par territoire p.232-277 (page PDF = page imprimée)
SAINT-BARTHELEMY;COM;140;259;0;0;0;0;0;0;DPT « Outre-mer » annexé au PLF 2026 (PDF du 22/10/2025), annexe « Effort budgétaire et financier de l'État dans les outre-mer » : synthèse p.229-231, tableaux par territoire p.232-277 (page PDF = page imprimée)
SAINT-BARTHELEMY;COM;141;259;0;0;0;0;0;0;DPT « Outre-mer » annexé au PLF 2026 (PDF du 22/10/2025), annexe « Effort budgétaire et financier de l'État dans les outre-mer » : synthèse p.229-231, tableaux par territoire p.232-277 (page PDF = page imprimée)
SAINT-BARTHELEMY;COM;143;259;0;0;0;0;0;0;DPT « Outre-mer » annexé au PLF 2026 (PDF du 22/10/2025), annexe « Effort budgétaire et financier de l'État dans les outre-mer » : synthèse p.229-231, tableaux par territoire p.232-277 (page PDF = page imprimée)
SAINT-BARTHELEMY;COM;214;259;0;0;0;0;0;0;DPT « Outre-mer » annexé au PLF 2026 (PDF du 22/10/2025), annexe « Effort budgétaire et financier de l'État dans les outre-mer » : synthèse p.229-231, tableaux par territoire p.232-277 (page PDF = page imprimée)
SAINT-BARTHELEMY;COM;230;259;0;0;0;0;0;0;DPT « Outre-mer » annexé au PLF 2026 (PDF du 22/10/2025), annexe « Effort budgétaire et financier de l'État dans les outre-mer » : synthèse p.229-231, tableaux par territoire p.232-277 (page PDF = page imprimée)
TERRES AUSTRALES ET ANTARCTIQUES FRANÇAISES (TAAF);COM (TAAF);MIES;262;0;0;0;0;0;0;DPT « Outre-mer » annexé au PLF 2026 (PDF du 22/10/2025), annexe « Effort budgétaire et financier de l'État dans les outre-mer » : synthèse p.229-231, tableaux par territoire p.232-277 (page PDF = page imprimée)
TERRES AUSTRALES ET ANTARCTIQUES FRANÇAISES (TAAF);COM (TAAF);139;262;0;0;0;0;0;0;DPT « Outre-mer » annexé au PLF 2026 (PDF du 22/10/2025), annexe « Effort budgétaire et financier de l'État dans les outre-mer » : synthèse p.229-231, tableaux par territoire p.232-277 (page PDF = page imprimée)
TERRES AUSTRALES ET ANTARCTIQUES FRANÇAISES (TAAF);COM (TAAF);140;262;0;0;0;0;0;0;DPT « Outre-mer » annexé au PLF 2026 (PDF du 22/10/2025), annexe « Effort budgétaire et financier de l'État dans les outre-mer » : synthèse p.229-231, tableaux par territoire p.232-277 (page PDF = page imprimée)
TERRES AUSTRALES ET ANTARCTIQUES FRANÇAISES (TAAF);COM (TAAF);141;262;0;0;0;0;0;0;DPT « Outre-mer » annexé au PLF 2026 (PDF du 22/10/2025), annexe « Effort budgétaire et financier de l'État dans les outre-mer » : synthèse p.229-231, tableaux par territoire p.232-277 (page PDF = page imprimée)
TERRES AUSTRALES ET ANTARCTIQUES FRANÇAISES (TAAF);COM (TAAF);143;262;0;0;0;0;0;0;DPT « Outre-mer » annexé au PLF 2026 (PDF du 22/10/2025), annexe « Effort budgétaire et financier de l'État dans les outre-mer » : synthèse p.229-231, tableaux par territoire p.232-277 (page PDF = page imprimée)
TERRES AUSTRALES ET ANTARCTIQUES FRANÇAISES (TAAF);COM (TAAF);214;262;0;0;0;0;0;0;DPT « Outre-mer » annexé au PLF 2026 (PDF du 22/10/2025), annexe « Effort budgétaire et financier de l'État dans les outre-mer » : synthèse p.229-231, tableaux par territoire p.232-277 (page PDF = page imprimée)
TERRES AUSTRALES ET ANTARCTIQUES FRANÇAISES (TAAF);COM (TAAF);230;262;0;0;0;0;0;0;DPT « Outre-mer » annexé au PLF 2026 (PDF du 22/10/2025), annexe « Effort budgétaire et financier de l'État dans les outre-mer » : synthèse p.229-231, tableaux par territoire p.232-277 (page PDF = page imprimée)
WALLIS-ET-FUTUNA;COM;MIES;265;57433955;57366097;54037106;54036053;54863309;54995004;DPT « Outre-mer » annexé au PLF 2026 (PDF du 22/10/2025), annexe « Effort budgétaire et financier de l'État dans les outre-mer » : synthèse p.229-231, tableaux par territoire p.232-277 (page PDF = page imprimée)
WALLIS-ET-FUTUNA;COM;139;266;12076703;12076703;12288991;12288991;12227004;12227004;DPT « Outre-mer » annexé au PLF 2026 (PDF du 22/10/2025), annexe « Effort budgétaire et financier de l'État dans les outre-mer » : synthèse p.229-231, tableaux par territoire p.232-277 (page PDF = page imprimée)
WALLIS-ET-FUTUNA;COM;140;266;375462;375462;386741;386741;393018;393018;DPT « Outre-mer » annexé au PLF 2026 (PDF du 22/10/2025), annexe « Effort budgétaire et financier de l'État dans les outre-mer » : synthèse p.229-231, tableaux par territoire p.232-277 (page PDF = page imprimée)
WALLIS-ET-FUTUNA;COM;141;266;27619973;27619973;23721398;23721398;24078699;24078699;DPT « Outre-mer » annexé au PLF 2026 (PDF du 22/10/2025), annexe « Effort budgétaire et financier de l'État dans les outre-mer » : synthèse p.229-231, tableaux par territoire p.232-277 (page PDF = page imprimée)
WALLIS-ET-FUTUNA;COM;143;266;2042011;2042011;1988792;1988792;2243447;2243447;DPT « Outre-mer » annexé au PLF 2026 (PDF du 22/10/2025), annexe « Effort budgétaire et financier de l'État dans les outre-mer » : synthèse p.229-231, tableaux par territoire p.232-277 (page PDF = page imprimée)
WALLIS-ET-FUTUNA;COM;214;266;7287044;7226987;7132755;7131702;7213118;7345745;DPT « Outre-mer » annexé au PLF 2026 (PDF du 22/10/2025), annexe « Effort budgétaire et financier de l'État dans les outre-mer » : synthèse p.229-231, tableaux par territoire p.232-277 (page PDF = page imprimée)
WALLIS-ET-FUTUNA;COM;230;266;8032761;8024961;8518430;8518430;8708023;8707092;DPT « Outre-mer » annexé au PLF 2026 (PDF du 22/10/2025), annexe « Effort budgétaire et financier de l'État dans les outre-mer » : synthèse p.229-231, tableaux par territoire p.232-277 (page PDF = page imprimée)
POLYNESIE FRANÇAISE;COM;MIES;269;638855184;639254605;602324012;602671472;608809767;609851109;DPT « Outre-mer » annexé au PLF 2026 (PDF du 22/10/2025), annexe « Effort budgétaire et financier de l'État dans les outre-mer » : synthèse p.229-231, tableaux par territoire p.232-277 (page PDF = page imprimée)
POLYNESIE FRANÇAISE;COM;139;269;109565614;109565614;112555835;112555835;111997499;111997499;DPT « Outre-mer » annexé au PLF 2026 (PDF du 22/10/2025), annexe « Effort budgétaire et financier de l'État dans les outre-mer » : synthèse p.229-231, tableaux par territoire p.232-277 (page PDF = page imprimée)
POLYNESIE FRANÇAISE;COM;140;269;186444962;186444962;191271405;191271405;194351748;194361667;DPT « Outre-mer » annexé au PLF 2026 (PDF du 22/10/2025), annexe « Effort budgétaire et financier de l'État dans les outre-mer » : synthèse p.229-231, tableaux par territoire p.232-277 (page PDF = page imprimée)
POLYNESIE FRANÇAISE;COM;141;269;262775274;262777290;215084468;215084468;217405186;217405186;DPT « Outre-mer » annexé au PLF 2026 (PDF du 22/10/2025), annexe « Effort budgétaire et financier de l'État dans les outre-mer » : synthèse p.229-231, tableaux par territoire p.232-277 (page PDF = page imprimée)
POLYNESIE FRANÇAISE;COM;143;269;11903060;11903060;12087076;12087076;12847792;12847792;DPT « Outre-mer » annexé au PLF 2026 (PDF du 22/10/2025), annexe « Effort budgétaire et financier de l'État dans les outre-mer » : synthèse p.229-231, tableaux par territoire p.232-277 (page PDF = page imprimée)
POLYNESIE FRANÇAISE;COM;214;269;22741322;23138726;23169580;23517040;23246857;24288655;DPT « Outre-mer » annexé au PLF 2026 (PDF du 22/10/2025), annexe « Effort budgétaire et financier de l'État dans les outre-mer » : synthèse p.229-231, tableaux par territoire p.232-277 (page PDF = page imprimée)
POLYNESIE FRANÇAISE;COM;230;269;45424953;45424953;48155648;48155648;48960686;48950310;DPT « Outre-mer » annexé au PLF 2026 (PDF du 22/10/2025), annexe « Effort budgétaire et financier de l'État dans les outre-mer » : synthèse p.229-231, tableaux par territoire p.232-277 (page PDF = page imprimée)
NOUVELLE-CALEDONIE;COM;MIES;272;445026379;445032507;430103972;430103972;435232738;435501149;DPT « Outre-mer » annexé au PLF 2026 (PDF du 22/10/2025), annexe « Effort budgétaire et financier de l'État dans les outre-mer » : synthèse p.229-231, tableaux par territoire p.232-277 (page PDF = page imprimée)
NOUVELLE-CALEDONIE;COM;139;273;116348255;116348255;120244892;120244892;119692368;119692368;DPT « Outre-mer » annexé au PLF 2026 (PDF du 22/10/2025), annexe « Effort budgétaire et financier de l'État dans les outre-mer » : synthèse p.229-231, tableaux par territoire p.232-277 (page PDF = page imprimée)
NOUVELLE-CALEDONIE;COM;140;273;1499770;1499770;1547403;1547403;1572516;1572516;DPT « Outre-mer » annexé au PLF 2026 (PDF du 22/10/2025), annexe « Effort budgétaire et financier de l'État dans les outre-mer » : synthèse p.229-231, tableaux par territoire p.232-277 (page PDF = page imprimée)
NOUVELLE-CALEDONIE;COM;141;273;252578535;252578620;231007150;231007150;234778648;234778648;DPT « Outre-mer » annexé au PLF 2026 (PDF du 22/10/2025), annexe « Effort budgétaire et financier de l'État dans les outre-mer » : synthèse p.229-231, tableaux par territoire p.232-277 (page PDF = page imprimée)
NOUVELLE-CALEDONIE;COM;143;273;8136847;8138190;8322176;8322176;8526349;8526349;DPT « Outre-mer » annexé au PLF 2026 (PDF du 22/10/2025), annexe « Effort budgétaire et financier de l'État dans les outre-mer » : synthèse p.229-231, tableaux par territoire p.232-277 (page PDF = page imprimée)
NOUVELLE-CALEDONIE;COM;214;273;16830420;16835121;17427310;17427310;17667271;17935697;DPT « Outre-mer » annexé au PLF 2026 (PDF du 22/10/2025), annexe « Effort budgétaire et financier de l'État dans les outre-mer » : synthèse p.229-231, tableaux par territoire p.232-277 (page PDF = page imprimée)
NOUVELLE-CALEDONIE;COM;230;273;49632552;49632552;51555041;51555041;52995585;52995570;DPT « Outre-mer » annexé au PLF 2026 (PDF du 22/10/2025), annexe « Effort budgétaire et financier de l'État dans les outre-mer » : synthèse p.229-231, tableaux par territoire p.232-277 (page PDF = page imprimée)
CREDITS NON REPARTIS;non réparti;MIES;276;0;0;30347420;30347420;0;0;DPT « Outre-mer » annexé au PLF 2026 (PDF du 22/10/2025), annexe « Effort budgétaire et financier de l'État dans les outre-mer » : synthèse p.229-231, tableaux par territoire p.232-277 (page PDF = page imprimée)
CREDITS NON REPARTIS;non réparti;139;276;0;0;2178252;2178252;0;0;DPT « Outre-mer » annexé au PLF 2026 (PDF du 22/10/2025), annexe « Effort budgétaire et financier de l'État dans les outre-mer » : synthèse p.229-231, tableaux par territoire p.232-277 (page PDF = page imprimée)
CREDITS NON REPARTIS;non réparti;140;276;0;0;10140865;10140865;0;0;DPT « Outre-mer » annexé au PLF 2026 (PDF du 22/10/2025), annexe « Effort budgétaire et financier de l'État dans les outre-mer » : synthèse p.229-231, tableaux par territoire p.232-277 (page PDF = page imprimée)
CREDITS NON REPARTIS;non réparti;141;276;0;0;14761348;14761348;0;0;DPT « Outre-mer » annexé au PLF 2026 (PDF du 22/10/2025), annexe « Effort budgétaire et financier de l'État dans les outre-mer » : synthèse p.229-231, tableaux par territoire p.232-277 (page PDF = page imprimée)
CREDITS NON REPARTIS;non réparti;143;276;0;0;0;0;0;0;DPT « Outre-mer » annexé au PLF 2026 (PDF du 22/10/2025), annexe « Effort budgétaire et financier de l'État dans les outre-mer » : synthèse p.229-231, tableaux par territoire p.232-277 (page PDF = page imprimée)
CREDITS NON REPARTIS;non réparti;214;276;0;0;814432;814432;0;0;DPT « Outre-mer » annexé au PLF 2026 (PDF du 22/10/2025), annexe « Effort budgétaire et financier de l'État dans les outre-mer » : synthèse p.229-231, tableaux par territoire p.232-277 (page PDF = page imprimée)
CREDITS NON REPARTIS;non réparti;230;276;0;0;2452523;2452523;0;0;DPT « Outre-mer » annexé au PLF 2026 (PDF du 22/10/2025), annexe « Effort budgétaire et financier de l'État dans les outre-mer » : synthèse p.229-231, tableaux par territoire p.232-277 (page PDF = page imprimée)
