Programme;libelle_programme;Action;libelle_action;T2;T3;T5;T6;T7;CP_total_EUR;source
139;Enseignement privé du premier et du second degrés;01;Enseignement pré-élémentaire;392947245.0;0.0;;0.0;;392947245;DGFiP / Direction du budget, jeu data.economie.gouv.fr « Exécution du budget de l'État 2013 en AE et CP (PLR 2013) », fichier CP mission/programme/action/titre (PLR2013_execution_CP_mission_programme_action_titre.csv), lignes Mission = Enseignement scolaire
139;Enseignement privé du premier et du second degrés;02;Enseignement élémentaire;1192964551.0;9508.0;;0.0;;1192974059;DGFiP / Direction du budget, jeu data.economie.gouv.fr « Exécution du budget de l'État 2013 en AE et CP (PLR 2013) », fichier CP mission/programme/action/titre (PLR2013_execution_CP_mission_programme_action_titre.csv), lignes Mission = Enseignement scolaire
139;Enseignement privé du premier et du second degrés;03;Enseignement en collège;1894629158.0;;;0.0;;1894629158;DGFiP / Direction du budget, jeu data.economie.gouv.fr « Exécution du budget de l'État 2013 en AE et CP (PLR 2013) », fichier CP mission/programme/action/titre (PLR2013_execution_CP_mission_programme_action_titre.csv), lignes Mission = Enseignement scolaire
139;Enseignement privé du premier et du second degrés;04;Enseignement général et technologique en lycée;1419546405.0;;;0.0;;1419546405;DGFiP / Direction du budget, jeu data.economie.gouv.fr « Exécution du budget de l'État 2013 en AE et CP (PLR 2013) », fichier CP mission/programme/action/titre (PLR2013_execution_CP_mission_programme_action_titre.csv), lignes Mission = Enseignement scolaire
139;Enseignement privé du premier et du second degrés;05;Enseignement professionnel sous statut scolaire;639570659.0;;;;;639570659;DGFiP / Direction du budget, jeu data.economie.gouv.fr « Exécution du budget de l'État 2013 en AE et CP (PLR 2013) », fichier CP mission/programme/action/titre (PLR2013_execution_CP_mission_programme_action_titre.csv), lignes Mission = Enseignement scolaire
139;Enseignement privé du premier et du second degrés;06;Enseignement post-baccalauréat en lycée;145583777.0;;;;;145583777;DGFiP / Direction du budget, jeu data.economie.gouv.fr « Exécution du budget de l'État 2013 en AE et CP (PLR 2013) », fichier CP mission/programme/action/titre (PLR2013_execution_CP_mission_programme_action_titre.csv), lignes Mission = Enseignement scolaire
139;Enseignement privé du premier et du second degrés;07;Dispositifs spécifiques de scolarisation;146931333.0;;;;;146931333;DGFiP / Direction du budget, jeu data.economie.gouv.fr « Exécution du budget de l'État 2013 en AE et CP (PLR 2013) », fichier CP mission/programme/action/titre (PLR2013_execution_CP_mission_programme_action_titre.csv), lignes Mission = Enseignement scolaire
139;Enseignement privé du premier et du second degrés;08;Actions sociales en faveur des élèves;0.0;0.0;;64326511.0;;64326511;DGFiP / Direction du budget, jeu data.economie.gouv.fr « Exécution du budget de l'État 2013 en AE et CP (PLR 2013) », fichier CP mission/programme/action/titre (PLR2013_execution_CP_mission_programme_action_titre.csv), lignes Mission = Enseignement scolaire
139;Enseignement privé du premier et du second degrés;09;Fonctionnement des établissements;;665967.0;;641842890.0;;642508857;DGFiP / Direction du budget, jeu data.economie.gouv.fr « Exécution du budget de l'État 2013 en AE et CP (PLR 2013) », fichier CP mission/programme/action/titre (PLR2013_execution_CP_mission_programme_action_titre.csv), lignes Mission = Enseignement scolaire
139;Enseignement privé du premier et du second degrés;10;Formation initiale et continue des enseignants;116395378.0;35.0;;40234151.0;;156629564;DGFiP / Direction du budget, jeu data.economie.gouv.fr « Exécution du budget de l'État 2013 en AE et CP (PLR 2013) », fichier CP mission/programme/action/titre (PLR2013_execution_CP_mission_programme_action_titre.csv), lignes Mission = Enseignement scolaire
139;Enseignement privé du premier et du second degrés;11;Remplacement;163389586.0;;;;;163389586;DGFiP / Direction du budget, jeu data.economie.gouv.fr « Exécution du budget de l'État 2013 en AE et CP (PLR 2013) », fichier CP mission/programme/action/titre (PLR2013_execution_CP_mission_programme_action_titre.csv), lignes Mission = Enseignement scolaire
139;Enseignement privé du premier et du second degrés;12;Soutien;220816828.0;4706716.0;;738.0;;225524282;DGFiP / Direction du budget, jeu data.economie.gouv.fr « Exécution du budget de l'État 2013 en AE et CP (PLR 2013) », fichier CP mission/programme/action/titre (PLR2013_execution_CP_mission_programme_action_titre.csv), lignes Mission = Enseignement scolaire
140;Enseignement scolaire public du premier degré;01;Enseignement pré-élémentaire;4882476660.0;430807.0;;142119.0;;4883049586;DGFiP / Direction du budget, jeu data.economie.gouv.fr « Exécution du budget de l'État 2013 en AE et CP (PLR 2013) », fichier CP mission/programme/action/titre (PLR2013_execution_CP_mission_programme_action_titre.csv), lignes Mission = Enseignement scolaire
140;Enseignement scolaire public du premier degré;02;Enseignement élémentaire;9454271081.0;5672693.0;66517.0;15300897.0;;9475311188;DGFiP / Direction du budget, jeu data.economie.gouv.fr « Exécution du budget de l'État 2013 en AE et CP (PLR 2013) », fichier CP mission/programme/action/titre (PLR2013_execution_CP_mission_programme_action_titre.csv), lignes Mission = Enseignement scolaire
140;Enseignement scolaire public du premier degré;03;Besoins éducatifs particuliers;1372431274.0;3180797.0;;17505.0;;1375629576;DGFiP / Direction du budget, jeu data.economie.gouv.fr « Exécution du budget de l'État 2013 en AE et CP (PLR 2013) », fichier CP mission/programme/action/titre (PLR2013_execution_CP_mission_programme_action_titre.csv), lignes Mission = Enseignement scolaire
140;Enseignement scolaire public du premier degré;04;Formation des personnels enseignants;455062028.0;9427032.0;0.0;188193.0;;464677253;DGFiP / Direction du budget, jeu data.economie.gouv.fr « Exécution du budget de l'État 2013 en AE et CP (PLR 2013) », fichier CP mission/programme/action/titre (PLR2013_execution_CP_mission_programme_action_titre.csv), lignes Mission = Enseignement scolaire
140;Enseignement scolaire public du premier degré;05;Remplacement;1382103886.0;1868.0;;;;1382105754;DGFiP / Direction du budget, jeu data.economie.gouv.fr « Exécution du budget de l'État 2013 en AE et CP (PLR 2013) », fichier CP mission/programme/action/titre (PLR2013_execution_CP_mission_programme_action_titre.csv), lignes Mission = Enseignement scolaire
140;Enseignement scolaire public du premier degré;06;Pilotage et encadrement pédagogique;1102986007.0;6489438.0;;0.0;;1109475445;DGFiP / Direction du budget, jeu data.economie.gouv.fr « Exécution du budget de l'État 2013 en AE et CP (PLR 2013) », fichier CP mission/programme/action/titre (PLR2013_execution_CP_mission_programme_action_titre.csv), lignes Mission = Enseignement scolaire
140;Enseignement scolaire public du premier degré;07;Personnels en situations diverses;58156814.0;191.0;;;;58157005;DGFiP / Direction du budget, jeu data.economie.gouv.fr « Exécution du budget de l'État 2013 en AE et CP (PLR 2013) », fichier CP mission/programme/action/titre (PLR2013_execution_CP_mission_programme_action_titre.csv), lignes Mission = Enseignement scolaire
141;Enseignement scolaire public du second degré;01;Enseignement en collège;10623148028.0;11285374.0;-2804.0;48268896.0;;10682699494;DGFiP / Direction du budget, jeu data.economie.gouv.fr « Exécution du budget de l'État 2013 en AE et CP (PLR 2013) », fichier CP mission/programme/action/titre (PLR2013_execution_CP_mission_programme_action_titre.csv), lignes Mission = Enseignement scolaire
141;Enseignement scolaire public du second degré;02;Enseignement général et technologique en lycée;7894056988.0;5217692.0;272901.0;13277935.0;;7912825516;DGFiP / Direction du budget, jeu data.economie.gouv.fr « Exécution du budget de l'État 2013 en AE et CP (PLR 2013) », fichier CP mission/programme/action/titre (PLR2013_execution_CP_mission_programme_action_titre.csv), lignes Mission = Enseignement scolaire
141;Enseignement scolaire public du second degré;03;Enseignement professionnel sous statut scolaire;3618464646.0;1692335.0;37922.0;10770997.0;;3630965900;DGFiP / Direction du budget, jeu data.economie.gouv.fr « Exécution du budget de l'État 2013 en AE et CP (PLR 2013) », fichier CP mission/programme/action/titre (PLR2013_execution_CP_mission_programme_action_titre.csv), lignes Mission = Enseignement scolaire
141;Enseignement scolaire public du second degré;04;Apprentissage;5510803.0;32860.0;;991254.0;;6534917;DGFiP / Direction du budget, jeu data.economie.gouv.fr « Exécution du budget de l'État 2013 en AE et CP (PLR 2013) », fichier CP mission/programme/action/titre (PLR2013_execution_CP_mission_programme_action_titre.csv), lignes Mission = Enseignement scolaire
141;Enseignement scolaire public du second degré;05;Enseignement post-baccalauréat en lycée;1075784403.0;88297.0;;1729178.0;;1077601878;DGFiP / Direction du budget, jeu data.economie.gouv.fr « Exécution du budget de l'État 2013 en AE et CP (PLR 2013) », fichier CP mission/programme/action/titre (PLR2013_execution_CP_mission_programme_action_titre.csv), lignes Mission = Enseignement scolaire
141;Enseignement scolaire public du second degré;06;Besoins éducatifs particuliers;810048931.0;294341.0;;2724209.0;;813067481;DGFiP / Direction du budget, jeu data.economie.gouv.fr « Exécution du budget de l'État 2013 en AE et CP (PLR 2013) », fichier CP mission/programme/action/titre (PLR2013_execution_CP_mission_programme_action_titre.csv), lignes Mission = Enseignement scolaire
141;Enseignement scolaire public du second degré;07;Aide à l'insertion professionnelle;37144083.0;123514.0;;4166195.0;;41433792;DGFiP / Direction du budget, jeu data.economie.gouv.fr « Exécution du budget de l'État 2013 en AE et CP (PLR 2013) », fichier CP mission/programme/action/titre (PLR2013_execution_CP_mission_programme_action_titre.csv), lignes Mission = Enseignement scolaire
141;Enseignement scolaire public du second degré;08;Information et orientation;271617193.0;1216436.0;;18000.0;;272851629;DGFiP / Direction du budget, jeu data.economie.gouv.fr « Exécution du budget de l'État 2013 en AE et CP (PLR 2013) », fichier CP mission/programme/action/titre (PLR2013_execution_CP_mission_programme_action_titre.csv), lignes Mission = Enseignement scolaire
141;Enseignement scolaire public du second degré;09;Formation continue des adultes et validation des acquis de l'expérience;79025376.0;269560.0;;2256312.0;;81551248;DGFiP / Direction du budget, jeu data.economie.gouv.fr « Exécution du budget de l'État 2013 en AE et CP (PLR 2013) », fichier CP mission/programme/action/titre (PLR2013_execution_CP_mission_programme_action_titre.csv), lignes Mission = Enseignement scolaire
141;Enseignement scolaire public du second degré;10;Formation des personnels enseignants et d'orientation;514305521.0;16256586.0;79010.0;296019.0;;530937136;DGFiP / Direction du budget, jeu data.economie.gouv.fr « Exécution du budget de l'État 2013 en AE et CP (PLR 2013) », fichier CP mission/programme/action/titre (PLR2013_execution_CP_mission_programme_action_titre.csv), lignes Mission = Enseignement scolaire
141;Enseignement scolaire public du second degré;11;Remplacement;1334710124.0;4121.0;;;;1334714245;DGFiP / Direction du budget, jeu data.economie.gouv.fr « Exécution du budget de l'État 2013 en AE et CP (PLR 2013) », fichier CP mission/programme/action/titre (PLR2013_execution_CP_mission_programme_action_titre.csv), lignes Mission = Enseignement scolaire
141;Enseignement scolaire public du second degré;12;Pilotage, administration et encadrement pédagogique;3369728976.0;6156406.0;0.0;17414.0;;3375902796;DGFiP / Direction du budget, jeu data.economie.gouv.fr « Exécution du budget de l'État 2013 en AE et CP (PLR 2013) », fichier CP mission/programme/action/titre (PLR2013_execution_CP_mission_programme_action_titre.csv), lignes Mission = Enseignement scolaire
141;Enseignement scolaire public du second degré;13;Personnels en situations diverses;119852556.0;121.0;;;;119852677;DGFiP / Direction du budget, jeu data.economie.gouv.fr « Exécution du budget de l'État 2013 en AE et CP (PLR 2013) », fichier CP mission/programme/action/titre (PLR2013_execution_CP_mission_programme_action_titre.csv), lignes Mission = Enseignement scolaire
143;Enseignement technique agricole;01;Mise en oeuvre de l'enseignement dans les établissements publics;628574446.0;539059.0;;40308404.0;;669421909;DGFiP / Direction du budget, jeu data.economie.gouv.fr « Exécution du budget de l'État 2013 en AE et CP (PLR 2013) », fichier CP mission/programme/action/titre (PLR2013_execution_CP_mission_programme_action_titre.csv), lignes Mission = Enseignement scolaire
143;Enseignement technique agricole;02;Mise en oeuvre des enseignements dans les établissements privés;196358257.0;3867591.0;;368855592.0;;569081440;DGFiP / Direction du budget, jeu data.economie.gouv.fr « Exécution du budget de l'État 2013 en AE et CP (PLR 2013) », fichier CP mission/programme/action/titre (PLR2013_execution_CP_mission_programme_action_titre.csv), lignes Mission = Enseignement scolaire
143;Enseignement technique agricole;03;Aide sociale aux élèves (enseignement public et privé);;1102784.0;;80771782.0;;81874566;DGFiP / Direction du budget, jeu data.economie.gouv.fr « Exécution du budget de l'État 2013 en AE et CP (PLR 2013) », fichier CP mission/programme/action/titre (PLR2013_execution_CP_mission_programme_action_titre.csv), lignes Mission = Enseignement scolaire
143;Enseignement technique agricole;04;Évolution des compétences et dynamique territoriale;;27016.0;;4064904.0;;4091920;DGFiP / Direction du budget, jeu data.economie.gouv.fr « Exécution du budget de l'État 2013 en AE et CP (PLR 2013) », fichier CP mission/programme/action/titre (PLR2013_execution_CP_mission_programme_action_titre.csv), lignes Mission = Enseignement scolaire
143;Enseignement technique agricole;05;Moyens communs à l'enseignement technique agricole, public et privé;-981719.0;4680972.0;;365161.0;;4064414;DGFiP / Direction du budget, jeu data.economie.gouv.fr « Exécution du budget de l'État 2013 en AE et CP (PLR 2013) », fichier CP mission/programme/action/titre (PLR2013_execution_CP_mission_programme_action_titre.csv), lignes Mission = Enseignement scolaire
214;Soutien de la politique de l'éducation nationale;01;Pilotage et mise en oeuvre des politiques éducatives;410127497.0;12710.0;;0.0;;410140207;DGFiP / Direction du budget, jeu data.economie.gouv.fr « Exécution du budget de l'État 2013 en AE et CP (PLR 2013) », fichier CP mission/programme/action/titre (PLR2013_execution_CP_mission_programme_action_titre.csv), lignes Mission = Enseignement scolaire
214;Soutien de la politique de l'éducation nationale;02;Évaluation et contrôle;83484876.0;4385640.0;95011.0;125528.0;;88091055;DGFiP / Direction du budget, jeu data.economie.gouv.fr « Exécution du budget de l'État 2013 en AE et CP (PLR 2013) », fichier CP mission/programme/action/titre (PLR2013_execution_CP_mission_programme_action_titre.csv), lignes Mission = Enseignement scolaire
214;Soutien de la politique de l'éducation nationale;03;Communication;10241460.0;6096242.0;;24206.0;;16361908;DGFiP / Direction du budget, jeu data.economie.gouv.fr « Exécution du budget de l'État 2013 en AE et CP (PLR 2013) », fichier CP mission/programme/action/titre (PLR2013_execution_CP_mission_programme_action_titre.csv), lignes Mission = Enseignement scolaire
214;Soutien de la politique de l'éducation nationale;04;Expertise juridique;15953878.0;5417329.0;;1404231.0;;22775438;DGFiP / Direction du budget, jeu data.economie.gouv.fr « Exécution du budget de l'État 2013 en AE et CP (PLR 2013) », fichier CP mission/programme/action/titre (PLR2013_execution_CP_mission_programme_action_titre.csv), lignes Mission = Enseignement scolaire
214;Soutien de la politique de l'éducation nationale;05;Action internationale;6343431.0;7771010.0;0.0;2283389.0;;16397830;DGFiP / Direction du budget, jeu data.economie.gouv.fr « Exécution du budget de l'État 2013 en AE et CP (PLR 2013) », fichier CP mission/programme/action/titre (PLR2013_execution_CP_mission_programme_action_titre.csv), lignes Mission = Enseignement scolaire
214;Soutien de la politique de l'éducation nationale;06;Politique des ressources humaines;480592630.0;102403255.0;0.0;26216819.0;;609212704;DGFiP / Direction du budget, jeu data.economie.gouv.fr « Exécution du budget de l'État 2013 en AE et CP (PLR 2013) », fichier CP mission/programme/action/titre (PLR2013_execution_CP_mission_programme_action_titre.csv), lignes Mission = Enseignement scolaire
214;Soutien de la politique de l'éducation nationale;07;Établissements d'appui de la politique éducative;0.0;205240021.0;;0.0;;205240021;DGFiP / Direction du budget, jeu data.economie.gouv.fr « Exécution du budget de l'État 2013 en AE et CP (PLR 2013) », fichier CP mission/programme/action/titre (PLR2013_execution_CP_mission_programme_action_titre.csv), lignes Mission = Enseignement scolaire
214;Soutien de la politique de l'éducation nationale;08;Logistique, système d'information, immobilier;259408566.0;253849282.0;87914440.0;13719514.0;0.0;614891802;DGFiP / Direction du budget, jeu data.economie.gouv.fr « Exécution du budget de l'État 2013 en AE et CP (PLR 2013) », fichier CP mission/programme/action/titre (PLR2013_execution_CP_mission_programme_action_titre.csv), lignes Mission = Enseignement scolaire
214;Soutien de la politique de l'éducation nationale;09;Certification;131307001.0;26438785.0;0.0;4019257.0;;161765043;DGFiP / Direction du budget, jeu data.economie.gouv.fr « Exécution du budget de l'État 2013 en AE et CP (PLR 2013) », fichier CP mission/programme/action/titre (PLR2013_execution_CP_mission_programme_action_titre.csv), lignes Mission = Enseignement scolaire
214;Soutien de la politique de l'éducation nationale;10;Transports scolaires;;351465.0;;3040714.0;;3392179;DGFiP / Direction du budget, jeu data.economie.gouv.fr « Exécution du budget de l'État 2013 en AE et CP (PLR 2013) », fichier CP mission/programme/action/titre (PLR2013_execution_CP_mission_programme_action_titre.csv), lignes Mission = Enseignement scolaire
230;Vie de l'élève;01;Vie scolaire et éducation à la responsabilité;867119343.0;18894038.0;;1335011948.0;;2221025329;DGFiP / Direction du budget, jeu data.economie.gouv.fr « Exécution du budget de l'État 2013 en AE et CP (PLR 2013) », fichier CP mission/programme/action/titre (PLR2013_execution_CP_mission_programme_action_titre.csv), lignes Mission = Enseignement scolaire
230;Vie de l'élève;02;Santé scolaire;507734315.0;2548936.0;;2671455.0;;512954706;DGFiP / Direction du budget, jeu data.economie.gouv.fr « Exécution du budget de l'État 2013 en AE et CP (PLR 2013) », fichier CP mission/programme/action/titre (PLR2013_execution_CP_mission_programme_action_titre.csv), lignes Mission = Enseignement scolaire
230;Vie de l'élève;03;Inclusion scolaire des élèves handicapés;274590592.0;13234179.0;29159.0;324969826.0;;612823756;DGFiP / Direction du budget, jeu data.economie.gouv.fr « Exécution du budget de l'État 2013 en AE et CP (PLR 2013) », fichier CP mission/programme/action/titre (PLR2013_execution_CP_mission_programme_action_titre.csv), lignes Mission = Enseignement scolaire
230;Vie de l'élève;04;Action sociale;167143382.0;1425506.0;;558643146.0;;727212034;DGFiP / Direction du budget, jeu data.economie.gouv.fr « Exécution du budget de l'État 2013 en AE et CP (PLR 2013) », fichier CP mission/programme/action/titre (PLR2013_execution_CP_mission_programme_action_titre.csv), lignes Mission = Enseignement scolaire
230;Vie de l'élève;05;Internats d'excellence et établissements à la charge de l'Etat;38744874.0;499437.0;;13860429.0;;53104740;DGFiP / Direction du budget, jeu data.economie.gouv.fr « Exécution du budget de l'État 2013 en AE et CP (PLR 2013) », fichier CP mission/programme/action/titre (PLR2013_execution_CP_mission_programme_action_titre.csv), lignes Mission = Enseignement scolaire
230;Vie de l'élève;06;Actions éducatives complémentaires aux enseignements;-174.0;538902.0;;117883014.0;;118421742;DGFiP / Direction du budget, jeu data.economie.gouv.fr « Exécution du budget de l'État 2013 en AE et CP (PLR 2013) », fichier CP mission/programme/action/titre (PLR2013_execution_CP_mission_programme_action_titre.csv), lignes Mission = Enseignement scolaire
