programme;categorie_emploi;cout_entree_charge_HCAS;cout_global_charge_HCAS;cout_sortie_charge_HCAS;cout_entree_remun_activite;cout_global_remun_activite;cout_sortie_remun_activite;source
140;1106 - Enseignants du 1er degré;38363;48944;60528;33775;42747;52792;RAP 2025 Enseignement scolaire, tableau Coûts entrée-sortie, programme 140, p.53 (euros/an, coût moyen chargé hors CAS Pensions)
140;1107 - Enseignants du 2nd degré;40509;52248;63130;35074;45007;54515;RAP 2025 Enseignement scolaire, tableau Coûts entrée-sortie, programme 140, p.53 (euros/an, coût moyen chargé hors CAS Pensions)
140;1108 - Enseignants stagiaires;31232;31232;31232;27259;27259;27259;RAP 2025 Enseignement scolaire, tableau Coûts entrée-sortie, programme 140, p.53 (euros/an, coût moyen chargé hors CAS Pensions)
140;1111 - Personnels d'encadrement;68113;77618;84440;60386;68680;74593;RAP 2025 Enseignement scolaire, tableau Coûts entrée-sortie, programme 140, p.53 (euros/an, coût moyen chargé hors CAS Pensions)
140;1117 - Personnels éducatifs et médico-sociaux;38781;54151;62430;34158;47315;54461;RAP 2025 Enseignement scolaire, tableau Coûts entrée-sortie, programme 140, p.53 (euros/an, coût moyen chargé hors CAS Pensions)
141;1106 - Enseignants du 1er degré;38363;48944;60528;33775;42747;52792;RAP 2025 Enseignement scolaire, tableau Coûts entrée-sortie, programme 141, p.107 (euros/an, coût moyen chargé hors CAS Pensions)
141;1107 - Enseignants du 2nd degré;40509;52248;63130;35074;45007;54515;RAP 2025 Enseignement scolaire, tableau Coûts entrée-sortie, programme 141, p.107 (euros/an, coût moyen chargé hors CAS Pensions)
141;1108 - Enseignants stagiaires;31231;31231;31231;27263;27263;27263;RAP 2025 Enseignement scolaire, tableau Coûts entrée-sortie, programme 141, p.107 (euros/an, coût moyen chargé hors CAS Pensions)
141;1111 - Personnels d'encadrement;57027;76536;83619;50106;66770;73309;RAP 2025 Enseignement scolaire, tableau Coûts entrée-sortie, programme 141, p.107 (euros/an, coût moyen chargé hors CAS Pensions)
141;1112 - Personnels administratifs, techniques et de service;41052;45495;44687;35247;39098;38609;RAP 2025 Enseignement scolaire, tableau Coûts entrée-sortie, programme 141, p.107 (euros/an, coût moyen chargé hors CAS Pensions)
141;1117 - Personnels éducatifs et médico-sociaux;40161;49822;65003;35418;43607;56912;RAP 2025 Enseignement scolaire, tableau Coûts entrée-sortie, programme 141, p.107 (euros/an, coût moyen chargé hors CAS Pensions)
230;1108 - Enseignants stagiaires;30718;30718;30718;26267;26267;26267;RAP 2025 Enseignement scolaire, tableau Coûts entrée-sortie, programme 230, p.162 (euros/an, coût moyen chargé hors CAS Pensions)
230;1112 - Personnels administratifs, techniques et de service;41052;45495;44687;35247;39098;38609;RAP 2025 Enseignement scolaire, tableau Coûts entrée-sortie, programme 230, p.162 (euros/an, coût moyen chargé hors CAS Pensions)
230;1115 - Accompagnants des élèves en situation de handicap (AESH);34300;34985;35486;26756;27290;27681;RAP 2025 Enseignement scolaire, tableau Coûts entrée-sortie, programme 230, p.162 (euros/an, coût moyen chargé hors CAS Pensions)
230;1116 - Assistants d'éducation;32747;32747;32747;24262;24262;24262;RAP 2025 Enseignement scolaire, tableau Coûts entrée-sortie, programme 230, p.162 (euros/an, coût moyen chargé hors CAS Pensions)
230;1117 - Personnels éducatifs et médico-sociaux;40815;50425;58332;35625;43667;50496;RAP 2025 Enseignement scolaire, tableau Coûts entrée-sortie, programme 230, p.162 (euros/an, coût moyen chargé hors CAS Pensions)
139;1106 - Enseignants du 1er degré (privé sous contrat);44516;52651;72802;32625;38586;49618;RAP 2025 Enseignement scolaire, tableau Coûts entrée-sortie, programme 139, p.222 (euros/an, coût moyen chargé hors CAS Pensions)
139;1107 - Enseignants du 2nd degré (privé sous contrat);44898;54227;75735;32904;42741;52747;RAP 2025 Enseignement scolaire, tableau Coûts entrée-sortie, programme 139, p.222 (euros/an, coût moyen chargé hors CAS Pensions)
139;1108 - Enseignants stagiaires (privé sous contrat);33249;33249;33249;24712;24712;24712;RAP 2025 Enseignement scolaire, tableau Coûts entrée-sortie, programme 139, p.222 (euros/an, coût moyen chargé hors CAS Pensions)
214;1111 - Personnels d'encadrement;76877;87377;95681;68401;78120;85319;RAP 2025 Enseignement scolaire, tableau Coûts entrée-sortie, programme 214, p.281-282 (euros/an, coût moyen chargé hors CAS Pensions)
214;1112 - Personnels administratifs, techniques et de service;41052;45495;44687;35247;39098;38609;RAP 2025 Enseignement scolaire, tableau Coûts entrée-sortie, programme 214, p.281-282 (euros/an, coût moyen chargé hors CAS Pensions)
214;1114 - Personnels de la jeunesse et des sports;43810;58083;59788;39047;51378;53065;RAP 2025 Enseignement scolaire, tableau Coûts entrée-sortie, programme 214, p.281-282 (euros/an, coût moyen chargé hors CAS Pensions)
214;1117 - Personnels éducatifs et médico-sociaux;40815;50425;58332;35625;43667;50496;RAP 2025 Enseignement scolaire, tableau Coûts entrée-sortie, programme 214, p.281-282 (euros/an, coût moyen chargé hors CAS Pensions)
143;1013 - Enseignants (enseignement agricole);51530;56810;58073;43953;47750;50762;RAP 2025 Enseignement scolaire, tableau Coûts entrée-sortie, programme 143, p.386 (euros/an, coût moyen chargé hors CAS Pensions)
143;1014 - A - Administratifs et techniques;63769;75330;73495;50003;60689;58082;RAP 2025 Enseignement scolaire, tableau Coûts entrée-sortie, programme 143, p.386 (euros/an, coût moyen chargé hors CAS Pensions)
143;1015 - B et C - Administratifs et techniques;44925;41381;54408;42825;34858;50965;RAP 2025 Enseignement scolaire, tableau Coûts entrée-sortie, programme 143, p.386 (euros/an, coût moyen chargé hors CAS Pensions)
