programme;action;libelle_action;CP_LFI2024_ycFdC;CP_conso_2024;CP_LFI2025_ycFdC;CP_conso_2025;AE_conso_2024;AE_conso_2025;CP_conso_2025_titre2;CP_conso_2025_hors_titre2;ETPT_realises_2025;source
140;01;Enseignement pré-élémentaire;6484941340;6569715379;6647073474;6689890986;6569671725;6689810815;6689301925;589061;79796.12;"RAP 2025 Enseignement scolaire : p.22-24 (récapitulation par programme et action) ; T2/HT2 : tableaux « Éléments de synthèse du programme » p.44, 97-98, 152-153, 214-215, 270-271, 380-381 ; ETPT : tableaux « Répartition du plafond d’emplois par action »"
140;02;Enseignement élémentaire;13215423426;13813376725;13510819366;14167029206;13813283945;14166560187;14136704545;30324662;170325.82;"RAP 2025 Enseignement scolaire : p.22-24 (récapitulation par programme et action) ; T2/HT2 : tableaux « Éléments de synthèse du programme » p.44, 97-98, 152-153, 214-215, 270-271, 380-381 ; ETPT : tableaux « Répartition du plafond d’emplois par action »"
140;03;Besoins éducatifs particuliers;2255247319;2021331144;2308562520;2103756753;2021807139;2103713270;2097354250;6402504;24883.84;"RAP 2025 Enseignement scolaire : p.22-24 (récapitulation par programme et action) ; T2/HT2 : tableaux « Éléments de synthèse du programme » p.44, 97-98, 152-153, 214-215, 270-271, 380-381 ; ETPT : tableaux « Répartition du plafond d’emplois par action »"
140;04;Formation des personnels enseignants;992722368;377025227;987969260;368838633;377066683;368634336;352742985;16095648;12070.43;"RAP 2025 Enseignement scolaire : p.22-24 (récapitulation par programme et action) ; T2/HT2 : tableaux « Éléments de synthèse du programme » p.44, 97-98, 152-153, 214-215, 270-271, 380-381 ; ETPT : tableaux « Répartition du plafond d’emplois par action »"
140;05;Remplacement;2211911115;2120916910;2264187621;2170138668;2120916910;2170138668;2170138668;0;29697.3;"RAP 2025 Enseignement scolaire : p.22-24 (récapitulation par programme et action) ; T2/HT2 : tableaux « Éléments de synthèse du programme » p.44, 97-98, 152-153, 214-215, 270-271, 380-381 ; ETPT : tableaux « Répartition du plafond d’emplois par action »"
140;06;Pilotage et encadrement pédagogique;1593655903;1613539252;1623849071;1694156079;1613512368;1694152773;1686506907;7649172;21227.25;"RAP 2025 Enseignement scolaire : p.22-24 (récapitulation par programme et action) ; T2/HT2 : tableaux « Éléments de synthèse du programme » p.44, 97-98, 152-153, 214-215, 270-271, 380-381 ; ETPT : tableaux « Répartition du plafond d’emplois par action »"
140;07;Personnels en situations diverses;125146778;169640299;127292778;164697497;172886036;153297534;144657449;20040048;1740.14;"RAP 2025 Enseignement scolaire : p.22-24 (récapitulation par programme et action) ; T2/HT2 : tableaux « Éléments de synthèse du programme » p.44, 97-98, 152-153, 214-215, 270-271, 380-381 ; ETPT : tableaux « Répartition du plafond d’emplois par action »"
141;01;Enseignement en collège;13451060937;13707470809;13889725825;14069267692;13707752139;14069221202;13988698773;80568919;164482.99;"RAP 2025 Enseignement scolaire : p.22-24 (récapitulation par programme et action) ; T2/HT2 : tableaux « Éléments de synthèse du programme » p.44, 97-98, 152-153, 214-215, 270-271, 380-381 ; ETPT : tableaux « Répartition du plafond d’emplois par action »"
141;02;Enseignement général et technologique en lycée;8433615100;10171531436;8670358956;10346483589;10171702515;10346273244;10327584948;18898641;95557.94;"RAP 2025 Enseignement scolaire : p.22-24 (récapitulation par programme et action) ; T2/HT2 : tableaux « Éléments de synthèse du programme » p.44, 97-98, 152-153, 214-215, 270-271, 380-381 ; ETPT : tableaux « Répartition du plafond d’emplois par action »"
141;03;Enseignement professionnel sous statut scolaire;5430089420;4513516750;5506958254;4479736994;4513508448;4479815721;4260317674;219419321;58234.35;"RAP 2025 Enseignement scolaire : p.22-24 (récapitulation par programme et action) ; T2/HT2 : tableaux « Éléments de synthèse du programme » p.44, 97-98, 152-153, 214-215, 270-271, 380-381 ; ETPT : tableaux « Répartition du plafond d’emplois par action »"
141;04;Apprentissage;7987516;3183651;8196040;2958122;3183561;2958122;2639600;318521;60.96;"RAP 2025 Enseignement scolaire : p.22-24 (récapitulation par programme et action) ; T2/HT2 : tableaux « Éléments de synthèse du programme » p.44, 97-98, 152-153, 214-215, 270-271, 380-381 ; ETPT : tableaux « Répartition du plafond d’emplois par action »"
141;05;Enseignement post-baccalauréat en lycée;2454802484;1360559699;2523887896;1405849445;1360559699;1405849445;1405140534;708911;26782.76;"RAP 2025 Enseignement scolaire : p.22-24 (récapitulation par programme et action) ; T2/HT2 : tableaux « Éléments de synthèse du programme » p.44, 97-98, 152-153, 214-215, 270-271, 380-381 ; ETPT : tableaux « Répartition du plafond d’emplois par action »"
141;06;Besoins éducatifs particuliers;1478467242;1088454502;1519722272;1121558374;1088450218;1121560936;1119156879;2401495;18731.25;"RAP 2025 Enseignement scolaire : p.22-24 (récapitulation par programme et action) ; T2/HT2 : tableaux « Éléments de synthèse du programme » p.44, 97-98, 152-153, 214-215, 270-271, 380-381 ; ETPT : tableaux « Répartition du plafond d’emplois par action »"
141;07;Aide à l'insertion professionnelle;62389487;50988031;64030235;52662857;50988648;52666767;49615882;3046975;663.55;"RAP 2025 Enseignement scolaire : p.22-24 (récapitulation par programme et action) ; T2/HT2 : tableaux « Éléments de synthèse du programme » p.44, 97-98, 152-153, 214-215, 270-271, 380-381 ; ETPT : tableaux « Répartition du plafond d’emplois par action »"
141;08;Information et orientation;373745873;301818138;384130144;305178293;301818491;305178223;302692559;2485735;4094.21;"RAP 2025 Enseignement scolaire : p.22-24 (récapitulation par programme et action) ; T2/HT2 : tableaux « Éléments de synthèse du programme » p.44, 97-98, 152-153, 214-215, 270-271, 380-381 ; ETPT : tableaux « Répartition du plafond d’emplois par action »"
141;09;Formation continue des adultes et validation des acquis de l'expérience;144237487;92734357;148207767;92495094;92728229;92495548;89671903;2823190;1194.19;"RAP 2025 Enseignement scolaire : p.22-24 (récapitulation par programme et action) ; T2/HT2 : tableaux « Éléments de synthèse du programme » p.44, 97-98, 152-153, 214-215, 270-271, 380-381 ; ETPT : tableaux « Répartition du plafond d’emplois par action »"
141;10;Formation des personnels enseignants et d'orientation;768655070;270230961;761041148;261905183;270246792;261824899;235977899;25927284;8905.94;"RAP 2025 Enseignement scolaire : p.22-24 (récapitulation par programme et action) ; T2/HT2 : tableaux « Éléments de synthèse du programme » p.44, 97-98, 152-153, 214-215, 270-271, 380-381 ; ETPT : tableaux « Répartition du plafond d’emplois par action »"
141;11;Remplacement;1676428893;2157392016;1722581027;2207471301;2157392016;2207471301;2207470661;640;17348.19;"RAP 2025 Enseignement scolaire : p.22-24 (récapitulation par programme et action) ; T2/HT2 : tableaux « Éléments de synthèse du programme » p.44, 97-98, 152-153, 214-215, 270-271, 380-381 ; ETPT : tableaux « Répartition du plafond d’emplois par action »"
141;12;Pilotage, administration et encadrement pédagogique;4027332826;4307407040;4134897650;4416259922;4307584993;4416166148;4404695514;11564408;51361.03;"RAP 2025 Enseignement scolaire : p.22-24 (récapitulation par programme et action) ; T2/HT2 : tableaux « Éléments de synthèse du programme » p.44, 97-98, 152-153, 214-215, 270-271, 380-381 ; ETPT : tableaux « Répartition du plafond d’emplois par action »"
141;13;Personnels en situations diverses;119359434;222000733;121688558;212346492;222027280;211368140;207902698;4443794;2611.22;"RAP 2025 Enseignement scolaire : p.22-24 (récapitulation par programme et action) ; T2/HT2 : tableaux « Éléments de synthèse du programme » p.44, 97-98, 152-153, 214-215, 270-271, 380-381 ; ETPT : tableaux « Répartition du plafond d’emplois par action »"
230;01;Vie scolaire et éducation à la responsabilité;3131203913;2898097569;2989499933;2906927101;2898158320;2906628010;1438895851;1468031251;22577.48;"RAP 2025 Enseignement scolaire : p.22-24 (récapitulation par programme et action) ; T2/HT2 : tableaux « Éléments de synthèse du programme » p.44, 97-98, 152-153, 214-215, 270-271, 380-381 ; ETPT : tableaux « Répartition du plafond d’emplois par action »"
230;02;Santé scolaire;611672958;677568901;731949462;700428827;677564938;700464689;695708569;4720257;8697.32;"RAP 2025 Enseignement scolaire : p.22-24 (récapitulation par programme et action) ; T2/HT2 : tableaux « Éléments de synthèse du programme » p.44, 97-98, 152-153, 214-215, 270-271, 380-381 ; ETPT : tableaux « Répartition du plafond d’emplois par action »"
230;03;Inclusion scolaire des élèves en situation de handicap;2949733107;2922136417;3008767211;3008233612;2922206794;3009024020;2984682883;23550729;86410.18;"RAP 2025 Enseignement scolaire : p.22-24 (récapitulation par programme et action) ; T2/HT2 : tableaux « Éléments de synthèse du programme » p.44, 97-98, 152-153, 214-215, 270-271, 380-381 ; ETPT : tableaux « Répartition du plafond d’emplois par action »"
230;04;Action sociale;1010457209;1049576912;1074391499;1057916721;1050632918;1057881511;247837444;810079276;3427.97;"RAP 2025 Enseignement scolaire : p.22-24 (récapitulation par programme et action) ; T2/HT2 : tableaux « Éléments de synthèse du programme » p.44, 97-98, 152-153, 214-215, 270-271, 380-381 ; ETPT : tableaux « Répartition du plafond d’emplois par action »"
230;05;Politique de l'internat et établissements à la charge de l'État;96893053;76898662;86822969;88066228;76914584;94753299;52277312;35788916;910.0;"RAP 2025 Enseignement scolaire : p.22-24 (récapitulation par programme et action) ; T2/HT2 : tableaux « Éléments de synthèse du programme » p.44, 97-98, 152-153, 214-215, 270-271, 380-381 ; ETPT : tableaux « Répartition du plafond d’emplois par action »"
230;06;Actions éducatives complémentaires aux enseignements;255079843;240210461;186422514;187226525;238490729;188689085;0;187226525;0.0;"RAP 2025 Enseignement scolaire : p.22-24 (récapitulation par programme et action) ; T2/HT2 : tableaux « Éléments de synthèse du programme » p.44, 97-98, 152-153, 214-215, 270-271, 380-381 ; ETPT : tableaux « Répartition du plafond d’emplois par action »"
230;07;Scolarisation à 3 ans;46001839;69384957;43964770;172509;69384957;172509;0;172509;0.0;"RAP 2025 Enseignement scolaire : p.22-24 (récapitulation par programme et action) ; T2/HT2 : tableaux « Éléments de synthèse du programme » p.44, 97-98, 152-153, 214-215, 270-271, 380-381 ; ETPT : tableaux « Répartition du plafond d’emplois par action »"
139;01;Enseignement pré-élémentaire;614630972;508066106;606607347;502760370;508066106;502760370;502760370;0;9437.32;"RAP 2025 Enseignement scolaire : p.22-24 (récapitulation par programme et action) ; T2/HT2 : tableaux « Éléments de synthèse du programme » p.44, 97-98, 152-153, 214-215, 270-271, 380-381 ; ETPT : tableaux « Répartition du plafond d’emplois par action »"
139;02;Enseignement élémentaire;1633360445;1537044896;1612360685;1525349788;1537049630;1525319455;1525319455;30333;26569.59;"RAP 2025 Enseignement scolaire : p.22-24 (récapitulation par programme et action) ; T2/HT2 : tableaux « Éléments de synthèse du programme » p.44, 97-98, 152-153, 214-215, 270-271, 380-381 ; ETPT : tableaux « Répartition du plafond d’emplois par action »"
139;03;Enseignement en collège;2302946156;2523234443;2266970269;2522028323;2523234443;2522012923;2522014943;13380;41237.37;"RAP 2025 Enseignement scolaire : p.22-24 (récapitulation par programme et action) ; T2/HT2 : tableaux « Éléments de synthèse du programme » p.44, 97-98, 152-153, 214-215, 270-271, 380-381 ; ETPT : tableaux « Répartition du plafond d’emplois par action »"
139;04;Enseignement général et technologique en lycée;1534877252;1860447805;1510713755;1849177915;1860396663;1849177915;1849177915;0;30385.54;"RAP 2025 Enseignement scolaire : p.22-24 (récapitulation par programme et action) ; T2/HT2 : tableaux « Éléments de synthèse du programme » p.44, 97-98, 152-153, 214-215, 270-271, 380-381 ; ETPT : tableaux « Répartition du plafond d’emplois par action »"
139;05;Enseignement professionnel sous statut scolaire;1005831798;846123782;977169376;816440704;846123782;816440704;761150001;55290703;12312.3;"RAP 2025 Enseignement scolaire : p.22-24 (récapitulation par programme et action) ; T2/HT2 : tableaux « Éléments de synthèse du programme » p.44, 97-98, 152-153, 214-215, 270-271, 380-381 ; ETPT : tableaux « Répartition du plafond d’emplois par action »"
139;06;Enseignement post-baccalauréat en lycée;312206124;209742738;307420334;212533674;209742738;212533674;212533674;0;2334.51;"RAP 2025 Enseignement scolaire : p.22-24 (récapitulation par programme et action) ; T2/HT2 : tableaux « Éléments de synthèse du programme » p.44, 97-98, 152-153, 214-215, 270-271, 380-381 ; ETPT : tableaux « Répartition du plafond d’emplois par action »"
139;07;Dispositifs spécifiques de scolarisation;201415488;215734471;198226645;216665720;215734471;216665720;216665720;0;3924.45;"RAP 2025 Enseignement scolaire : p.22-24 (récapitulation par programme et action) ; T2/HT2 : tableaux « Éléments de synthèse du programme » p.44, 97-98, 152-153, 214-215, 270-271, 380-381 ; ETPT : tableaux « Répartition du plafond d’emplois par action »"
139;08;Actions sociales en faveur des élèves;81239322;80781150;84625725;80352684;80799945;80285408;0;80352684;0.0;"RAP 2025 Enseignement scolaire : p.22-24 (récapitulation par programme et action) ; T2/HT2 : tableaux « Éléments de synthèse du programme » p.44, 97-98, 152-153, 214-215, 270-271, 380-381 ; ETPT : tableaux « Répartition du plafond d’emplois par action »"
139;09;Fonctionnement des établissements;699056983;703234948;722128689;717137886;703725394;716389543;0;717137886;0.0;"RAP 2025 Enseignement scolaire : p.22-24 (récapitulation par programme et action) ; T2/HT2 : tableaux « Éléments de synthèse du programme » p.44, 97-98, 152-153, 214-215, 270-271, 380-381 ; ETPT : tableaux « Répartition du plafond d’emplois par action »"
139;10;Formation des personnels enseignants;170812563;90670643;160863033;87004027;90693668;86964335;52099177;34904850;1860.16;"RAP 2025 Enseignement scolaire : p.22-24 (récapitulation par programme et action) ; T2/HT2 : tableaux « Éléments de synthèse du programme » p.44, 97-98, 152-153, 214-215, 270-271, 380-381 ; ETPT : tableaux « Répartition du plafond d’emplois par action »"
139;11;Remplacement;229204473;209832742;225620665;214427577;209806310;214427577;214419760;7817;2454.3;"RAP 2025 Enseignement scolaire : p.22-24 (récapitulation par programme et action) ; T2/HT2 : tableaux « Éléments de synthèse du programme » p.44, 97-98, 152-153, 214-215, 270-271, 380-381 ; ETPT : tableaux « Répartition du plafond d’emplois par action »"
139;12;Soutien;249788493;154444942;245532116;68303993;154417631;68337125;65390355;2913638;0.0;"RAP 2025 Enseignement scolaire : p.22-24 (récapitulation par programme et action) ; T2/HT2 : tableaux « Éléments de synthèse du programme » p.44, 97-98, 152-153, 214-215, 270-271, 380-381 ; ETPT : tableaux « Répartition du plafond d’emplois par action »"
214;01;Pilotage et mise en œuvre des politiques éducatives;493032006;618031039;520854656;639730944;618580940;639220939;639710524;20420;8075.95;"RAP 2025 Enseignement scolaire : p.22-24 (récapitulation par programme et action) ; T2/HT2 : tableaux « Éléments de synthèse du programme » p.44, 97-98, 152-153, 214-215, 270-271, 380-381 ; ETPT : tableaux « Répartition du plafond d’emplois par action »"
214;02;Évaluation et contrôle;93363817;120303143;98089352;125912884;121635023;125330905;113737890;12174994;1051.26;"RAP 2025 Enseignement scolaire : p.22-24 (récapitulation par programme et action) ; T2/HT2 : tableaux « Éléments de synthèse du programme » p.44, 97-98, 152-153, 214-215, 270-271, 380-381 ; ETPT : tableaux « Répartition du plafond d’emplois par action »"
214;03;Communication;15680774;19246631;16293298;19309522;18899172;19282956;14333392;4976130;194.8;"RAP 2025 Enseignement scolaire : p.22-24 (récapitulation par programme et action) ; T2/HT2 : tableaux « Éléments de synthèse du programme » p.44, 97-98, 152-153, 214-215, 270-271, 380-381 ; ETPT : tableaux « Répartition du plafond d’emplois par action »"
214;04;Expertise juridique;18413962;28701184;19631484;32226718;28738191;32230444;20910326;11316392;255.79;"RAP 2025 Enseignement scolaire : p.22-24 (récapitulation par programme et action) ; T2/HT2 : tableaux « Éléments de synthèse du programme » p.44, 97-98, 152-153, 214-215, 270-271, 380-381 ; ETPT : tableaux « Répartition du plafond d’emplois par action »"
214;05;Action internationale;13093971;10327990;12905516;13158861;10294453;13128681;5846976;7311885;60.04;"RAP 2025 Enseignement scolaire : p.22-24 (récapitulation par programme et action) ; T2/HT2 : tableaux « Éléments de synthèse du programme » p.44, 97-98, 152-153, 214-215, 270-271, 380-381 ; ETPT : tableaux « Répartition du plafond d’emplois par action »"
214;06;Politique des ressources humaines;820578512;778124783;863854888;802274024;781755813;795660715;676682844;125591180;9303.56;"RAP 2025 Enseignement scolaire : p.22-24 (récapitulation par programme et action) ; T2/HT2 : tableaux « Éléments de synthèse du programme » p.44, 97-98, 152-153, 214-215, 270-271, 380-381 ; ETPT : tableaux « Répartition du plafond d’emplois par action »"
214;07;Établissements d'appui de la politique éducative;150086871;145813633;142793122;137272082;145813633;137272082;0;137272082;0.0;"RAP 2025 Enseignement scolaire : p.22-24 (récapitulation par programme et action) ; T2/HT2 : tableaux « Éléments de synthèse du programme » p.44, 97-98, 152-153, 214-215, 270-271, 380-381 ; ETPT : tableaux « Répartition du plafond d’emplois par action »"
214;08;Logistique, système d'information, immobilier;832336952;836250260;828068220;826711648;992765366;785771071;339150302;487561346;4756.78;"RAP 2025 Enseignement scolaire : p.22-24 (récapitulation par programme et action) ; T2/HT2 : tableaux « Éléments de synthèse du programme » p.44, 97-98, 152-153, 214-215, 270-271, 380-381 ; ETPT : tableaux « Répartition du plafond d’emplois par action »"
214;09;Certification;225538389;168573967;237361514;174946854;168172827;174740440;146116585;28830270;1420.02;"RAP 2025 Enseignement scolaire : p.22-24 (récapitulation par programme et action) ; T2/HT2 : tableaux « Éléments de synthèse du programme » p.44, 97-98, 152-153, 214-215, 270-271, 380-381 ; ETPT : tableaux « Répartition du plafond d’emplois par action »"
214;10;Transports scolaires;3322845;3372491;3322845;3281902;3396145;3249223;-6833;3288735;0.0;"RAP 2025 Enseignement scolaire : p.22-24 (récapitulation par programme et action) ; T2/HT2 : tableaux « Éléments de synthèse du programme » p.44, 97-98, 152-153, 214-215, 270-271, 380-381 ; ETPT : tableaux « Répartition du plafond d’emplois par action »"
214;11;Pilotage et mise œuvre des politiques du sport, de la jeunesse, de l'éducation populaire et de la vie associative;219946694;181047777;232452204;188945208;181047640;188945208;188945168;40;2335.08;"RAP 2025 Enseignement scolaire : p.22-24 (récapitulation par programme et action) ; T2/HT2 : tableaux « Éléments de synthèse du programme » p.44, 97-98, 152-153, 214-215, 270-271, 380-381 ; ETPT : tableaux « Répartition du plafond d’emplois par action »"
143;01;Mise en œuvre de l'enseignement dans les établissements publics;905668778;882373773;860224417;902928745;882342129;903012182;861393486;41535259;10923.6;"RAP 2025 Enseignement scolaire : p.22-24 (récapitulation par programme et action) ; T2/HT2 : tableaux « Éléments de synthèse du programme » p.44, 97-98, 152-153, 214-215, 270-271, 380-381 ; ETPT : tableaux « Répartition du plafond d’emplois par action »"
143;02;Mise en œuvre des enseignements dans les établissements privés;621586713;641025503;726393274;648259927;641025504;648259927;255308469;392951458;4699.0;"RAP 2025 Enseignement scolaire : p.22-24 (récapitulation par programme et action) ; T2/HT2 : tableaux « Éléments de synthèse du programme » p.44, 97-98, 152-153, 214-215, 270-271, 380-381 ; ETPT : tableaux « Répartition du plafond d’emplois par action »"
143;03;Aide sociale aux élèves et santé scolaire (enseignement public et privé);73900541;83890479;71125061;80160334;83672547;80134060;0;80160334;0.0;"RAP 2025 Enseignement scolaire : p.22-24 (récapitulation par programme et action) ; T2/HT2 : tableaux « Éléments de synthèse du programme » p.44, 97-98, 152-153, 214-215, 270-271, 380-381 ; ETPT : tableaux « Répartition du plafond d’emplois par action »"
143;04;Mise en œuvre de l'enseignement agricole dans les territoires;5297930;5511460;4312828;4477885;6907770;3099062;0;4477885;0.0;"RAP 2025 Enseignement scolaire : p.22-24 (récapitulation par programme et action) ; T2/HT2 : tableaux « Éléments de synthèse du programme » p.44, 97-98, 152-153, 214-215, 270-271, 380-381 ; ETPT : tableaux « Répartition du plafond d’emplois par action »"
143;05;Moyens communs à l'enseignement technique agricole (public et privé);89214464;68817615;50130475;52470551;68882027;52756113;0;52470551;0.0;"RAP 2025 Enseignement scolaire : p.22-24 (récapitulation par programme et action) ; T2/HT2 : tableaux « Éléments de synthèse du programme » p.44, 97-98, 152-153, 214-215, 270-271, 380-381 ; ETPT : tableaux « Répartition du plafond d’emplois par action »"
