dep;n_etab_2016_et_2026;dot2016_MEUR;dot2026_MEUR;evolution_pct;EUR_par_eleve_2016 (effectifs 2016-2017, + collégiens CMR);EUR_par_eleve_2026 (rentrée 2025, + post-bac + collégiens CMR)
75;83;19.106053;34.639672;81.30208264365224;234.34421797277966;433.871199608895
77;55;14.489073;30.187191;108.34452970179665;270.9159277179816;501.34913190450067
78;52;13.669083;24.993167;82.8445039071019;255.27706108839757;434.42762321441927
91;45;12.172028;22.174272;82.17401405911981;264.58629684375273;436.5873597164796
92;56;13.610637;24.284407;78.42226634947357;271.9577009357127;480.19458187041175
93;63;15.665424;26.72205;70.57980684084899;275.2472853779386;426.1346239714231
94;48;12.451762;21.409969;71.94328802622472;279.29394612296164;432.75193030682783
95;47;12.399706;20.8628;68.25237630634146;268.9041030534351;405.4887174204583
IDF;449;113.563766;205.273528;80.75618239007679;263.0957916575464;443.42581976407143
