dep;n_etab;dot2026_MEUR;prebac_2025;postbac_2025;college_cmr_2025;EUR_par_lyceen_prebac;EUR_par_lyceen_postbac_inclus;EUR_par_eleve_accueilli;n_EPLE_seuls;EUR_par_eleve_EPLE_seuls;part_CMR_dans_dot2026;taille_moy_eleves_accueillis
75;93;36.205589;46319.0;22190.0;14604.0;781.657397612211;528.4793092878308;435.6188442241286;54;566.0460766961652;0.42674930657805343;893.6881720430108
77;52;28.32773;51645.0;4858.0;0.0;548.5086649240004;501.34913190450067;501.34913190450067;52;501.34913190450067;0.0;1086.5961538461538
78;49;23.234927;47684.0;4751.0;1049.0;487.26883231272546;443.11866119958046;434.42762321441927;45;448.1370503824515;0.0779877208135838;1091.5102040816328
91;47;23.520433;48962.0;4641.0;0.0;480.38137739471426;438.7894893942503;438.7894893942503;45;436.5873597164796;0.0;1140.4893617021276
92;57;24.506851;42241.0;5569.0;3020.0;580.167396605194;512.5883915498849;482.13360220342315;50;499.57312908334984;0.1585043708798001;891.7543859649123
93;66;27.961335;57803.0;5334.0;1869.0;483.7350137536114;442.8676528818284;430.1346798757038;58;442.32177930784565;0.08262520369646156;984.939393939394
94;49;21.492027;43003.0;6223.0;930.0;499.77971304327605;436.5990939747288;428.5036087407289;46;444.8452334839682;0.034338827138082416;1023.5918367346939
95;48;20.988054;48393.0;3966.0;0.0;433.7002045750418;400.8490230905862;400.8490230905862;47;405.4887174204583;0.0;1090.8125
IDF;461;206.236946;386050.0;57532.0;21472.0;534.2234062945214;464.93533551857377;443.4688143742447;397;463.38518299495774;0.11731900839920312;1008.7939262472885
