;tous_eleves_lycees_publics_prebac_postbac;tous_eleves_lycees_publics_prebac_postbac;tous_eleves_lycees_publics_prebac_postbac;tous_eleves_lycees_publics_prebac_postbac;tous_eleves_lycees_publics_prebac_postbac;tous_eleves_lycees_publics_prebac_postbac;tous_eleves_lycees_publics_prebac_postbac;tous_eleves_lycees_publics_prebac_postbac;tous_eleves_lycees_publics_prebac_postbac;lyceens_prebac_GT_pro;lyceens_prebac_GT_pro;lyceens_prebac_GT_pro;lyceens_prebac_GT_pro;lyceens_prebac_GT_pro;lyceens_prebac_GT_pro;lyceens_prebac_GT_pro;lyceens_prebac_GT_pro;lyceens_prebac_GT_pro
dep;75;77;78;91;92;93;94;95;IDF;75;77;78;91;92;93;94;95;IDF
rentree;;;;;;;;;;;;;;;;;;
2015;65446.0;51972.0;48338.0;46781.0;44958.0;52629.0;43618.0;44692.0;398434.0;;;;;;;;;
2016;65954.0;53311.0;49566.0;47780.0;45742.0;55109.0;45040.0;45923.0;408425.0;;;;;;;;;
2017;66281.0;53995.0;50076.0;48340.0;46328.0;57034.0;45761.0;46797.0;414612.0;;;;;;;;;
2018;65591.0;53543.0;50125.0;48465.0;46116.0;57229.0;45832.0;47061.0;413962.0;;;;;;;;;
2019;66068.0;53779.0;49901.0;48670.0;46240.0;57616.0;46023.0;47423.0;415720.0;47875.0;48515.0;44726.0;44144.0;40677.0;52257.0;39874.0;43408.0;361476.0
2020;71109.0;53871.0;50120.0;49413.0;45944.0;58061.0;46193.0;48003.0;422714.0;47507.0;48548.0;44957.0;44682.0;40514.0;52504.0;39844.0;43815.0;362371.0
2021;71015.0;54491.0;50661.0;50052.0;46241.0;59293.0;46527.0;48964.0;427244.0;47232.0;49188.0;45553.0;45395.0;40897.0;53776.0;40257.0;44908.0;367206.0
2022;69915.0;54816.0;50844.0;50541.0;46402.0;60053.0;46506.0;49530.0;428607.0;46731.0;49764.0;45928.0;46003.0;41167.0;54474.0;40474.0;45645.0;370186.0
2023;69807.0;55413.0;51329.0;51781.0;47035.0;61122.0;47427.0;50629.0;434543.0;46552.0;50378.0;46466.0;47301.0;41725.0;55491.0;41146.0;46759.0;375818.0
2024;69997.0;55359.0;51774.0;52172.0;46832.0;61711.0;48400.0;51260.0;437505.0;46054.0;50768.0;46779.0;47581.0;41349.0;55946.0;41914.0;47334.0;377725.0
2025;70156.0;56853.0;52435.0;53337.0;47300.0;62666.0;48592.0;52177.0;443516.0;46052.0;51479.0;47415.0;48646.0;41752.0;57546.0;42667.0;48200.0;383757.0
