dep;2015;2016;2017;2018;2019;2020;2021;2022;2023;2024;2025
001;27884.24224504967;28028.4067716429;28781.489997972563;29208.9428600392;29835.0;30283.0;30385.0;30630.0;30608.0;30695.0;30548.0
002;24314.905300175833;24042.39588043205;23972.754584275306;23922.289876915347;24108.0;24210.0;24063.0;23987.0;23705.0;23405.0;23192.0
003;13412.25897255454;13240.38470560638;13195.899601219799;13062.444288060053;12930.0;12833.0;12708.0;12525.0;12574.0;12503.0;12337.0
004;7099.811446317657;6964.431529133392;6845.337917775806;6986.825199645075;6883.0;6808.0;6839.0;6931.0;6970.0;7005.0;7042.0
005;6106.406392694064;6046.747843734146;5934.508878741756;5887.995433789955;5979.0;5925.0;5971.0;5914.0;5962.0;5858.0;5751.0
006;41173.736464782836;40928.59489781668;41263.15285601229;41981.49802150738;43163.0;43364.0;43828.0;44500.0;44514.0;44879.0;44730.0
007;11299.196696696697;11332.444444444445;11184.340840840841;11297.18168168168;11407.0;11270.0;11113.0;11080.0;10907.0;10686.0;10380.0
008;11736.220562631723;11342.816365802253;11105.55713369376;11015.317511225143;11065.0;11058.0;10927.0;10713.0;10499.0;10333.0;10199.0
009;6074.844887780549;6009.259517871987;6130.182543640898;6159.900914380715;6164.0;6078.0;6097.0;6086.0;6020.0;5900.0;5763.0
010;12517.460542830248;12629.322560401632;12721.029259491685;12729.091386884216;12847.0;12683.0;12599.0;12578.0;12455.0;12282.0;11942.0
011;14659.825336927224;14600.125606469002;14755.952021563342;14792.37897574124;15016.0;15056.0;14863.0;15132.0;14981.0;14804.0;14486.0
012;7928.991222490777;8005.231522707034;8058.0914641903055;8035.727642793537;7991.0;7867.0;7687.0;7645.0;7541.0;7378.0;7313.0
013;77489.74402203449;77345.67546069858;78288.66968035176;79877.45374487426;81569.0;82755.0;82958.0;83629.0;83860.0;84195.0;83817.0
014;26809.377401523056;26340.447253469403;26144.127256561907;26159.385287409637;26314.0;26507.0;26378.0;26375.0;26234.0;25897.0;25418.0
015;5152.590991353308;5223.885984315303;5078.240498692942;5023.24150412226;5065.0;5080.0;4954.0;4896.0;4858.0;4806.0;4810.0
016;13096.79210105776;12932.129290008372;13019.54288105928;13219.780990792178;13357.0;13208.0;13041.0;13078.0;13009.0;12957.0;12826.0
017;25428.486625594636;25167.97161350698;25584.997582469;25579.948841924666;25896.0;26209.0;26351.0;26657.0;26367.0;25913.0;25321.0
018;11974.420075627362;11782.821244413888;11671.308697146786;11668.267445857682;11796.0;11874.0;11868.0;11643.0;11464.0;11271.0;11080.0
019;9195.435008282717;9108.475759249033;9083.196907785754;9097.35306460519;9156.0;9054.0;9009.0;9108.0;9000.0;8704.0;8530.0
021;20441.821230753594;20189.215102393413;20098.926164947407;20045.158595457087;19964.0;19977.0;19816.0;19718.0;19634.0;19510.0;19355.0
022;19292.28720489039;19188.538153457;19212.712689713324;19121.050906408094;19114.0;19177.0;18981.0;19007.0;18768.0;18329.0;17980.0
023;4519.660847880299;4468.02493765586;4433.600997506234;4402.214463840399;4466.0;4364.0;4293.0;4318.0;4316.0;4183.0;4132.0
024;15018.235234284939;14764.98854004204;14709.496236522682;14873.955245134603;14879.0;14824.0;14704.0;14715.0;14471.0;14232.0;14064.0
025;21803.20632428796;21865.873738506394;22158.99551468939;22168.09239739852;22535.0;22558.0;22439.0;22270.0;21922.0;21603.0;21299.0
026;19074.658302051732;18852.248675888313;19292.013163984164;19443.656090913766;19660.0;19768.0;19475.0;19494.0;19599.0;19595.0;19740.0
027;29329.0868650014;29202.955444849846;28899.230985124894;28701.456918327254;28762.0;28864.0;28871.0;28910.0;28790.0;28311.0;27846.0
028;18767.820852778957;18861.836868901148;19084.240347899875;19038.748727195587;19062.0;19003.0;18778.0;18863.0;18937.0;18625.0;18333.0
029;25400.742175194864;24941.589273454225;25009.200799644605;24883.059892573;24987.0;24898.0;24689.0;24530.0;24403.0;24015.0;23454.0
02A;5690.861633071404;5661.6932012299285;5709.971984967544;5754.227536727024;5888.0;6011.0;6055.0;6139.0;6170.0;6017.0;5918.0
02B;6314.0;6373.0;6405.0;6420.0;6601.0;6619.0;6620.0;6785.0;6810.0;6609.0;6578.0
030;29500.041002200778;29148.717453868292;29196.303064161166;29464.60490942949;29903.0;30222.0;30207.0;30465.0;30056.0;29682.0;28960.0
031;51051.412669536556;51367.011653668116;52573.950899692;54063.21511554603;55980.0;57201.0;57834.0;58702.0;59257.0;59513.0;59825.0
032;7202.334054521852;7019.9195153613155;6974.315880571181;6932.7659022068365;7026.0;7008.0;6973.0;6965.0;6954.0;6828.0;6813.0
033;60177.3698630137;60272.01369863014;61707.78082191781;63573.47260273973;64827.0;66238.0;66670.0;66723.0;66540.0;66218.0;65574.0
034;43637.863304173305;43664.29324374441;44184.75974606776;45314.131394663935;46597.0;47519.0;47733.0;48529.0;48653.0;48574.0;48260.0
035;31589.028852056475;31836.76611418048;32410.100920810313;32566.832658072435;32944.0;33221.0;33074.0;33098.0;33317.0;32872.0;32613.0
036;9025.717933903397;8865.107118095679;8815.297434712273;8786.834758493183;8797.0;8645.0;8453.0;8339.0;8280.0;8221.0;8197.0
037;23804.61253871265;23870.725161128317;23850.38281576965;24010.07022683519;24303.0;24591.0;24512.0;24444.0;24414.0;24202.0;23754.0
038;53553.741320248126;53214.24525506898;53386.51180446255;53626.27460420332;54405.0;54780.0;55042.0;55138.0;54882.0;54548.0;53618.0
039;9830.940102040817;10091.929489795917;10098.046428571428;9995.077959183673;9991.0;9960.0;9816.0;9680.0;9549.0;9430.0;9330.0
040;16962.637728573933;16867.671204066133;16874.743179295438;17093.97441140387;17293.0;17597.0;17642.0;17790.0;17690.0;17505.0;17191.0
041;13483.479927830402;13495.599909788003;13478.42993534807;13343.09013682153;13435.0;13499.0;13410.0;13324.0;13295.0;12997.0;12856.0
042;26230.81791044776;26185.414925373134;26406.376119402983;26727.223880597016;27040.0;27224.0;27137.0;27385.0;27535.0;27567.0;27456.0
043;6838.882700684506;6798.9968886123215;6734.565961418793;6585.249844430617;6574.0;6467.0;6206.0;6078.0;5974.0;5772.0;5612.0
044;41704.95467998102;41904.717145245464;42695.695795585474;43852.90563224363;44657.0;44868.0;44991.0;45100.0;45060.0;44830.0;44238.0
045;30734.510330775844;30622.517334691667;30987.75575435357;31281.359014358026;31692.0;31912.0;31864.0;31998.0;31940.0;31818.0;31780.0
046;6417.002269043761;6285.506320907618;6254.149594813615;6215.712317666127;6241.0;6098.0;6074.0;6004.0;5930.0;5877.0;5814.0
047;12567.175951903808;12587.504609218437;12673.901402805612;12597.668937875753;12680.0;12626.0;12539.0;12467.0;12403.0;12379.0;12316.0
048;2517.9089848308054;2478.4084014002333;2563.4865810968495;2630.3337222870477;2604.0;2613.0;2629.0;2562.0;2501.0;2418.0;2358.0
049;22996.042983230363;22919.25816416593;22831.35975286849;22898.04130626655;22894.0;22913.0;22444.0;22378.0;22292.0;21834.0;21817.0
050;18073.26752703174;17746.423439134986;17527.518602488082;17241.025636553888;17353.0;17116.0;16970.0;16956.0;16844.0;16607.0;16330.0
051;21499.009420892213;21314.0825713494;21422.20919922416;21658.67303962316;21882.0;21927.0;21873.0;21935.0;21886.0;21924.0;21694.0
052;7220.782365084046;7028.187407844294;6960.932025951048;7001.692863462106;6911.0;6798.0;6587.0;6505.0;6365.0;6331.0;6405.0
053;9414.928457531627;9276.39927713405;9463.464228765813;9515.033485702137;9512.0;9375.0;9219.0;9080.0;9085.0;8932.0;8657.0
054;28604.01516161864;28501.210893903764;28494.0858456463;28942.963885866702;29002.0;29179.0;29170.0;29293.0;29192.0;28896.0;28559.0
055;7747.1214188267395;7584.034788540245;7530.347885402456;7421.961118690314;7425.0;7284.0;7157.0;7195.0;7075.0;7082.0;6884.0
056;17544.483398213877;17375.127318525305;17313.634932447905;17341.860945729335;17609.0;17664.0;17639.0;17598.0;17454.0;17391.0;17194.0
057;41254.650571332146;41372.92825803963;41209.15915336773;41629.702039438795;41935.0;41885.0;41610.0;41535.0;41680.0;41830.0;41737.0
058;8425.54615181169;8170.445649299128;7999.001586881778;8028.952658026978;7810.0;7718.0;7518.0;7464.0;7390.0;7350.0;7259.0
059;96239.96972934096;95246.23863263773;95104.42175849048;95411.35399325204;95774.0;95957.0;95022.0;94646.0;93940.0;93510.0;92782.0
060;37730.17803112167;37143.05154527772;36901.35282040199;37059.46406959152;37278.0;37580.0;37381.0;37487.0;37512.0;37137.0;37017.0
061;10464.751120375195;10148.500260552371;10019.35601875977;9942.072850442939;9757.0;9773.0;9604.0;9487.0;9548.0;9213.0;9062.0
062;63088.13120893668;62167.7634106575;61999.04615235605;62154.629731867564;62584.0;62631.0;62322.0;62208.0;61520.0;61194.0;60371.0
063;23535.00735628384;23514.724676612805;23907.194528247306;24248.95768070422;24539.0;24372.0;24306.0;24208.0;24359.0;24181.0;23911.0
064;20829.71505010215;20577.33154976165;20768.13347601907;20607.61756980251;20754.0;21101.0;21084.0;21382.0;21309.0;20851.0;20466.0
065;8480.642356605244;8344.93511549442;8260.118089800155;8206.047235920063;8170.0;8014.0;7682.0;7637.0;7689.0;7626.0;7607.0
066;18567.409934235147;18565.341602951397;18731.842271293375;18933.50457145912;19342.0;19651.0;19699.0;19948.0;20007.0;20112.0;20027.0
067;45199.606979537646;45369.57568541504;46225.45360672665;46760.50302404485;47725.0;47838.0;47711.0;47945.0;47766.0;47780.0;47520.0
068;30144.159300060455;29816.914119701752;30066.92130718076;30222.413582320143;30259.0;30297.0;30229.0;30318.0;30177.0;30151.0;29988.0
069;60496.80438773778;61504.89871484332;63081.3758736134;64249.54950090254;65670.0;66372.0;66532.0;67171.0;67345.0;66834.0;66805.0
070;10223.130808434096;10058.632257419806;10142.39532327371;10180.744678724894;10099.0;9996.0;9762.0;9649.0;9432.0;9303.0;9214.0
071;22638.429257362357;22449.80103347357;22340.274967989757;22250.017376989206;22177.0;22016.0;21935.0;21878.0;21992.0;21812.0;21737.0
072;23126.95230783127;22728.649715472857;22675.813657302864;22500.03215608346;22498.0;22451.0;22019.0;21986.0;21788.0;21690.0;21527.0
073;18033.802488335925;17880.647022883804;17906.003888024883;18148.415518773607;18261.0;18194.0;18379.0;18444.0;18236.0;18031.0;17730.0
074;29575.47302480184;29788.557146509844;30433.8401943237;30683.1084121708;31448.0;31854.0;31992.0;32394.0;32820.0;32865.0;32864.0
075;57123.740234688965;56773.82918073193;56445.21706049403;56579.09607244281;56786.0;56506.0;55432.0;54173.0;52858.0;51158.0;49880.0
076;52316.632055140275;51480.44762644404;51561.33608387535;51588.63593825842;52077.0;52373.0;52192.0;52492.0;52579.0;52564.0;52157.0
077;69273.01370765241;69875.76462355412;70789.97044416088;72164.80698143499;73458.0;74130.0;74376.0;74578.0;75127.0;75282.0;75282.0
078;64703.76482124679;64928.559599377215;65723.36970776693;66188.0124857776;67033.0;67871.0;67900.0;68218.0;68615.0;68260.0;68002.0
079;14157.325629799756;14246.97409028924;14344.772410823225;14219.468312639057;14194.0;13984.0;13732.0;13787.0;13525.0;13265.0;12952.0
080;22034.273298816566;21627.62573964497;21449.905695266272;21597.50369822485;21720.0;21555.0;21492.0;21260.0;21249.0;20998.0;20619.0
081;14528.340192794149;14571.795856976825;14583.923019074316;14642.537635878856;14782.0;14876.0;14817.0;14919.0;14775.0;14510.0;14271.0
082;10531.743391476353;10568.024995504406;10683.92456392735;11040.6936702032;11209.0;11401.0;11392.0;11360.0;11303.0;10981.0;10793.0
083;41419.09709962169;41036.90004520688;40991.63986771039;41640.36907849342;42272.0;42664.0;43130.0;43732.0;43888.0;43827.0;43650.0
084;22732.428792171006;22760.872263713627;23016.86350759722;23145.8749678084;23667.0;24005.0;24210.0;24442.0;24389.0;24234.0;24035.0
085;15650.354685146129;15733.585055739683;16115.226755046702;16434.953178668275;16844.0;17123.0;17238.0;17051.0;16920.0;16364.0;16073.0
086;16502.52757115633;16412.07770332575;16442.566422819204;16429.35464437204;16532.0;16464.0;16525.0;16646.0;16495.0;16198.0;15905.0
087;14287.963576158942;14328.325055187639;14281.909354304637;14447.391418322297;14627.0;14639.0;14519.0;14531.0;14572.0;14421.0;14192.0
088;15474.278101694916;15174.00366101695;15204.436881355932;15059.37186440678;14963.0;14970.0;14570.0;14373.0;14068.0;13802.0;13643.0
089;14651.673994974875;14525.899846454495;14458.955541596873;14504.599385817979;14533.0;14371.0;14150.0;13845.0;13682.0;13508.0;13338.0
090;5904.807040850216;5888.618399202923;6045.445865161077;6156.742776486218;6093.0;6011.0;5979.0;5937.0;5966.0;5898.0;5752.0
091;59294.05007103394;59620.75843725336;60905.476258879244;62110.77881610103;63683.0;64216.0;64570.0;65459.0;65615.0;66141.0;66051.0
092;55013.86459487504;54775.24733111732;55620.97940519531;56595.58493818041;57247.0;57730.0;57163.0;56549.0;56202.0;55512.0;54672.0
093;72314.16935877354;73155.44035849105;74289.85113376647;76345.84517603554;78186.0;78959.0;78523.0;78862.0;78986.0;78851.0;79351.0
094;53836.014092808924;54087.61717215019;54807.2019790662;55522.761136712754;56345.0;57007.0;56472.0;56740.0;57045.0;56913.0;56963.0
095;58014.67851974364;58355.64637966953;59984.269334139084;61756.29935910688;63060.0;64222.0;64333.0;65199.0;65818.0;66476.0;66722.0
971;22811.68015897015;22378.740679942977;21867.49406021858;21417.453021728797;20836.0;20191.0;19026.0;18152.0;17708.0;17287.0;16865.0
972;19097.46702491451;18165.341963849536;17475.327308255983;16825.66438690767;16520.0;16102.0;15545.0;14844.0;14296.0;13767.0;13449.0
973;20357.486801137133;20424.4686611615;20780.37227561933;21595.151617706782;22155.0;22664.0;22688.0;22327.0;22167.0;21771.0;21571.0
974;55586.0;55182.0;54954.0;55260.0;55404.0;54927.0;54157.0;53542.0;52872.0;52449.0;52402.0
975;;;;153.51428571428573;199.0;191.0;161.0;167.0;139.0;133.0;133.0
976;26173.29280455949;27449.330902059235;28404.10764324728;28878.49357125895;29501.0;29720.0;29843.0;30310.0;30475.0;30263.0;30071.0
977;;;;;330.0;334.0;363.0;354.0;344.0;337.0;313.0
978;;;;;2035.0;1941.0;1900.0;1919.0;2014.0;1966.0;1889.0
986;;;;;847.0;811.0;818.0;844.0;841.0;824.0;795.0
987;15909.30417308021;15692.273986659826;13708.155378826748;13815.01795792714;12883.0;12914.0;12808.0;12817.0;12754.0;12379.0;12322.0
988;;;;;13244.0;13063.0;12869.0;12877.0;12937.0;12537.0;12668.0
FRA;2610782.237507961;2602140.1535166134;2620242.1233555586;2644603.226540666;2675843.0;2689111.0;2678986.0;2682702.0;2675476.0;2656918.0;2634574.0
