entite;periode;equipement_221_MEUR;subventions_equipement_221_MEUR;PPP_capital_1675_221_MEUR;equipement_24_cites_scolaires_MEUR;invest_bati_221_24_avec_PPP_MEUR;equipement_221_par_eleve_an;invest_bati_221_avec_PPP_par_eleve_an;invest_bati_221_24_avec_PPP_par_eleve_an
Seine-Saint-Denis;2012-2025;1140.1958471899998;16.245262330000003;143.87048592999997;0.64424;1300.9558354499998;;;
Seine-Saint-Denis;2016-2025;803.0116291;8.02445039;133.00042523;0.64424;944.68074472;1041.7656520183086;1224.720501209882;1225.5562887369051
Seine-Saint-Denis;2022-2025;321.6870357;2.7791963;65.19078639000001;0.64424;390.3012583900001;1019.6167192818973;1235.0538462684394;1237.0958243475397
Paris;2012-2025;320.37923864;51.240338;0.0;25.757840799999997;397.37741744;;;
Paris;2016-2025;206.22127817;37.288777;0.0;25.757840799999997;269.26789597000004;373.9820192441529;441.60516774442067;488.31697847140305
Paris;2022-2025;57.78142836;12.798946;0.0;17.92408665;88.50446100999999;272.8494943106605;333.2873554526838;417.92662653409116
France (départements, Paris, ML, CTU);2012-2025;28199.157362650003;1349.3080453399998;337.53318442;0.0;29885.99859241;;;
France (départements, Paris, ML, CTU);2016-2025;21170.586175490003;975.65877757;267.05778219;0.0;22413.30273525;797.5437204818919;844.3596555892016;844.3596555892016
France (départements, Paris, ML, CTU);2022-2025;9938.258181300002;407.84438599000003;121.16744580000001;0.0;10467.27001309;930.6114309693971;980.1477228226478;980.1477228226478
