;moy_annuelle_MEUR;moy_annuelle_MEUR;euros_par_collegien_public;euros_par_collegien_public
entite;Paris;Seine-Saint-Denis;Paris;Seine-Saint-Denis
poste;;;;
F1 Personnel (621, 631, 633, 64);29.355037420000002;72.014899755;554.4693056471556;913.0314582659795
F10 Charges financières (66);;6.1961790625;;78.5574433118435
F11 Autres charges de fonctionnement;;0.001629555;;0.020660099271627715
F2 Énergie et eau (60611-60613, 60621-60622);;14.288341445;;181.15286239532423
F3 Entretien, réparations, maintenance, nettoyage (6152x, 6155, 6156, 6283);1.5635982375000002;6.789994265000001;29.533848540321202;86.0860514488206
F4 Contrats de prestations de services (611);0.0035596025;1.8803258875;0.0672351493992706;23.839465067924362
F5 Locations et charges locatives (613, 614);0.0059374375;0.107348315;0.11214861697656739;1.3610015277434406
F6 Autres achats et charges externes (60-62);0.6890792875;10.756273295;13.01559621980416;136.371999759111
F7 Dotations de fonctionnement aux collèges publics (655111);15.69517074;11.75104375;296.4564581441216;148.98406646000925
F8 Dotations de fonctionnement aux collèges privés (655112);21.473322135;7.2472629500000005;405.59641753408965;91.88347247843093
F9 Autres subventions et participations (65x);0.0274086625;4.702700075;0.5177054230132959;59.62256591166981
I0 Remboursement en capital des marchés de partenariat (1675);;16.2976965975;;206.62820807104958
I1 Terrains, constructions, rénovations, gros travaux, avances (211-214, 217, 231x, 236-238);13.41694696;66.5743641775;253.42448583449683;844.0543417390919
I3 Mobilier, informatique, matériel (215x, 218x);0.34325660250000006;8.197006085;6.483563530302483;103.92466621024539
I4 Études, logiciels, incorporels (20 hors 204);0.6769935275000001;5.592463662499999;12.787315708369604;70.90331681975796
I5 Subventions d'équipement versées (204, 2324);3.1997365;0.694799075;60.43786114202336;8.808918915492333
I6 Autres immobilisations (21, 23);0.00816;0.057925;0.15412923749155927;0.7343945128019829
I7 Autres investissements (13, 26, 27, 45x hors 455, 481);0.0;0.3678181425;0.0;4.66333406233954
