entite;I_equipement;I_subventions_equipement_versees;I_PPP;F_total_fonctionnement;eleves_public_annee_civile;I_equipement_par_eleve;I_subventions_equipement_versees_par_eleve;I_PPP_par_eleve;F_total_fonctionnement_par_eleve;invest_total_par_eleve
Essonne;574686478.3;5820756.27;0.0;849982120.11;633867.3802262562;906.6351988248206;9.182924459564878;0.0;1340.9463030052164;915.8181232843855
France (départements, Paris, ML, CTU);21170586175.489998;975658777.57;267057782.19;28107728915.31;26544734.328418143;797.5437204818918;36.75526624221978;10.06066886508992;1058.8815306099543;844.3596555892015
France catégorie CTU;348532226.19;33121046.57;0.0;404690649.7;0.0;inf;inf;;inf;inf
France catégorie DEPT;20225675978.9;899999028.0;267057782.19;26670728801.42;0.0;inf;inf;inf;inf;inf
France catégorie ML;468181603.59;17106638.0;0.0;549321433.08;0.0;inf;inf;;inf;inf
France catégorie PARIS;128196366.81;25432065.0;0.0;482988031.11;0.0;inf;inf;;inf;inf
Hauts-de-Seine;770994363.43;2745365.44;24834781.75;974936082.71;562294.7214044097;1371.1570357700205;4.882431464309438;44.166841346067876;1733.8524542342507;1420.206308580398
Paris;206221278.17000002;37288777.0;0.0;715279474.31;551420.302470128;373.98201924415287;67.6231485002677;0.0;1297.158394614512;441.60516774442056
Seine-Saint-Denis;803011629.1;8024450.390000001;133000425.23;1268791541.72;770817.9162408087;1041.7656520183086;10.41030601511487;172.54454317645852;1646.0327594715911;1224.720501209882
Seine-et-Marne;816159394.82;4174623.72;0.0;425055230.02;731057.5511875849;1116.4092259141148;5.710389986695887;0.0;581.4251276517264;1122.119615900811
Val-d'Oise;484834721.61;1110194.5;0.0;467963689.33;630121.3340860779;769.4307356109435;1.761874166044887;0.0;742.6564758495762;771.1926097769884
Val-de-Marne;722304071.13;10807153.790000001;0.0;711910741.46;559817.9230164683;1290.2482064847213;19.304765613376198;0.0;1271.6826528597185;1309.5529720980974
Yvelines;550157180.0;49756581.56;0.0;562421706.65;670540.1183404196;820.4687012040887;74.20373546499658;0.0;838.7592200180183;894.6724366690852
