annee;niveau;administration;dep_directe_etab_DIR_MEUR;dont_vers_etab_publics_MEUR;dont_vers_prive_sous_contrat_PRV_DEP_MEUR;dont_vers_prive_independant_MEUR;dont_capital_CAP_MEUR;transferts_au_prive_TRF_PAY_MEUR;dont_bourses_aides_menages_FA_GRNT_MEUR;depense_finale_DIR+TRF_MEUR;S1_TOTAL_publie_MEUR;transferts_verses_autres_APU_MEUR(S1_TOTAL-DIR-TRF);part_de_S13_final_pct;eleves_ETP_tous_secteurs;EUR_par_eleve_ETP_final
2019;ED02 preelementaire;Etat_central (S1311);8242.4;7732.9;509.3;0.2;10.9;0.0;0.0;8242.4;8297.1;54.7;50.39;2482822.0;3320
2019;ED02 preelementaire;niveau_regional (S1312 : departements+regions, deduit);3.2;3.2;0.0;0.0;1.4;7.1;7.1;10.3;72.5;62.2;0.06;2482822.0;4
2019;ED02 preelementaire;niveau_local (S1313 : communes, deduit);8102.5;7782.3;318.5;1.7;1378.7;1.4;1.4;8103.9;8103.9;0.0;49.55;2482822.0;3264
2019;ED02 preelementaire;ensemble_APU (S13);16348.1;15518.4;827.8;1.9;1391.0;8.5;8.5;16356.6;16356.6;0.0;100.0;2482822.0;6588
2019;ED1 elementaire (primaire);Etat_central (S1311);18177.9;16726.7;1450.9;0.3;18.6;830.8;830.8;19008.7;19101.0;92.3;66.56;4326559.0;4393
2019;ED1 elementaire (primaire);niveau_regional (S1312 : departements+regions, deduit);5.3;5.3;0.0;0.0;2.3;11.7;11.7;17.0;121.4;104.4;0.06;4326559.0;4
2019;ED1 elementaire (primaire);niveau_local (S1313 : communes, deduit);9529.5;8899.0;628.4;2.1;2529.9;2.4;2.4;9531.9;9531.9;0.0;33.38;4326559.0;2203
2019;ED1 elementaire (primaire);ensemble_APU (S13);27712.7;25631.0;2079.3;2.4;2550.8;844.9;844.9;28557.600000000002;28557.6;-0.0;100.0;4326559.0;6601
2019;1D = ED02+ED1 (premier degre);Etat_central (S1311);26420.300000000003;24459.6;1960.2;0.5;29.5;830.8;830.8;27251.100000000002;27398.1;147.0;60.67;6809381.0;4002
2019;1D = ED02+ED1 (premier degre);niveau_regional (S1312 : departements+regions, deduit);8.5;8.5;0.0;0.0;3.6999999999999997;18.799999999999997;18.799999999999997;27.299999999999997;193.9;166.6;0.06;6809381.0;4
2019;1D = ED02+ED1 (premier degre);niveau_local (S1313 : communes, deduit);17632.0;16681.3;946.9;3.8;3908.6000000000004;3.8;3.8;17635.8;17635.8;0.0;39.27;6809381.0;2590
2019;1D = ED02+ED1 (premier degre);ensemble_APU (S13);44060.8;41149.4;2907.1000000000004;4.3;3941.8;853.4;853.4;44914.200000000004;44914.2;-0.0;100.0;6809381.0;6596
2019;ED2 college (= ED24);Etat_central (S1311);21115.1;18206.6;2907.7;0.8;38.4;946.0;946.0;22061.1;22121.5;60.4;77.51;3450894.0;6393
2019;ED2 college (= ED24);niveau_regional (S1312 : departements+regions, deduit);6187.8;5640.4;543.6;3.8;2096.5;68.6;68.6;6256.400000000001;6297.2;40.8;21.98;3450894.0;1813
2019;ED2 college (= ED24);niveau_local (S1313 : communes, deduit);144.2;144.2;0.0;0.0;19.5;1.8;1.8;146.0;146.0;0.0;0.51;3450894.0;42
2019;ED2 college (= ED24);ensemble_APU (S13);27447.1;23991.2;3451.3;4.6;2154.4;1016.4;1016.4;28463.5;28463.5;0.0;100.0;3450894.0;8248
2019;ED34 lycee general et techno;Etat_central (S1311);12624.7;10935.6;1688.6;0.5;19.9;677.7;677.7;13302.400000000001;13412.0;109.6;75.96;1660165.0;8013
2019;ED34 lycee general et techno;niveau_regional (S1312 : departements+regions, deduit);4101.5;3665.8;433.5;2.2;1541.9;35.1;35.1;4136.6;4146.8;10.2;23.62;1660165.0;2492
2019;ED34 lycee general et techno;niveau_local (S1313 : communes, deduit);72.9;72.9;0.0;0.0;10.4;0.9;0.9;73.80000000000001;73.8;-0.0;0.42;1660165.0;44
2019;ED34 lycee general et techno;ensemble_APU (S13);16799.1;14674.3;2122.1;2.7;1572.2;713.7;713.7;17512.8;17512.8;0.0;100.0;1660165.0;10549
2019;ED35 lycee pro + apprentis CITE 35;Etat_central (S1311);6610.6;5481.7;1120.1;8.8;12.2;396.9;396.9;7007.5;7051.5;44.0;72.89;870572.0;8049
2019;ED35 lycee pro + apprentis CITE 35;niveau_regional (S1312 : departements+regions, deduit);2457.7;1654.5;482.5;320.7;755.8;32.9;32.9;2490.6;2566.6;76.0;25.91;870572.0;2861
2019;ED35 lycee pro + apprentis CITE 35;niveau_local (S1313 : communes, deduit);115.9;58.8;28.9;28.2;35.6;0.3;0.3;116.2;116.2;0.0;1.21;870572.0;133
2019;ED35 lycee pro + apprentis CITE 35;ensemble_APU (S13);9184.2;7195.0;1631.5;357.7;803.6;430.1;430.1;9614.300000000001;9614.3;-0.0;100.0;870572.0;11044
2019;ED3 second cycle (ED34+ED35);Etat_central (S1311);19235.3;16417.3;2808.7;9.3;32.1;1074.6;1074.6;20309.899999999998;20463.5;153.6;74.87;2530737.0;8025
2019;ED3 second cycle (ED34+ED35);niveau_regional (S1312 : departements+regions, deduit);6559.2;5320.3;916.0;322.9;2297.7;68.0;68.0;6627.2;6713.4;86.2;24.43;2530737.0;2619
2019;ED3 second cycle (ED34+ED35);niveau_local (S1313 : communes, deduit);188.8;131.7;28.9;28.2;46.0;1.2;1.2;190.0;190.0;0.0;0.7;2530737.0;75
2019;ED3 second cycle (ED34+ED35);ensemble_APU (S13);25983.3;21869.3;3753.6;360.4;2375.8;1143.8;1143.8;27127.1;27127.1;0.0;100.0;2530737.0;10719
2019;ED4 post-secondaire non superieur;Etat_central (S1311);135.4;117.4;17.6;0.4;3.8;9.5;9.5;144.9;145.2;0.3;34.76;53691.0;2699
2019;ED4 post-secondaire non superieur;niveau_regional (S1312 : departements+regions, deduit);227.9;216.3;11.5;0.1;12.3;36.4;36.4;264.3;265.9;1.6;63.41;53691.0;4923
2019;ED4 post-secondaire non superieur;niveau_local (S1313 : communes, deduit);7.6;6.6;1.0;0.0;1.1;0.0;0.0;7.6;7.6;0.0;1.82;53691.0;142
2019;ED4 post-secondaire non superieur;ensemble_APU (S13);370.9;340.3;30.1;0.5;17.2;45.9;45.9;416.79999999999995;416.8;0.0;100.0;53691.0;7763
2019;2D = ED2+ED3 (second degre hors CITE 4);Etat_central (S1311);40350.399999999994;34623.899999999994;5716.4;10.100000000000001;70.5;2020.6;2020.6;42370.99999999999;42585.0;214.0;76.22;5981631.0;7084
2019;2D = ED2+ED3 (second degre hors CITE 4);niveau_regional (S1312 : departements+regions, deduit);12747.0;10960.7;1459.6;326.7;4394.2;136.6;136.6;12883.6;13010.599999999999;127.0;23.18;5981631.0;2154
2019;2D = ED2+ED3 (second degre hors CITE 4);niveau_local (S1313 : communes, deduit);333.0;275.9;28.9;28.2;65.5;3.0;3.0;336.0;336.0;0.0;0.6;5981631.0;56
2019;2D = ED2+ED3 (second degre hors CITE 4);ensemble_APU (S13);53430.399999999994;45860.5;7204.9;365.0;4530.200000000001;2160.2;2160.2;55590.59999999999;55590.6;0.0;100.0;5981631.0;9294
2019;SCOL = ED02+ED1+ED2+ED3 (scolaire hors CITE 4);Etat_central (S1311);66770.7;59083.5;7676.599999999999;10.600000000000001;100.0;2851.3999999999996;2851.3999999999996;69622.09999999999;69983.1;361.0;69.27;12791012.0;5443
2019;SCOL = ED02+ED1+ED2+ED3 (scolaire hors CITE 4);niveau_regional (S1312 : departements+regions, deduit);12755.5;10969.2;1459.6;326.7;4397.9;155.39999999999998;155.39999999999998;12910.9;13204.5;293.6;12.85;12791012.0;1009
2019;SCOL = ED02+ED1+ED2+ED3 (scolaire hors CITE 4);niveau_local (S1313 : communes, deduit);17965.0;16957.2;975.8;32.0;3974.1000000000004;6.8;6.8;17971.8;17971.8;0.0;17.88;12791012.0;1405
2019;SCOL = ED02+ED1+ED2+ED3 (scolaire hors CITE 4);ensemble_APU (S13);97491.2;87009.90000000001;10112.0;369.29999999999995;8472.0;3013.6;3013.6;100504.8;100504.79999999999;-0.0;100.0;12791012.0;7857
2019;SCOL4 = ED02+ED1+ED2+ED3+ED4;Etat_central (S1311);66906.09999999999;59200.9;7694.2;11.000000000000002;103.8;2860.8999999999996;2860.8999999999996;69766.99999999999;70128.3;361.3;69.13;12844703.0;5432
2019;SCOL4 = ED02+ED1+ED2+ED3+ED4;niveau_regional (S1312 : departements+regions, deduit);12983.4;11185.5;1471.1;326.8;4410.2;191.79999999999998;191.79999999999998;13175.199999999999;13470.4;295.2;13.05;12844703.0;1026
2019;SCOL4 = ED02+ED1+ED2+ED3+ED4;niveau_local (S1313 : communes, deduit);17972.6;16963.8;976.8;32.0;3975.2000000000003;6.8;6.8;17979.399999999998;17979.399999999998;0.0;17.82;12844703.0;1400
2019;SCOL4 = ED02+ED1+ED2+ED3+ED4;ensemble_APU (S13);97862.09999999999;87350.20000000001;10142.1;369.79999999999995;8489.2;3059.5;3059.5;100921.59999999999;100921.59999999999;0.0;100.0;12844703.0;7857
2020;ED02 preelementaire;Etat_central (S1311);8376.9;7877.4;499.3;0.2;11.9;0.0;0.0;8376.9;8396.5;19.6;51.31;2441174.667;3432
2020;ED02 preelementaire;niveau_regional (S1312 : departements+regions, deduit);4.3;4.3;0.0;0.0;2.7;7.5;7.5;11.8;69.0;57.2;0.07;2441174.667;5
2020;ED02 preelementaire;niveau_local (S1313 : communes, deduit);7936.6;7641.4;293.7;1.5;1179.0;1.4;1.4;7938.0;7938.0;0.0;48.62;2441174.667;3252
2020;ED02 preelementaire;ensemble_APU (S13);16317.8;15523.1;793.0;1.7;1193.6;8.9;8.9;16326.699999999999;16326.7;0.0;100.0;2441174.667;6688
2020;ED1 elementaire (primaire);Etat_central (S1311);18968.8;17453.8;1514.7;0.3;20.2;1070.1;1070.1;20038.899999999998;20072.4;33.5;69.23;4307970.587;4652
2020;ED1 elementaire (primaire);niveau_regional (S1312 : departements+regions, deduit);7.4;7.4;0.0;0.0;4.7;12.7;12.7;20.1;117.8;97.7;0.07;4307970.587;5
2020;ED1 elementaire (primaire);niveau_local (S1313 : communes, deduit);8886.0;8340.7;543.5;1.8;1997.2;2.3;2.3;8888.3;8888.3;0.0;30.71;4307970.587;2063
2020;ED1 elementaire (primaire);ensemble_APU (S13);27862.2;25801.9;2058.2;2.1;2022.1;1085.1;1085.1;28947.3;28947.3;0.0;100.0;4307970.587;6719
2020;1D = ED02+ED1 (premier degre);Etat_central (S1311);27345.699999999997;25331.199999999997;2014.0;0.5;32.1;1070.1;1070.1;28415.799999999996;28468.9;53.1;62.76;6749145.254000001;4210
2020;1D = ED02+ED1 (premier degre);niveau_regional (S1312 : departements+regions, deduit);11.7;11.7;0.0;0.0;7.4;20.2;20.2;31.9;186.8;154.9;0.07;6749145.254000001;5
2020;1D = ED02+ED1 (premier degre);niveau_local (S1313 : communes, deduit);16822.6;15982.1;837.2;3.3;3176.2;3.6999999999999997;3.6999999999999997;16826.3;16826.3;0.0;37.17;6749145.254000001;2493
2020;1D = ED02+ED1 (premier degre);ensemble_APU (S13);44180.0;41325.0;2851.2;3.8;3215.7;1094.0;1094.0;45274.0;45274.0;0.0;100.0;6749145.254000001;6708
2020;ED2 college (= ED24);Etat_central (S1311);21606.6;18633.6;2972.0;1.0;42.4;1117.0;1117.0;22723.6;22723.2;-0.4;77.87;3482657.747;6525
2020;ED2 college (= ED24);niveau_regional (S1312 : departements+regions, deduit);6283.6;5747.4;532.3;3.9;2138.9;65.4;65.4;6349.0;6386.9;37.9;21.76;3482657.747;1823
2020;ED2 college (= ED24);niveau_local (S1313 : communes, deduit);108.7;108.7;0.0;0.0;40.3;1.8;1.8;110.5;110.5;0.0;0.38;3482657.747;32
2020;ED2 college (= ED24);ensemble_APU (S13);27998.9;24489.7;3504.3;4.9;2221.6;1184.2;1184.2;29183.100000000002;29183.1;-0.0;100.0;3482657.747;8380
2020;ED34 lycee general et techno;Etat_central (S1311);12646.6;10941.3;1704.8;0.5;18.7;778.0;778.0;13424.6;13504.0;79.4;76.38;1656261.333;8105
2020;ED34 lycee general et techno;niveau_regional (S1312 : departements+regions, deduit);4064.9;3633.1;429.8;2.0;1461.6;31.2;31.2;4096.1;4106.8;10.7;23.31;1656261.333;2473
2020;ED34 lycee general et techno;niveau_local (S1313 : communes, deduit);54.2;54.2;0.0;0.0;20.1;0.8;0.8;55.0;55.0;0.0;0.31;1656261.333;33
2020;ED34 lycee general et techno;ensemble_APU (S13);16765.7;14628.6;2134.6;2.5;1500.4;810.0;810.0;17575.7;17575.7;0.0;100.0;1656261.333;10612
2020;ED35 lycee pro + apprentis CITE 35;Etat_central (S1311);6672.3;5518.6;1129.1;24.6;9.4;444.8;444.8;7117.1;7148.9;31.8;78.39;871599.667;8166
2020;ED35 lycee pro + apprentis CITE 35;niveau_regional (S1312 : departements+regions, deduit);1891.8;1556.7;241.8;93.3;696.1;20.3;20.3;1912.1;1922.4;10.3;21.06;871599.667;2194
2020;ED35 lycee pro + apprentis CITE 35;niveau_local (S1313 : communes, deduit);49.4;29.5;9.8;10.1;11.5;0.3;0.3;49.699999999999996;49.7;0.0;0.55;871599.667;57
2020;ED35 lycee pro + apprentis CITE 35;ensemble_APU (S13);8613.5;7104.8;1380.7;128.0;717.0;465.4;465.4;9078.9;9078.9;0.0;100.0;871599.667;10416
2020;ED3 second cycle (ED34+ED35);Etat_central (S1311);19318.9;16459.9;2833.9;25.1;28.1;1222.8;1222.8;20541.7;20652.9;111.2;77.07;2527861.0;8126
2020;ED3 second cycle (ED34+ED35);niveau_regional (S1312 : departements+regions, deduit);5956.7;5189.8;671.6;95.3;2157.7;51.5;51.5;6008.2;6029.2;21.0;22.54;2527861.0;2377
2020;ED3 second cycle (ED34+ED35);niveau_local (S1313 : communes, deduit);103.6;83.7;9.8;10.1;31.6;1.1;1.1;104.69999999999999;104.7;0.0;0.39;2527861.0;41
2020;ED3 second cycle (ED34+ED35);ensemble_APU (S13);25379.2;21733.4;3515.3;130.5;2217.4;1275.4;1275.4;26654.600000000002;26654.6;-0.0;100.0;2527861.0;10544
2020;ED4 post-secondaire non superieur;Etat_central (S1311);109.6;95.4;14.0;0.2;3.7;9.0;9.0;118.6;118.7;0.1;29.96;48930.0;2424
2020;ED4 post-secondaire non superieur;niveau_regional (S1312 : departements+regions, deduit);229.4;219.3;10.1;0.0;9.2;41.5;41.5;270.9;272.3;1.4;68.44;48930.0;5536
2020;ED4 post-secondaire non superieur;niveau_local (S1313 : communes, deduit);6.3;5.4;0.9;0.0;1.2;0.0;0.0;6.3;6.3;0.0;1.59;48930.0;129
2020;ED4 post-secondaire non superieur;ensemble_APU (S13);345.3;320.1;25.0;0.2;14.1;50.5;50.5;395.8;395.8;0.0;100.0;48930.0;8089
2020;2D = ED2+ED3 (second degre hors CITE 4);Etat_central (S1311);40925.5;35093.5;5805.9;26.1;70.5;2339.8;2339.8;43265.3;43376.100000000006;110.8;77.48;6010518.7469999995;7198
2020;2D = ED2+ED3 (second degre hors CITE 4);niveau_regional (S1312 : departements+regions, deduit);12240.3;10937.2;1203.9;99.2;4296.6;116.9;116.9;12357.199999999999;12416.099999999999;58.9;22.13;6010518.7469999995;2056
2020;2D = ED2+ED3 (second degre hors CITE 4);niveau_local (S1313 : communes, deduit);212.3;192.4;9.8;10.1;71.9;2.9000000000000004;2.9000000000000004;215.20000000000002;215.2;-0.0;0.39;6010518.7469999995;36
2020;2D = ED2+ED3 (second degre hors CITE 4);ensemble_APU (S13);53378.100000000006;46223.100000000006;7019.6;135.4;4439.0;2459.6000000000004;2459.6000000000004;55837.700000000004;55837.7;-0.0;100.0;6010518.7469999995;9290
2020;SCOL = ED02+ED1+ED2+ED3 (scolaire hors CITE 4);Etat_central (S1311);68271.2;60424.7;7819.9;26.6;102.6;3409.8999999999996;3409.8999999999996;71681.09999999999;71845.0;163.9;70.89;12759664.001;5618
2020;SCOL = ED02+ED1+ED2+ED3 (scolaire hors CITE 4);niveau_regional (S1312 : departements+regions, deduit);12252.0;10948.9;1203.9;99.2;4304.0;137.10000000000002;137.10000000000002;12389.1;12602.9;213.8;12.25;12759664.001;971
2020;SCOL = ED02+ED1+ED2+ED3 (scolaire hors CITE 4);niveau_local (S1313 : communes, deduit);17034.899999999998;16174.500000000002;847.0;13.399999999999999;3248.1;6.6;6.6;17041.499999999996;17041.5;0.0;16.85;12759664.001;1336
2020;SCOL = ED02+ED1+ED2+ED3 (scolaire hors CITE 4);ensemble_APU (S13);97558.09999999999;87548.1;9870.8;139.2;7654.699999999999;3553.6;3553.6;101111.7;101111.70000000001;0.0;100.0;12759664.001;7924
2020;SCOL4 = ED02+ED1+ED2+ED3+ED4;Etat_central (S1311);68380.8;60520.1;7833.9;26.8;106.3;3418.8999999999996;3418.8999999999996;71799.7;71963.7;164.0;70.73;12808594.001;5606
2020;SCOL4 = ED02+ED1+ED2+ED3+ED4;niveau_regional (S1312 : departements+regions, deduit);12481.4;11168.199999999999;1214.0;99.2;4313.2;178.60000000000002;178.60000000000002;12660.0;12875.199999999999;215.2;12.47;12808594.001;988
2020;SCOL4 = ED02+ED1+ED2+ED3+ED4;niveau_local (S1313 : communes, deduit);17041.199999999997;16179.900000000001;847.9;13.399999999999999;3249.2999999999997;6.6;6.6;17047.799999999996;17047.8;0.0;16.79;12808594.001;1331
2020;SCOL4 = ED02+ED1+ED2+ED3+ED4;ensemble_APU (S13);97903.4;87868.20000000001;9895.8;139.39999999999998;7668.799999999999;3604.1;3604.1;101507.5;101507.50000000001;0.0;100.0;12808594.001;7925
2021;ED02 preelementaire;Etat_central (S1311);8599.4;8092.9;506.2;0.3;15.7;0.0;0.0;8599.4;8634.8;35.4;50.8;2385164.0;3605
2021;ED02 preelementaire;niveau_regional (S1312 : departements+regions, deduit);4.2;4.2;0.0;0.0;3.8;7.7;7.7;11.9;57.5;45.6;0.07;2385164.0;5
2021;ED02 preelementaire;niveau_local (S1313 : communes, deduit);8313.7;7990.8;321.1;1.8;1306.9;1.3;1.3;8315.0;8315.0;0.0;49.12;2385164.0;3486
2021;ED02 preelementaire;ensemble_APU (S13);16917.3;16087.9;827.3;2.1;1326.4;9.0;9.0;16926.3;16926.3;0.0;100.0;2385164.0;7096
2021;ED1 elementaire (primaire);Etat_central (S1311);19525.7;17996.5;1528.9;0.3;27.2;822.5;822.5;20348.2;20384.1;35.9;68.02;4278572.667;4756
2021;ED1 elementaire (primaire);niveau_regional (S1312 : departements+regions, deduit);7.3;7.3;0.0;0.0;6.6;13.2;13.2;20.5;99.6;79.1;0.07;4278572.667;5
2021;ED1 elementaire (primaire);niveau_local (S1313 : communes, deduit);9545.4;8948.8;594.5;2.1;2240.1;2.3;2.3;9547.699999999999;9547.7;0.0;31.91;4278572.667;2232
2021;ED1 elementaire (primaire);ensemble_APU (S13);29078.4;26952.6;2123.4;2.4;2273.9;838.0;838.0;29916.4;29916.4;0.0;100.0;4278572.667;6992
2021;1D = ED02+ED1 (premier degre);Etat_central (S1311);28125.1;26089.4;2035.1000000000001;0.6;42.9;822.5;822.5;28947.6;29018.899999999998;71.3;61.8;6663736.667;4344
2021;1D = ED02+ED1 (premier degre);niveau_regional (S1312 : departements+regions, deduit);11.5;11.5;0.0;0.0;10.399999999999999;20.9;20.9;32.4;157.1;124.7;0.07;6663736.667;5
2021;1D = ED02+ED1 (premier degre);niveau_local (S1313 : communes, deduit);17859.1;16939.6;915.6;3.9000000000000004;3547.0;3.5999999999999996;3.5999999999999996;17862.699999999997;17862.7;0.0;38.13;6663736.667;2681
2021;1D = ED02+ED1 (premier degre);ensemble_APU (S13);45995.7;43040.5;2950.7;4.5;3600.3;847.0;847.0;46842.7;46842.7;0.0;100.0;6663736.667;7029
2021;ED2 college (= ED24);Etat_central (S1311);22282.2;19266.5;3014.6;1.1;51.2;956.7;956.7;23238.9;23238.8;-0.1;76.8;3492373.667;6654
2021;ED2 college (= ED24);niveau_regional (S1312 : departements+regions, deduit);6871.6;6294.7;572.3;4.6;2547.0;65.0;65.0;6936.6;6966.4;29.8;22.92;3492373.667;1986
2021;ED2 college (= ED24);niveau_local (S1313 : communes, deduit);83.4;83.4;0.0;0.0;19.1;1.8;1.8;85.2;85.2;0.0;0.28;3492373.667;24
2021;ED2 college (= ED24);ensemble_APU (S13);29237.2;25644.6;3586.9;5.7;2617.3;1023.5;1023.5;30260.7;30260.7;0.0;100.0;3492373.667;8665
2021;ED34 lycee general et techno;Etat_central (S1311);12844.5;11127.6;1716.4;0.5;24.6;714.1;714.1;13558.6;13638.7;80.1;74.95;1658438.0;8176
2021;ED34 lycee general et techno;niveau_regional (S1312 : departements+regions, deduit);4455.9;3995.1;458.6;2.2;1753.7;32.8;32.8;4488.7;4495.3;6.6;24.81;1658438.0;2707
2021;ED34 lycee general et techno;niveau_local (S1313 : communes, deduit);41.7;41.7;0.0;0.0;9.8;0.8;0.8;42.5;42.5;0.0;0.23;1658438.0;26
2021;ED34 lycee general et techno;ensemble_APU (S13);17342.1;15164.4;2175.0;2.7;1788.1;747.7;747.7;18089.8;18089.8;0.0;100.0;1658438.0;10908
2021;ED35 lycee pro + apprentis CITE 35;Etat_central (S1311);6883.4;5650.9;1163.0;69.5;11.4;418.0;418.0;7301.4;7333.6;32.2;77.75;886126.0;8240
2021;ED35 lycee pro + apprentis CITE 35;niveau_regional (S1312 : departements+regions, deduit);2038.0;1702.8;244.9;90.3;835.4;23.0;23.0;2061.0;2068.3;7.3;21.95;886126.0;2326
2021;ED35 lycee pro + apprentis CITE 35;niveau_local (S1313 : communes, deduit);27.6;14.7;3.6;9.3;6.8;0.3;0.3;27.900000000000002;27.9;-0.0;0.3;886126.0;31
2021;ED35 lycee pro + apprentis CITE 35;ensemble_APU (S13);8949.0;7368.4;1411.5;169.1;853.6;441.3;441.3;9390.3;9390.3;0.0;100.0;886126.0;10597
2021;ED3 second cycle (ED34+ED35);Etat_central (S1311);19727.9;16778.5;2879.4;70.0;36.0;1132.1;1132.1;20860.0;20972.3;112.3;75.91;2544564.0;8198
2021;ED3 second cycle (ED34+ED35);niveau_regional (S1312 : departements+regions, deduit);6493.9;5697.9;703.5;92.5;2589.1;55.8;55.8;6549.7;6563.6;13.9;23.83;2544564.0;2574
2021;ED3 second cycle (ED34+ED35);niveau_local (S1313 : communes, deduit);69.3;56.4;3.6;9.3;16.6;1.1;1.1;70.39999999999999;70.4;0.0;0.26;2544564.0;28
2021;ED3 second cycle (ED34+ED35);ensemble_APU (S13);26291.1;22532.8;3586.5;171.8;2641.7;1189.0;1189.0;27480.1;27480.1;0.0;100.0;2544564.0;10800
2021;ED4 post-secondaire non superieur;Etat_central (S1311);110.1;93.1;16.8;0.2;4.4;7.4;7.4;117.5;117.7;0.2;28.98;48746.0;2410
2021;ED4 post-secondaire non superieur;niveau_regional (S1312 : departements+regions, deduit);238.6;228.1;10.5;0.0;10.6;43.5;43.5;282.1;283.8;1.7;69.59;48746.0;5787
2021;ED4 post-secondaire non superieur;niveau_local (S1313 : communes, deduit);5.8;4.8;1.0;0.0;1.0;0.0;0.0;5.8;5.8;0.0;1.43;48746.0;119
2021;ED4 post-secondaire non superieur;ensemble_APU (S13);354.5;326.0;28.3;0.2;16.0;50.9;50.9;405.4;405.4;0.0;100.0;48746.0;8317
2021;2D = ED2+ED3 (second degre hors CITE 4);Etat_central (S1311);42010.100000000006;36045.0;5894.0;71.1;87.2;2088.8;2088.8;44098.90000000001;44211.1;112.2;76.37;6036937.666999999;7305
2021;2D = ED2+ED3 (second degre hors CITE 4);niveau_regional (S1312 : departements+regions, deduit);13365.5;11992.599999999999;1275.8;97.1;5136.1;120.8;120.8;13486.3;13530.0;43.7;23.36;6036937.666999999;2234
2021;2D = ED2+ED3 (second degre hors CITE 4);niveau_local (S1313 : communes, deduit);152.7;139.8;3.6;9.3;35.7;2.9000000000000004;2.9000000000000004;155.6;155.60000000000002;0.0;0.27;6036937.666999999;26
2021;2D = ED2+ED3 (second degre hors CITE 4);ensemble_APU (S13);55528.3;48177.399999999994;7173.4;177.5;5259.0;2212.5;2212.5;57740.8;57740.8;0.0;100.0;6036937.666999999;9565
2021;SCOL = ED02+ED1+ED2+ED3 (scolaire hors CITE 4);Etat_central (S1311);70135.20000000001;62134.4;7929.1;71.7;130.1;2911.3;2911.3;73046.50000000001;73230.0;183.5;69.85;12700674.334;5751
2021;SCOL = ED02+ED1+ED2+ED3 (scolaire hors CITE 4);niveau_regional (S1312 : departements+regions, deduit);13377.0;12004.099999999999;1275.8;97.1;5146.5;141.7;141.7;13518.7;13687.1;168.4;12.93;12700674.334;1064
2021;SCOL = ED02+ED1+ED2+ED3 (scolaire hors CITE 4);niveau_local (S1313 : communes, deduit);18011.8;17079.4;919.2;13.200000000000001;3582.7;6.5;6.5;18018.3;18018.300000000003;0.0;17.23;12700674.334;1419
2021;SCOL = ED02+ED1+ED2+ED3 (scolaire hors CITE 4);ensemble_APU (S13);101524.0;91217.90000000001;10124.1;182.0;8859.3;3059.5;3059.5;104583.5;104583.5;0.0;100.0;12700674.334;8234
2021;SCOL4 = ED02+ED1+ED2+ED3+ED4;Etat_central (S1311);70245.30000000002;62227.5;7945.900000000001;71.9;134.5;2918.7000000000003;2918.7000000000003;73164.00000000001;73347.7;183.7;69.69;12749420.334;5739
2021;SCOL4 = ED02+ED1+ED2+ED3+ED4;niveau_regional (S1312 : departements+regions, deduit);13615.6;12232.199999999999;1286.3;97.1;5157.1;185.2;185.2;13800.800000000001;13970.9;170.1;13.15;12749420.334;1082
2021;SCOL4 = ED02+ED1+ED2+ED3+ED4;niveau_local (S1313 : communes, deduit);18017.6;17084.2;920.2;13.200000000000001;3583.7;6.5;6.5;18024.1;18024.100000000002;0.0;17.17;12749420.334;1414
2021;SCOL4 = ED02+ED1+ED2+ED3+ED4;ensemble_APU (S13);101878.5;91543.90000000001;10152.4;182.2;8875.3;3110.4;3110.4;104988.9;104988.9;0.0;100.0;12749420.334;8235
2022;ED02 preelementaire;Etat_central (S1311);8903.1;8380.0;522.8;0.3;16.7;0.0;0.0;8903.1;8969.1;66.0;50.2;2354417.0;3781
2022;ED02 preelementaire;niveau_regional (S1312 : departements+regions, deduit);7.3;7.3;0.0;0.0;6.6;7.2;7.2;14.5;59.1;44.6;0.08;2354417.0;6
2022;ED02 preelementaire;niveau_local (S1313 : communes, deduit);8816.7;8463.3;351.3;2.1;1444.7;1.1;1.1;8817.800000000001;8817.8;-0.0;49.72;2354417.0;3745
2022;ED02 preelementaire;ensemble_APU (S13);17727.1;16850.6;874.1;2.4;1468.0;8.3;8.3;17735.399999999998;17735.4;0.0;100.0;2354417.0;7533
2022;ED1 elementaire (primaire);Etat_central (S1311);20329.9;18733.1;1596.4;0.4;29.2;848.2;848.2;21178.100000000002;21210.7;32.6;67.06;4235255.0;5000
2022;ED1 elementaire (primaire);niveau_regional (S1312 : departements+regions, deduit);12.8;12.8;0.0;0.0;11.5;12.4;12.4;25.200000000000003;102.6;77.4;0.08;4235255.0;6
2022;ED1 elementaire (primaire);niveau_local (S1313 : communes, deduit);10374.2;9705.5;666.1;2.6;2547.0;1.9;1.9;10376.1;10376.1;0.0;32.86;4235255.0;2450
2022;ED1 elementaire (primaire);ensemble_APU (S13);30716.9;28451.4;2262.5;3.0;2587.7;862.5;862.5;31579.4;31579.4;0.0;100.0;4235255.0;7456
2022;1D = ED02+ED1 (premier degre);Etat_central (S1311);29233.0;27113.1;2119.2;0.7;45.9;848.2;848.2;30081.2;30179.800000000003;98.6;61.0;6589672.0;4565
2022;1D = ED02+ED1 (premier degre);niveau_regional (S1312 : departements+regions, deduit);20.1;20.1;0.0;0.0;18.1;19.6;19.6;39.7;161.7;122.0;0.08;6589672.0;6
2022;1D = ED02+ED1 (premier degre);niveau_local (S1313 : communes, deduit);19190.9;18168.8;1017.4000000000001;4.7;3991.7;3.0;3.0;19193.9;19193.9;0.0;38.92;6589672.0;2913
2022;1D = ED02+ED1 (premier degre);ensemble_APU (S13);48444.0;45302.0;3136.6;5.4;4055.7;870.8;870.8;49314.8;49314.8;0.0;100.0;6589672.0;7484
2022;ED2 college (= ED24);Etat_central (S1311);23132.1;19987.1;3143.8;1.2;61.1;1001.6;1001.6;24133.699999999997;24133.9;0.2;76.87;3490757.0;6914
2022;ED2 college (= ED24);niveau_regional (S1312 : departements+regions, deduit);7136.0;6535.1;596.3;4.6;2657.1;67.0;67.0;7203.0;7241.8;38.8;22.94;3490757.0;2063
2022;ED2 college (= ED24);niveau_local (S1313 : communes, deduit);58.0;58.0;0.0;0.0;15.0;1.4;1.4;59.4;59.4;0.0;0.19;3490757.0;17
2022;ED2 college (= ED24);ensemble_APU (S13);30326.1;26580.2;3740.1;5.8;2733.2;1070.0;1070.0;31396.1;31396.1;0.0;100.0;3490757.0;8994
2022;ED34 lycee general et techno;Etat_central (S1311);13312.8;11526.2;1786.2;0.4;30.2;748.2;748.2;14061.0;14142.1;81.1;75.23;1670498.0;8417
2022;ED34 lycee general et techno;niveau_regional (S1312 : departements+regions, deduit);4566.1;4097.5;466.9;1.7;1769.8;35.4;35.4;4601.5;4612.2;10.7;24.62;1670498.0;2755
2022;ED34 lycee general et techno;niveau_local (S1313 : communes, deduit);27.6;27.6;0.0;0.0;8.2;0.7;0.7;28.3;28.3;0.0;0.15;1670498.0;17
2022;ED34 lycee general et techno;ensemble_APU (S13);17906.5;15651.3;2253.1;2.1;1808.2;784.3;784.3;18690.8;18690.8;0.0;100.0;1670498.0;11189
2022;ED35 lycee pro + apprentis CITE 35;Etat_central (S1311);7057.0;5803.9;1179.1;74.0;13.2;427.4;427.4;7484.4;7516.2;31.8;78.21;894220.5;8370
2022;ED35 lycee pro + apprentis CITE 35;niveau_regional (S1312 : departements+regions, deduit);2034.4;1712.7;233.4;88.3;831.3;24.2;24.2;2058.6;2067.5;8.9;21.51;894220.5;2302
2022;ED35 lycee pro + apprentis CITE 35;niveau_local (S1313 : communes, deduit);26.5;13.3;3.4;9.8;6.7;0.3;0.3;26.8;26.8;0.0;0.28;894220.5;30
2022;ED35 lycee pro + apprentis CITE 35;ensemble_APU (S13);9117.9;7529.9;1415.9;172.1;851.2;451.9;451.9;9569.8;9569.8;0.0;100.0;894220.5;10702
2022;ED3 second cycle (ED34+ED35);Etat_central (S1311);20369.8;17330.1;2965.3;74.4;43.4;1175.6;1175.6;21545.399999999998;21658.3;112.9;76.24;2564718.5;8401
2022;ED3 second cycle (ED34+ED35);niveau_regional (S1312 : departements+regions, deduit);6600.5;5810.2;700.3;90.0;2601.1;59.6;59.6;6660.1;6679.7;19.6;23.57;2564718.5;2597
2022;ED3 second cycle (ED34+ED35);niveau_local (S1313 : communes, deduit);54.1;40.9;3.4;9.8;14.9;1.0;1.0;55.1;55.1;0.0;0.19;2564718.5;21
2022;ED3 second cycle (ED34+ED35);ensemble_APU (S13);27024.4;23181.2;3669.0;174.2;2659.4;1236.2;1236.2;28260.600000000002;28260.6;-0.0;100.0;2564718.5;11019
2022;ED4 post-secondaire non superieur;Etat_central (S1311);132.9;110.5;22.2;0.2;6.3;7.1;7.1;140.0;140.2;0.2;31.24;49116.0;2850
2022;ED4 post-secondaire non superieur;niveau_regional (S1312 : departements+regions, deduit);262.6;249.8;12.8;0.0;14.7;44.3;44.3;306.90000000000003;308.1;1.2;68.47;49116.0;6248
2022;ED4 post-secondaire non superieur;niveau_local (S1313 : communes, deduit);1.3;1.3;0.0;0.0;1.2;0.0;0.0;1.3;1.3;0.0;0.29;49116.0;26
2022;ED4 post-secondaire non superieur;ensemble_APU (S13);396.8;361.6;35.0;0.2;22.2;51.4;51.4;448.2;448.2;0.0;100.0;49116.0;9125
2022;2D = ED2+ED3 (second degre hors CITE 4);Etat_central (S1311);43501.899999999994;37317.2;6109.1;75.60000000000001;104.5;2177.2;2177.2;45679.09999999999;45792.2;113.1;76.57;6055475.5;7543
2022;2D = ED2+ED3 (second degre hors CITE 4);niveau_regional (S1312 : departements+regions, deduit);13736.5;12345.3;1296.6;94.6;5258.2;126.6;126.6;13863.1;13921.5;58.4;23.24;6055475.5;2289
2022;2D = ED2+ED3 (second degre hors CITE 4);niveau_local (S1313 : communes, deduit);112.1;98.9;3.4;9.8;29.9;2.4;2.4;114.5;114.5;0.0;0.19;6055475.5;19
2022;2D = ED2+ED3 (second degre hors CITE 4);ensemble_APU (S13);57350.5;49761.4;7409.1;180.0;5392.6;2306.2;2306.2;59656.7;59656.7;0.0;100.0;6055475.5;9852
2022;SCOL = ED02+ED1+ED2+ED3 (scolaire hors CITE 4);Etat_central (S1311);72734.9;64430.299999999996;8228.3;76.30000000000001;150.4;3025.4;3025.4;75760.29999999999;75972.0;211.7;69.52;12645147.5;5991
2022;SCOL = ED02+ED1+ED2+ED3 (scolaire hors CITE 4);niveau_regional (S1312 : departements+regions, deduit);13756.6;12365.400000000001;1296.6;94.6;5276.299999999999;146.2;146.2;13902.800000000001;14083.2;180.4;12.76;12645147.5;1099
2022;SCOL = ED02+ED1+ED2+ED3 (scolaire hors CITE 4);niveau_local (S1313 : communes, deduit);19303.0;18267.7;1020.8000000000001;14.5;4021.6;5.4;5.4;19308.4;19308.4;0.0;17.72;12645147.5;1527
2022;SCOL = ED02+ED1+ED2+ED3 (scolaire hors CITE 4);ensemble_APU (S13);105794.5;95063.4;10545.7;185.39999999999998;9448.3;3177.0;3177.0;108971.5;108971.5;0.0;100.0;12645147.5;8618
2022;SCOL4 = ED02+ED1+ED2+ED3+ED4;Etat_central (S1311);72867.79999999999;64540.799999999996;8250.5;76.50000000000001;156.70000000000002;3032.5;3032.5;75900.29999999999;76112.2;211.9;69.37;12694263.5;5979
2022;SCOL4 = ED02+ED1+ED2+ED3+ED4;niveau_regional (S1312 : departements+regions, deduit);14019.2;12615.2;1309.3999999999999;94.6;5290.999999999999;190.5;190.5;14209.7;14391.300000000001;181.6;12.99;12694263.5;1119
2022;SCOL4 = ED02+ED1+ED2+ED3+ED4;niveau_local (S1313 : communes, deduit);19304.3;18269.0;1020.8000000000001;14.5;4022.7999999999997;5.4;5.4;19309.7;19309.7;0.0;17.65;12694263.5;1521
2022;SCOL4 = ED02+ED1+ED2+ED3+ED4;ensemble_APU (S13);106191.3;95425.0;10580.7;185.59999999999997;9470.5;3228.4;3228.4;109419.7;109419.7;0.0;100.0;12694263.5;8620
2023;ED02 preelementaire;Etat_central (S1311);9261.0;8718.0;542.0;0.0;17.0;0.0;0.0;9261.0;9332.0;71.0;49.76;2329903.0;3975
2023;ED02 preelementaire;niveau_regional (S1312 : departements+regions, deduit);13.0;13.0;0.0;0.0;12.0;7.0;7.0;20.0;54.0;34.0;0.11;2329903.0;9
2023;ED02 preelementaire;niveau_local (S1313 : communes, deduit);9331.0;8953.0;375.0;3.0;1583.0;1.0;1.0;9332.0;9331.0;-1.0;50.14;2329903.0;4005
2023;ED02 preelementaire;ensemble_APU (S13);18604.0;17685.0;917.0;3.0;1612.0;7.0;7.0;18611.0;18612.0;1.0;99.99;2329903.0;7988
2023;ED1 elementaire (primaire);Etat_central (S1311);21334.0;19643.0;1691.0;0.0;31.0;826.0;826.0;22160.0;22201.0;41.0;65.65;4194830.0;5283
2023;ED1 elementaire (primaire);niveau_regional (S1312 : departements+regions, deduit);23.0;23.0;0.0;0.0;21.0;12.0;12.0;35.0;95.0;60.0;0.1;4194830.0;8
2023;ED1 elementaire (primaire);niveau_local (S1313 : communes, deduit);11560.0;10801.0;756.0;3.0;2993.0;1.0;1.0;11561.0;11561.0;0.0;34.25;4194830.0;2756
2023;ED1 elementaire (primaire);ensemble_APU (S13);32917.0;30467.0;2447.0;4.0;3045.0;839.0;839.0;33756.0;33756.0;0.0;100.0;4194830.0;8047
2023;1D = ED02+ED1 (premier degre);Etat_central (S1311);30595.0;28361.0;2233.0;0.0;48.0;826.0;826.0;31421.0;31533.0;112.0;60.0;6524733.0;4816
2023;1D = ED02+ED1 (premier degre);niveau_regional (S1312 : departements+regions, deduit);36.0;36.0;0.0;0.0;33.0;19.0;19.0;55.0;149.0;94.0;0.11;6524733.0;8
2023;1D = ED02+ED1 (premier degre);niveau_local (S1313 : communes, deduit);20891.0;19754.0;1131.0;6.0;4576.0;2.0;2.0;20893.0;20892.0;-1.0;39.9;6524733.0;3202
2023;1D = ED02+ED1 (premier degre);ensemble_APU (S13);51521.0;48152.0;3364.0;7.0;4657.0;846.0;846.0;52367.0;52368.0;1.0;100.0;6524733.0;8026
2023;ED2 college (= ED24);Etat_central (S1311);24294.0;20992.0;3301.0;1.0;67.0;996.0;996.0;25290.0;25294.0;4.0;76.69;3491280.0;7244
2023;ED2 college (= ED24);niveau_regional (S1312 : departements+regions, deduit);7579.0;6896.0;678.0;5.0;2667.0;70.0;70.0;7649.0;7668.0;19.0;23.19;3491280.0;2191
2023;ED2 college (= ED24);niveau_local (S1313 : communes, deduit);38.0;38.0;0.0;0.0;8.0;1.0;1.0;39.0;39.0;0.0;0.12;3491280.0;11
2023;ED2 college (= ED24);ensemble_APU (S13);31911.0;27926.0;3979.0;6.0;2742.0;1067.0;1067.0;32978.0;32978.0;0.0;100.0;3491280.0;9446
2023;ED34 lycee general et techno;Etat_central (S1311);13930.0;12058.0;1871.0;0.0;44.0;762.0;762.0;14692.0;14774.0;82.0;74.68;1667899.0;8809
2023;ED34 lycee general et techno;niveau_regional (S1312 : departements+regions, deduit);4923.0;4432.0;489.0;1.0;1812.0;42.0;42.0;4965.0;4965.0;0.0;25.24;1667899.0;2977
2023;ED34 lycee general et techno;niveau_local (S1313 : communes, deduit);18.0;18.0;0.0;0.0;4.0;0.0;0.0;18.0;18.0;0.0;0.09;1667899.0;11
2023;ED34 lycee general et techno;ensemble_APU (S13);18870.0;16508.0;2361.0;1.0;1860.0;804.0;804.0;19674.0;19674.0;0.0;100.0;1667899.0;11796
2023;ED35 lycee pro + apprentis CITE 35;Etat_central (S1311);7331.0;6032.0;1220.0;79.0;19.0;443.0;443.0;7774.0;7806.0;32.0;77.66;899782.0;8640
2023;ED35 lycee pro + apprentis CITE 35;niveau_regional (S1312 : departements+regions, deduit);2200.0;1860.0;245.0;94.0;855.0;20.0;20.0;2220.0;2225.0;5.0;22.18;899782.0;2467
2023;ED35 lycee pro + apprentis CITE 35;niveau_local (S1313 : communes, deduit);17.0;8.0;4.0;4.0;2.0;0.0;0.0;17.0;17.0;0.0;0.17;899782.0;19
2023;ED35 lycee pro + apprentis CITE 35;ensemble_APU (S13);9547.0;7901.0;1469.0;178.0;876.0;463.0;463.0;10010.0;10010.0;0.0;100.0;899782.0;11125
2023;ED3 second cycle (ED34+ED35);Etat_central (S1311);21261.0;18090.0;3091.0;80.0;63.0;1205.0;1205.0;22466.0;22581.0;115.0;75.68;2567681.0;8750
2023;ED3 second cycle (ED34+ED35);niveau_regional (S1312 : departements+regions, deduit);7122.0;6293.0;735.0;95.0;2667.0;62.0;62.0;7184.0;7191.0;7.0;24.2;2567681.0;2798
2023;ED3 second cycle (ED34+ED35);niveau_local (S1313 : communes, deduit);35.0;26.0;4.0;4.0;6.0;1.0;1.0;36.0;35.0;-1.0;0.12;2567681.0;14
2023;ED3 second cycle (ED34+ED35);ensemble_APU (S13);28418.0;24409.0;3829.0;179.0;2736.0;1267.0;1267.0;29685.0;29685.0;0.0;100.0;2567681.0;11561
2023;ED4 post-secondaire non superieur;Etat_central (S1311);146.0;122.0;24.0;0.0;7.0;8.0;8.0;154.0;154.0;0.0;31.95;48268.0;3191
2023;ED4 post-secondaire non superieur;niveau_regional (S1312 : departements+regions, deduit);278.0;265.0;13.0;0.0;17.0;49.0;49.0;327.0;328.0;1.0;67.84;48268.0;6775
2023;ED4 post-secondaire non superieur;niveau_local (S1313 : communes, deduit);1.0;1.0;0.0;0.0;0.0;0.0;0.0;1.0;1.0;0.0;0.21;48268.0;21
2023;ED4 post-secondaire non superieur;ensemble_APU (S13);426.0;388.0;37.0;0.0;24.0;56.0;56.0;482.0;482.0;0.0;100.0;48268.0;9986
2023;2D = ED2+ED3 (second degre hors CITE 4);Etat_central (S1311);45555.0;39082.0;6392.0;81.0;130.0;2201.0;2201.0;47756.0;47875.0;119.0;76.21;6058961.0;7882
2023;2D = ED2+ED3 (second degre hors CITE 4);niveau_regional (S1312 : departements+regions, deduit);14701.0;13189.0;1413.0;100.0;5334.0;132.0;132.0;14833.0;14859.0;26.0;23.67;6058961.0;2448
2023;2D = ED2+ED3 (second degre hors CITE 4);niveau_local (S1313 : communes, deduit);73.0;64.0;4.0;4.0;14.0;2.0;2.0;75.0;74.0;-1.0;0.12;6058961.0;12
2023;2D = ED2+ED3 (second degre hors CITE 4);ensemble_APU (S13);60329.0;52335.0;7808.0;185.0;5478.0;2334.0;2334.0;62663.0;62663.0;0.0;100.0;6058961.0;10342
2023;SCOL = ED02+ED1+ED2+ED3 (scolaire hors CITE 4);Etat_central (S1311);76150.0;67443.0;8625.0;81.0;178.0;3027.0;3027.0;79177.0;79408.0;231.0;68.83;12583694.0;6292
2023;SCOL = ED02+ED1+ED2+ED3 (scolaire hors CITE 4);niveau_regional (S1312 : departements+regions, deduit);14737.0;13225.0;1413.0;100.0;5367.0;151.0;151.0;14888.0;15008.0;120.0;12.94;12583694.0;1183
2023;SCOL = ED02+ED1+ED2+ED3 (scolaire hors CITE 4);niveau_local (S1313 : communes, deduit);20964.0;19818.0;1135.0;10.0;4590.0;4.0;4.0;20968.0;20966.0;-2.0;18.23;12583694.0;1666
2023;SCOL = ED02+ED1+ED2+ED3 (scolaire hors CITE 4);ensemble_APU (S13);111850.0;100487.0;11172.0;192.0;10135.0;3180.0;3180.0;115030.0;115031.0;1.0;100.0;12583694.0;9141
2023;SCOL4 = ED02+ED1+ED2+ED3+ED4;Etat_central (S1311);76296.0;67565.0;8649.0;81.0;185.0;3035.0;3035.0;79331.0;79562.0;231.0;68.68;12631962.0;6280
2023;SCOL4 = ED02+ED1+ED2+ED3+ED4;niveau_regional (S1312 : departements+regions, deduit);15015.0;13490.0;1426.0;100.0;5384.0;200.0;200.0;15215.0;15336.0;121.0;13.17;12631962.0;1204
2023;SCOL4 = ED02+ED1+ED2+ED3+ED4;niveau_local (S1313 : communes, deduit);20965.0;19819.0;1135.0;10.0;4590.0;4.0;4.0;20969.0;20967.0;-2.0;18.15;12631962.0;1660
2023;SCOL4 = ED02+ED1+ED2+ED3+ED4;ensemble_APU (S13);112276.0;100875.0;11209.0;192.0;10159.0;3236.0;3236.0;115512.0;115513.0;1.0;100.0;12631962.0;9144
