indicateur;niveau;annee;valeur;unite;fichier;onglet;cellule;libelle_ligne;statut
DIE du niveau;1er degré;2021;54.7;Md€ constants 2024;depp_series_chrono_die_financeur_initial_final_par_niveau_366603.xlsx;DIE 1er degré;R10;DIE pour le premier degré en Md€ 2024;définitif (euros courants non révisés par la NI 26.42)
DIE du niveau;1er degré;2022;55.9;Md€ constants 2024;depp_series_chrono_die_financeur_initial_final_par_niveau_366603.xlsx;DIE 1er degré;S10;DIE pour le premier degré en Md€ 2024;définitif (euros courants non révisés par la NI 26.42)
DIE du niveau;1er degré;2023;56.5;Md€ constants 2024;depp_series_chrono_die_financeur_initial_final_par_niveau_366603.xlsx;DIE 1er degré;T10;DIE pour le premier degré en Md€ 2024;définitif (euros courants non révisés par la NI 26.42)
DIE du niveau;1er degré;2024p;58.5;Md€ constants 2024;depp_series_chrono_die_financeur_initial_final_par_niveau_366603.xlsx;DIE 1er degré;U10;DIE pour le premier degré en Md€ 2024;provisoire
Part financeur initial : État;1er degré;2021;56.9;% de la DIE du niveau;depp_series_chrono_die_financeur_initial_final_par_niveau_366603.xlsx;DIE 1er degré;R16;État (%);définitif (euros courants non révisés par la NI 26.42)
Part financeur initial : État;1er degré;2022;56.2;% de la DIE du niveau;depp_series_chrono_die_financeur_initial_final_par_niveau_366603.xlsx;DIE 1er degré;S16;État (%);définitif (euros courants non révisés par la NI 26.42)
Part financeur initial : État;1er degré;2023;55.4;% de la DIE du niveau;depp_series_chrono_die_financeur_initial_final_par_niveau_366603.xlsx;DIE 1er degré;T16;État (%);définitif (euros courants non révisés par la NI 26.42)
Part financeur initial : État;1er degré;2024p;55.2;% de la DIE du niveau;depp_series_chrono_die_financeur_initial_final_par_niveau_366603.xlsx;DIE 1er degré;U16;État (%);provisoire
Part financeur initial : dont MENESR;1er degré;2021;56.6;% de la DIE du niveau;depp_series_chrono_die_financeur_initial_final_par_niveau_366603.xlsx;DIE 1er degré;R17;dont MENESR (%);définitif (euros courants non révisés par la NI 26.42)
Part financeur initial : dont MENESR;1er degré;2022;55.7;% de la DIE du niveau;depp_series_chrono_die_financeur_initial_final_par_niveau_366603.xlsx;DIE 1er degré;S17;dont MENESR (%);définitif (euros courants non révisés par la NI 26.42)
Part financeur initial : dont MENESR;1er degré;2023;55;% de la DIE du niveau;depp_series_chrono_die_financeur_initial_final_par_niveau_366603.xlsx;DIE 1er degré;T17;dont MENESR (%);définitif (euros courants non révisés par la NI 26.42)
Part financeur initial : dont MENESR;1er degré;2024p;54.8;% de la DIE du niveau;depp_series_chrono_die_financeur_initial_final_par_niveau_366603.xlsx;DIE 1er degré;U17;dont MENESR (%);provisoire
Part financeur initial : Collectivités territoriales;1er degré;2021;35.9;% de la DIE du niveau;depp_series_chrono_die_financeur_initial_final_par_niveau_366603.xlsx;DIE 1er degré;R18;Collectivités territoriales (%);définitif (euros courants non révisés par la NI 26.42)
Part financeur initial : Collectivités territoriales;1er degré;2022;36.7;% de la DIE du niveau;depp_series_chrono_die_financeur_initial_final_par_niveau_366603.xlsx;DIE 1er degré;S18;Collectivités territoriales (%);définitif (euros courants non révisés par la NI 26.42)
Part financeur initial : Collectivités territoriales;1er degré;2023;37.6;% de la DIE du niveau;depp_series_chrono_die_financeur_initial_final_par_niveau_366603.xlsx;DIE 1er degré;T18;Collectivités territoriales (%);définitif (euros courants non révisés par la NI 26.42)
Part financeur initial : Collectivités territoriales;1er degré;2024p;38.3;% de la DIE du niveau;depp_series_chrono_die_financeur_initial_final_par_niveau_366603.xlsx;DIE 1er degré;U18;Collectivités territoriales (%);provisoire
Part financeur initial : Autres administrations publiques;1er degré;2021;1.7;% de la DIE du niveau;depp_series_chrono_die_financeur_initial_final_par_niveau_366603.xlsx;DIE 1er degré;R19;Autres administrations publiques (%);définitif (euros courants non révisés par la NI 26.42)
Part financeur initial : Autres administrations publiques;1er degré;2022;1.6;% de la DIE du niveau;depp_series_chrono_die_financeur_initial_final_par_niveau_366603.xlsx;DIE 1er degré;S19;Autres administrations publiques (%);définitif (euros courants non révisés par la NI 26.42)
Part financeur initial : Autres administrations publiques;1er degré;2023;1.5;% de la DIE du niveau;depp_series_chrono_die_financeur_initial_final_par_niveau_366603.xlsx;DIE 1er degré;T19;Autres administrations publiques (%);définitif (euros courants non révisés par la NI 26.42)
Part financeur initial : Autres administrations publiques;1er degré;2024p;1.5;% de la DIE du niveau;depp_series_chrono_die_financeur_initial_final_par_niveau_366603.xlsx;DIE 1er degré;U19;Autres administrations publiques (%);provisoire
Part financeur initial : Entreprises;1er degré;2021;0;% de la DIE du niveau;depp_series_chrono_die_financeur_initial_final_par_niveau_366603.xlsx;DIE 1er degré;R20;Entreprises (%);définitif (euros courants non révisés par la NI 26.42)
Part financeur initial : Entreprises;1er degré;2022;0;% de la DIE du niveau;depp_series_chrono_die_financeur_initial_final_par_niveau_366603.xlsx;DIE 1er degré;S20;Entreprises (%);définitif (euros courants non révisés par la NI 26.42)
Part financeur initial : Entreprises;1er degré;2023;0;% de la DIE du niveau;depp_series_chrono_die_financeur_initial_final_par_niveau_366603.xlsx;DIE 1er degré;T20;Entreprises (%);définitif (euros courants non révisés par la NI 26.42)
Part financeur initial : Entreprises;1er degré;2024p;0;% de la DIE du niveau;depp_series_chrono_die_financeur_initial_final_par_niveau_366603.xlsx;DIE 1er degré;U20;Entreprises (%);provisoire
Part financeur initial : Ménages;1er degré;2021;5.5;% de la DIE du niveau;depp_series_chrono_die_financeur_initial_final_par_niveau_366603.xlsx;DIE 1er degré;R21;Ménages (%);définitif (euros courants non révisés par la NI 26.42)
Part financeur initial : Ménages;1er degré;2022;5.5;% de la DIE du niveau;depp_series_chrono_die_financeur_initial_final_par_niveau_366603.xlsx;DIE 1er degré;S21;Ménages (%);définitif (euros courants non révisés par la NI 26.42)
Part financeur initial : Ménages;1er degré;2023;5.4;% de la DIE du niveau;depp_series_chrono_die_financeur_initial_final_par_niveau_366603.xlsx;DIE 1er degré;T21;Ménages (%);définitif (euros courants non révisés par la NI 26.42)
Part financeur initial : Ménages;1er degré;2024p;5;% de la DIE du niveau;depp_series_chrono_die_financeur_initial_final_par_niveau_366603.xlsx;DIE 1er degré;U21;Ménages (%);provisoire
Part financeur final : État;1er degré;2021;56.7;% de la DIE du niveau;depp_series_chrono_die_financeur_initial_final_par_niveau_366603.xlsx;DIE 1er degré;R28;État (%);définitif (euros courants non révisés par la NI 26.42)
Part financeur final : État;1er degré;2022;56;% de la DIE du niveau;depp_series_chrono_die_financeur_initial_final_par_niveau_366603.xlsx;DIE 1er degré;S28;État (%);définitif (euros courants non révisés par la NI 26.42)
Part financeur final : État;1er degré;2023;55.2;% de la DIE du niveau;depp_series_chrono_die_financeur_initial_final_par_niveau_366603.xlsx;DIE 1er degré;T28;État (%);définitif (euros courants non révisés par la NI 26.42)
Part financeur final : État;1er degré;2024p;54.9;% de la DIE du niveau;depp_series_chrono_die_financeur_initial_final_par_niveau_366603.xlsx;DIE 1er degré;U28;État (%);provisoire
Part financeur final : dont MENESR;1er degré;2021;56.4;% de la DIE du niveau;depp_series_chrono_die_financeur_initial_final_par_niveau_366603.xlsx;DIE 1er degré;R29;dont MENESR (%);définitif (euros courants non révisés par la NI 26.42)
Part financeur final : dont MENESR;1er degré;2022;55.5;% de la DIE du niveau;depp_series_chrono_die_financeur_initial_final_par_niveau_366603.xlsx;DIE 1er degré;S29;dont MENESR (%);définitif (euros courants non révisés par la NI 26.42)
Part financeur final : dont MENESR;1er degré;2023;54.9;% de la DIE du niveau;depp_series_chrono_die_financeur_initial_final_par_niveau_366603.xlsx;DIE 1er degré;T29;dont MENESR (%);définitif (euros courants non révisés par la NI 26.42)
Part financeur final : dont MENESR;1er degré;2024p;54.6;% de la DIE du niveau;depp_series_chrono_die_financeur_initial_final_par_niveau_366603.xlsx;DIE 1er degré;U29;dont MENESR (%);provisoire
Part financeur final : Collectivités territoriales;1er degré;2021;36;% de la DIE du niveau;depp_series_chrono_die_financeur_initial_final_par_niveau_366603.xlsx;DIE 1er degré;R30;Collectivités territoriales (%);définitif (euros courants non révisés par la NI 26.42)
Part financeur final : Collectivités territoriales;1er degré;2022;36.8;% de la DIE du niveau;depp_series_chrono_die_financeur_initial_final_par_niveau_366603.xlsx;DIE 1er degré;S30;Collectivités territoriales (%);définitif (euros courants non révisés par la NI 26.42)
Part financeur final : Collectivités territoriales;1er degré;2023;37.8;% de la DIE du niveau;depp_series_chrono_die_financeur_initial_final_par_niveau_366603.xlsx;DIE 1er degré;T30;Collectivités territoriales (%);définitif (euros courants non révisés par la NI 26.42)
Part financeur final : Collectivités territoriales;1er degré;2024p;38.6;% de la DIE du niveau;depp_series_chrono_die_financeur_initial_final_par_niveau_366603.xlsx;DIE 1er degré;U30;Collectivités territoriales (%);provisoire
Part financeur final : Autres administrations publiques;1er degré;2021;0;% de la DIE du niveau;depp_series_chrono_die_financeur_initial_final_par_niveau_366603.xlsx;DIE 1er degré;R31;Autres administrations publiques (%);définitif (euros courants non révisés par la NI 26.42)
Part financeur final : Autres administrations publiques;1er degré;2022;0;% de la DIE du niveau;depp_series_chrono_die_financeur_initial_final_par_niveau_366603.xlsx;DIE 1er degré;S31;Autres administrations publiques (%);définitif (euros courants non révisés par la NI 26.42)
Part financeur final : Autres administrations publiques;1er degré;2023;0;% de la DIE du niveau;depp_series_chrono_die_financeur_initial_final_par_niveau_366603.xlsx;DIE 1er degré;T31;Autres administrations publiques (%);définitif (euros courants non révisés par la NI 26.42)
Part financeur final : Autres administrations publiques;1er degré;2024p;0;% de la DIE du niveau;depp_series_chrono_die_financeur_initial_final_par_niveau_366603.xlsx;DIE 1er degré;U31;Autres administrations publiques (%);provisoire
Part financeur final : Entreprises;1er degré;2021;0;% de la DIE du niveau;depp_series_chrono_die_financeur_initial_final_par_niveau_366603.xlsx;DIE 1er degré;R32;Entreprises (%);définitif (euros courants non révisés par la NI 26.42)
Part financeur final : Entreprises;1er degré;2022;0;% de la DIE du niveau;depp_series_chrono_die_financeur_initial_final_par_niveau_366603.xlsx;DIE 1er degré;S32;Entreprises (%);définitif (euros courants non révisés par la NI 26.42)
Part financeur final : Entreprises;1er degré;2023;0;% de la DIE du niveau;depp_series_chrono_die_financeur_initial_final_par_niveau_366603.xlsx;DIE 1er degré;T32;Entreprises (%);définitif (euros courants non révisés par la NI 26.42)
Part financeur final : Entreprises;1er degré;2024p;0;% de la DIE du niveau;depp_series_chrono_die_financeur_initial_final_par_niveau_366603.xlsx;DIE 1er degré;U32;Entreprises (%);provisoire
Part financeur final : Ménages;1er degré;2021;7.2;% de la DIE du niveau;depp_series_chrono_die_financeur_initial_final_par_niveau_366603.xlsx;DIE 1er degré;R33;Ménages (%);définitif (euros courants non révisés par la NI 26.42)
Part financeur final : Ménages;1er degré;2022;7.1;% de la DIE du niveau;depp_series_chrono_die_financeur_initial_final_par_niveau_366603.xlsx;DIE 1er degré;S33;Ménages (%);définitif (euros courants non révisés par la NI 26.42)
Part financeur final : Ménages;1er degré;2023;6.9;% de la DIE du niveau;depp_series_chrono_die_financeur_initial_final_par_niveau_366603.xlsx;DIE 1er degré;T33;Ménages (%);définitif (euros courants non révisés par la NI 26.42)
Part financeur final : Ménages;1er degré;2024p;6.5;% de la DIE du niveau;depp_series_chrono_die_financeur_initial_final_par_niveau_366603.xlsx;DIE 1er degré;U33;Ménages (%);provisoire
DIE du niveau;2nd degré (apprentissage compris);2021;71.3;Md€ constants 2024;depp_series_chrono_die_financeur_initial_final_par_niveau_366603.xlsx;DIE 2nd degré;R10;DIE pour le second degré en Md€ 2024;définitif (euros courants non révisés par la NI 26.42)
DIE du niveau;2nd degré (apprentissage compris);2022;72.1;Md€ constants 2024;depp_series_chrono_die_financeur_initial_final_par_niveau_366603.xlsx;DIE 2nd degré;S10;DIE pour le second degré en Md€ 2024;définitif (euros courants non révisés par la NI 26.42)
DIE du niveau;2nd degré (apprentissage compris);2023;72.4;Md€ constants 2024;depp_series_chrono_die_financeur_initial_final_par_niveau_366603.xlsx;DIE 2nd degré;T10;DIE pour le second degré en Md€ 2024;définitif (euros courants non révisés par la NI 26.42)
DIE du niveau;2nd degré (apprentissage compris);2024p;73.1;Md€ constants 2024;depp_series_chrono_die_financeur_initial_final_par_niveau_366603.xlsx;DIE 2nd degré;U10;DIE pour le second degré en Md€ 2024;provisoire
Part financeur initial : État;2nd degré (apprentissage compris);2021;66.9;% de la DIE du niveau;depp_series_chrono_die_financeur_initial_final_par_niveau_366603.xlsx;DIE 2nd degré;R16;État (%);définitif (euros courants non révisés par la NI 26.42)
Part financeur initial : État;2nd degré (apprentissage compris);2022;66.5;% de la DIE du niveau;depp_series_chrono_die_financeur_initial_final_par_niveau_366603.xlsx;DIE 2nd degré;S16;État (%);définitif (euros courants non révisés par la NI 26.42)
Part financeur initial : État;2nd degré (apprentissage compris);2023;66.1;% de la DIE du niveau;depp_series_chrono_die_financeur_initial_final_par_niveau_366603.xlsx;DIE 2nd degré;T16;État (%);définitif (euros courants non révisés par la NI 26.42)
Part financeur initial : État;2nd degré (apprentissage compris);2024p;67;% de la DIE du niveau;depp_series_chrono_die_financeur_initial_final_par_niveau_366603.xlsx;DIE 2nd degré;U16;État (%);provisoire
Part financeur initial : dont MENESR;2nd degré (apprentissage compris);2021;64.1;% de la DIE du niveau;depp_series_chrono_die_financeur_initial_final_par_niveau_366603.xlsx;DIE 2nd degré;R17;dont MENESR (%);définitif (euros courants non révisés par la NI 26.42)
Part financeur initial : dont MENESR;2nd degré (apprentissage compris);2022;63.5;% de la DIE du niveau;depp_series_chrono_die_financeur_initial_final_par_niveau_366603.xlsx;DIE 2nd degré;S17;dont MENESR (%);définitif (euros courants non révisés par la NI 26.42)
Part financeur initial : dont MENESR;2nd degré (apprentissage compris);2023;63.1;% de la DIE du niveau;depp_series_chrono_die_financeur_initial_final_par_niveau_366603.xlsx;DIE 2nd degré;T17;dont MENESR (%);définitif (euros courants non révisés par la NI 26.42)
Part financeur initial : dont MENESR;2nd degré (apprentissage compris);2024p;63.9;% de la DIE du niveau;depp_series_chrono_die_financeur_initial_final_par_niveau_366603.xlsx;DIE 2nd degré;U17;dont MENESR (%);provisoire
Part financeur initial : Collectivités territoriales;2nd degré (apprentissage compris);2021;20.8;% de la DIE du niveau;depp_series_chrono_die_financeur_initial_final_par_niveau_366603.xlsx;DIE 2nd degré;R18;Collectivités territoriales (%);définitif (euros courants non révisés par la NI 26.42)
Part financeur initial : Collectivités territoriales;2nd degré (apprentissage compris);2022;20.6;% de la DIE du niveau;depp_series_chrono_die_financeur_initial_final_par_niveau_366603.xlsx;DIE 2nd degré;S18;Collectivités territoriales (%);définitif (euros courants non révisés par la NI 26.42)
Part financeur initial : Collectivités territoriales;2nd degré (apprentissage compris);2023;20.7;% de la DIE du niveau;depp_series_chrono_die_financeur_initial_final_par_niveau_366603.xlsx;DIE 2nd degré;T18;Collectivités territoriales (%);définitif (euros courants non révisés par la NI 26.42)
Part financeur initial : Collectivités territoriales;2nd degré (apprentissage compris);2024p;20.1;% de la DIE du niveau;depp_series_chrono_die_financeur_initial_final_par_niveau_366603.xlsx;DIE 2nd degré;U18;Collectivités territoriales (%);provisoire
Part financeur initial : Autres administrations publiques;2nd degré (apprentissage compris);2021;1.9;% de la DIE du niveau;depp_series_chrono_die_financeur_initial_final_par_niveau_366603.xlsx;DIE 2nd degré;R19;Autres administrations publiques (%);définitif (euros courants non révisés par la NI 26.42)
Part financeur initial : Autres administrations publiques;2nd degré (apprentissage compris);2022;2;% de la DIE du niveau;depp_series_chrono_die_financeur_initial_final_par_niveau_366603.xlsx;DIE 2nd degré;S19;Autres administrations publiques (%);définitif (euros courants non révisés par la NI 26.42)
Part financeur initial : Autres administrations publiques;2nd degré (apprentissage compris);2023;1.9;% de la DIE du niveau;depp_series_chrono_die_financeur_initial_final_par_niveau_366603.xlsx;DIE 2nd degré;T19;Autres administrations publiques (%);définitif (euros courants non révisés par la NI 26.42)
Part financeur initial : Autres administrations publiques;2nd degré (apprentissage compris);2024p;2;% de la DIE du niveau;depp_series_chrono_die_financeur_initial_final_par_niveau_366603.xlsx;DIE 2nd degré;U19;Autres administrations publiques (%);provisoire
Part financeur initial : Entreprises;2nd degré (apprentissage compris);2021;4;% de la DIE du niveau;depp_series_chrono_die_financeur_initial_final_par_niveau_366603.xlsx;DIE 2nd degré;R20;Entreprises (%);définitif (euros courants non révisés par la NI 26.42)
Part financeur initial : Entreprises;2nd degré (apprentissage compris);2022;4.5;% de la DIE du niveau;depp_series_chrono_die_financeur_initial_final_par_niveau_366603.xlsx;DIE 2nd degré;S20;Entreprises (%);définitif (euros courants non révisés par la NI 26.42)
Part financeur initial : Entreprises;2nd degré (apprentissage compris);2023;4.7;% de la DIE du niveau;depp_series_chrono_die_financeur_initial_final_par_niveau_366603.xlsx;DIE 2nd degré;T20;Entreprises (%);définitif (euros courants non révisés par la NI 26.42)
Part financeur initial : Entreprises;2nd degré (apprentissage compris);2024p;4.5;% de la DIE du niveau;depp_series_chrono_die_financeur_initial_final_par_niveau_366603.xlsx;DIE 2nd degré;U20;Entreprises (%);provisoire
Part financeur initial : Ménages;2nd degré (apprentissage compris);2021;6.2;% de la DIE du niveau;depp_series_chrono_die_financeur_initial_final_par_niveau_366603.xlsx;DIE 2nd degré;R21;Ménages (%);définitif (euros courants non révisés par la NI 26.42)
Part financeur initial : Ménages;2nd degré (apprentissage compris);2022;6.5;% de la DIE du niveau;depp_series_chrono_die_financeur_initial_final_par_niveau_366603.xlsx;DIE 2nd degré;S21;Ménages (%);définitif (euros courants non révisés par la NI 26.42)
Part financeur initial : Ménages;2nd degré (apprentissage compris);2023;6.6;% de la DIE du niveau;depp_series_chrono_die_financeur_initial_final_par_niveau_366603.xlsx;DIE 2nd degré;T21;Ménages (%);définitif (euros courants non révisés par la NI 26.42)
Part financeur initial : Ménages;2nd degré (apprentissage compris);2024p;6.4;% de la DIE du niveau;depp_series_chrono_die_financeur_initial_final_par_niveau_366603.xlsx;DIE 2nd degré;U21;Ménages (%);provisoire
Part financeur final : État;2nd degré (apprentissage compris);2021;65.3;% de la DIE du niveau;depp_series_chrono_die_financeur_initial_final_par_niveau_366603.xlsx;DIE 2nd degré;R28;État (%);définitif (euros courants non révisés par la NI 26.42)
Part financeur final : État;2nd degré (apprentissage compris);2022;64.8;% de la DIE du niveau;depp_series_chrono_die_financeur_initial_final_par_niveau_366603.xlsx;DIE 2nd degré;S28;État (%);définitif (euros courants non révisés par la NI 26.42)
Part financeur final : État;2nd degré (apprentissage compris);2023;64.4;% de la DIE du niveau;depp_series_chrono_die_financeur_initial_final_par_niveau_366603.xlsx;DIE 2nd degré;T28;État (%);définitif (euros courants non révisés par la NI 26.42)
Part financeur final : État;2nd degré (apprentissage compris);2024p;65.3;% de la DIE du niveau;depp_series_chrono_die_financeur_initial_final_par_niveau_366603.xlsx;DIE 2nd degré;U28;État (%);provisoire
Part financeur final : dont MENESR;2nd degré (apprentissage compris);2021;62.7;% de la DIE du niveau;depp_series_chrono_die_financeur_initial_final_par_niveau_366603.xlsx;DIE 2nd degré;R29;dont MENESR (%);définitif (euros courants non révisés par la NI 26.42)
Part financeur final : dont MENESR;2nd degré (apprentissage compris);2022;62.2;% de la DIE du niveau;depp_series_chrono_die_financeur_initial_final_par_niveau_366603.xlsx;DIE 2nd degré;S29;dont MENESR (%);définitif (euros courants non révisés par la NI 26.42)
Part financeur final : dont MENESR;2nd degré (apprentissage compris);2023;61.8;% de la DIE du niveau;depp_series_chrono_die_financeur_initial_final_par_niveau_366603.xlsx;DIE 2nd degré;T29;dont MENESR (%);définitif (euros courants non révisés par la NI 26.42)
Part financeur final : dont MENESR;2nd degré (apprentissage compris);2024p;62.7;% de la DIE du niveau;depp_series_chrono_die_financeur_initial_final_par_niveau_366603.xlsx;DIE 2nd degré;U29;dont MENESR (%);provisoire
Part financeur final : Collectivités territoriales;2nd degré (apprentissage compris);2021;20.9;% de la DIE du niveau;depp_series_chrono_die_financeur_initial_final_par_niveau_366603.xlsx;DIE 2nd degré;R30;Collectivités territoriales (%);définitif (euros courants non révisés par la NI 26.42)
Part financeur final : Collectivités territoriales;2nd degré (apprentissage compris);2022;20.6;% de la DIE du niveau;depp_series_chrono_die_financeur_initial_final_par_niveau_366603.xlsx;DIE 2nd degré;S30;Collectivités territoriales (%);définitif (euros courants non révisés par la NI 26.42)
Part financeur final : Collectivités territoriales;2nd degré (apprentissage compris);2023;20.9;% de la DIE du niveau;depp_series_chrono_die_financeur_initial_final_par_niveau_366603.xlsx;DIE 2nd degré;T30;Collectivités territoriales (%);définitif (euros courants non révisés par la NI 26.42)
Part financeur final : Collectivités territoriales;2nd degré (apprentissage compris);2024p;20.2;% de la DIE du niveau;depp_series_chrono_die_financeur_initial_final_par_niveau_366603.xlsx;DIE 2nd degré;U30;Collectivités territoriales (%);provisoire
Part financeur final : Autres administrations publiques;2nd degré (apprentissage compris);2021;0.1;% de la DIE du niveau;depp_series_chrono_die_financeur_initial_final_par_niveau_366603.xlsx;DIE 2nd degré;R31;Autres administrations publiques (%);définitif (euros courants non révisés par la NI 26.42)
Part financeur final : Autres administrations publiques;2nd degré (apprentissage compris);2022;0.2;% de la DIE du niveau;depp_series_chrono_die_financeur_initial_final_par_niveau_366603.xlsx;DIE 2nd degré;S31;Autres administrations publiques (%);définitif (euros courants non révisés par la NI 26.42)
Part financeur final : Autres administrations publiques;2nd degré (apprentissage compris);2023;0.2;% de la DIE du niveau;depp_series_chrono_die_financeur_initial_final_par_niveau_366603.xlsx;DIE 2nd degré;T31;Autres administrations publiques (%);définitif (euros courants non révisés par la NI 26.42)
Part financeur final : Autres administrations publiques;2nd degré (apprentissage compris);2024p;0.2;% de la DIE du niveau;depp_series_chrono_die_financeur_initial_final_par_niveau_366603.xlsx;DIE 2nd degré;U31;Autres administrations publiques (%);provisoire
Part financeur final : Entreprises;2nd degré (apprentissage compris);2021;4;% de la DIE du niveau;depp_series_chrono_die_financeur_initial_final_par_niveau_366603.xlsx;DIE 2nd degré;R32;Entreprises (%);définitif (euros courants non révisés par la NI 26.42)
Part financeur final : Entreprises;2nd degré (apprentissage compris);2022;4.5;% de la DIE du niveau;depp_series_chrono_die_financeur_initial_final_par_niveau_366603.xlsx;DIE 2nd degré;S32;Entreprises (%);définitif (euros courants non révisés par la NI 26.42)
Part financeur final : Entreprises;2nd degré (apprentissage compris);2023;4.7;% de la DIE du niveau;depp_series_chrono_die_financeur_initial_final_par_niveau_366603.xlsx;DIE 2nd degré;T32;Entreprises (%);définitif (euros courants non révisés par la NI 26.42)
Part financeur final : Entreprises;2nd degré (apprentissage compris);2024p;4.5;% de la DIE du niveau;depp_series_chrono_die_financeur_initial_final_par_niveau_366603.xlsx;DIE 2nd degré;U32;Entreprises (%);provisoire
Part financeur final : Ménages;2nd degré (apprentissage compris);2021;9.7;% de la DIE du niveau;depp_series_chrono_die_financeur_initial_final_par_niveau_366603.xlsx;DIE 2nd degré;R33;Ménages (%);définitif (euros courants non révisés par la NI 26.42)
Part financeur final : Ménages;2nd degré (apprentissage compris);2022;9.9;% de la DIE du niveau;depp_series_chrono_die_financeur_initial_final_par_niveau_366603.xlsx;DIE 2nd degré;S33;Ménages (%);définitif (euros courants non révisés par la NI 26.42)
Part financeur final : Ménages;2nd degré (apprentissage compris);2023;9.9;% de la DIE du niveau;depp_series_chrono_die_financeur_initial_final_par_niveau_366603.xlsx;DIE 2nd degré;T33;Ménages (%);définitif (euros courants non révisés par la NI 26.42)
Part financeur final : Ménages;2nd degré (apprentissage compris);2024p;9.7;% de la DIE du niveau;depp_series_chrono_die_financeur_initial_final_par_niveau_366603.xlsx;DIE 2nd degré;U33;Ménages (%);provisoire
DIE totale;Tous niveaux;2021;189.6;Md€ constants 2024;depp_series_chrono_die_financeur_initial_final_par_niveau_366603.xlsx;DIE totale;AR10;DIE en Md€ 2024;définitif (euros courants non révisés par la NI 26.42)
DIE totale;Tous niveaux;2022;194.3;Md€ constants 2024;depp_series_chrono_die_financeur_initial_final_par_niveau_366603.xlsx;DIE totale;AS10;DIE en Md€ 2024;définitif (euros courants non révisés par la NI 26.42)
DIE totale;Tous niveaux;2023;194.3;Md€ constants 2024;depp_series_chrono_die_financeur_initial_final_par_niveau_366603.xlsx;DIE totale;AT10;DIE en Md€ 2024;définitif (euros courants non révisés par la NI 26.42)
DIE totale;Tous niveaux;2024p;197.1;Md€ constants 2024;depp_series_chrono_die_financeur_initial_final_par_niveau_366603.xlsx;DIE totale;AU10;DIE en Md€ 2024;provisoire
Part financeur initial : État;Tous niveaux;2021;56.4;% de la DIE;depp_series_chrono_die_financeur_initial_final_par_niveau_366603.xlsx;DIE totale;AR16;État (%);définitif (euros courants non révisés par la NI 26.42)
Part financeur initial : État;Tous niveaux;2022;55.3;% de la DIE;depp_series_chrono_die_financeur_initial_final_par_niveau_366603.xlsx;DIE totale;AS16;État (%);définitif (euros courants non révisés par la NI 26.42)
Part financeur initial : État;Tous niveaux;2023;55;% de la DIE;depp_series_chrono_die_financeur_initial_final_par_niveau_366603.xlsx;DIE totale;AT16;État (%);définitif (euros courants non révisés par la NI 26.42)
Part financeur initial : État;Tous niveaux;2024p;55.2;% de la DIE;depp_series_chrono_die_financeur_initial_final_par_niveau_366603.xlsx;DIE totale;AU16;État (%);provisoire
Part financeur initial : dont MENESR;Tous niveaux;2021;52.7;% de la DIE;depp_series_chrono_die_financeur_initial_final_par_niveau_366603.xlsx;DIE totale;AR17;dont MENESR (%);définitif (euros courants non révisés par la NI 26.42)
Part financeur initial : dont MENESR;Tous niveaux;2022;51.4;% de la DIE;depp_series_chrono_die_financeur_initial_final_par_niveau_366603.xlsx;DIE totale;AS17;dont MENESR (%);définitif (euros courants non révisés par la NI 26.42)
Part financeur initial : dont MENESR;Tous niveaux;2023;51.2;% de la DIE;depp_series_chrono_die_financeur_initial_final_par_niveau_366603.xlsx;DIE totale;AT17;dont MENESR (%);définitif (euros courants non révisés par la NI 26.42)
Part financeur initial : dont MENESR;Tous niveaux;2024p;51.6;% de la DIE;depp_series_chrono_die_financeur_initial_final_par_niveau_366603.xlsx;DIE totale;AU17;dont MENESR (%);provisoire
Part financeur initial : Collectivités territoriales;Tous niveaux;2021;22.7;% de la DIE;depp_series_chrono_die_financeur_initial_final_par_niveau_366603.xlsx;DIE totale;AR18;Collectivités territoriales (%);définitif (euros courants non révisés par la NI 26.42)
Part financeur initial : Collectivités territoriales;Tous niveaux;2022;22.6;% de la DIE;depp_series_chrono_die_financeur_initial_final_par_niveau_366603.xlsx;DIE totale;AS18;Collectivités territoriales (%);définitif (euros courants non révisés par la NI 26.42)
Part financeur initial : Collectivités territoriales;Tous niveaux;2023;23;% de la DIE;depp_series_chrono_die_financeur_initial_final_par_niveau_366603.xlsx;DIE totale;AT18;Collectivités territoriales (%);définitif (euros courants non révisés par la NI 26.42)
Part financeur initial : Collectivités territoriales;Tous niveaux;2024p;23;% de la DIE;depp_series_chrono_die_financeur_initial_final_par_niveau_366603.xlsx;DIE totale;AU18;Collectivités territoriales (%);provisoire
Part financeur initial : Autres administrations publiques;Tous niveaux;2021;3.9;% de la DIE;depp_series_chrono_die_financeur_initial_final_par_niveau_366603.xlsx;DIE totale;AR19;Autres administrations publiques (%);définitif (euros courants non révisés par la NI 26.42)
Part financeur initial : Autres administrations publiques;Tous niveaux;2022;4.3;% de la DIE;depp_series_chrono_die_financeur_initial_final_par_niveau_366603.xlsx;DIE totale;AS19;Autres administrations publiques (%);définitif (euros courants non révisés par la NI 26.42)
Part financeur initial : Autres administrations publiques;Tous niveaux;2023;3.8;% de la DIE;depp_series_chrono_die_financeur_initial_final_par_niveau_366603.xlsx;DIE totale;AT19;Autres administrations publiques (%);définitif (euros courants non révisés par la NI 26.42)
Part financeur initial : Autres administrations publiques;Tous niveaux;2024p;3.8;% de la DIE;depp_series_chrono_die_financeur_initial_final_par_niveau_366603.xlsx;DIE totale;AU19;Autres administrations publiques (%);provisoire
Part financeur initial : Entreprises;Tous niveaux;2021;9.4;% de la DIE;depp_series_chrono_die_financeur_initial_final_par_niveau_366603.xlsx;DIE totale;AR20;Entreprises (%);définitif (euros courants non révisés par la NI 26.42)
Part financeur initial : Entreprises;Tous niveaux;2022;10.1;% de la DIE;depp_series_chrono_die_financeur_initial_final_par_niveau_366603.xlsx;DIE totale;AS20;Entreprises (%);définitif (euros courants non révisés par la NI 26.42)
Part financeur initial : Entreprises;Tous niveaux;2023;10.4;% de la DIE;depp_series_chrono_die_financeur_initial_final_par_niveau_366603.xlsx;DIE totale;AT20;Entreprises (%);définitif (euros courants non révisés par la NI 26.42)
Part financeur initial : Entreprises;Tous niveaux;2024p;10.3;% de la DIE;depp_series_chrono_die_financeur_initial_final_par_niveau_366603.xlsx;DIE totale;AU20;Entreprises (%);provisoire
Part financeur initial : Ménages;Tous niveaux;2021;7.5;% de la DIE;depp_series_chrono_die_financeur_initial_final_par_niveau_366603.xlsx;DIE totale;AR21;Ménages (%);définitif (euros courants non révisés par la NI 26.42)
Part financeur initial : Ménages;Tous niveaux;2022;7.7;% de la DIE;depp_series_chrono_die_financeur_initial_final_par_niveau_366603.xlsx;DIE totale;AS21;Ménages (%);définitif (euros courants non révisés par la NI 26.42)
Part financeur initial : Ménages;Tous niveaux;2023;7.9;% de la DIE;depp_series_chrono_die_financeur_initial_final_par_niveau_366603.xlsx;DIE totale;AT21;Ménages (%);définitif (euros courants non révisés par la NI 26.42)
Part financeur initial : Ménages;Tous niveaux;2024p;7.7;% de la DIE;depp_series_chrono_die_financeur_initial_final_par_niveau_366603.xlsx;DIE totale;AU21;Ménages (%);provisoire
Part financeur final : État;Tous niveaux;2021;54.2;% de la DIE;depp_series_chrono_die_financeur_initial_final_par_niveau_366603.xlsx;DIE totale;AR29;État (%);définitif (euros courants non révisés par la NI 26.42)
Part financeur final : État;Tous niveaux;2022;53.2;% de la DIE;depp_series_chrono_die_financeur_initial_final_par_niveau_366603.xlsx;DIE totale;AS29;État (%);définitif (euros courants non révisés par la NI 26.42)
Part financeur final : État;Tous niveaux;2023;53;% de la DIE;depp_series_chrono_die_financeur_initial_final_par_niveau_366603.xlsx;DIE totale;AT29;État (%);définitif (euros courants non révisés par la NI 26.42)
Part financeur final : État;Tous niveaux;2024p;53.1;% de la DIE;depp_series_chrono_die_financeur_initial_final_par_niveau_366603.xlsx;DIE totale;AU29;État (%);provisoire
Part financeur final : dont MENESR;Tous niveaux;2021;50.8;% de la DIE;depp_series_chrono_die_financeur_initial_final_par_niveau_366603.xlsx;DIE totale;AR30;dont MENESR (%);définitif (euros courants non révisés par la NI 26.42)
Part financeur final : dont MENESR;Tous niveaux;2022;49.6;% de la DIE;depp_series_chrono_die_financeur_initial_final_par_niveau_366603.xlsx;DIE totale;AS30;dont MENESR (%);définitif (euros courants non révisés par la NI 26.42)
Part financeur final : dont MENESR;Tous niveaux;2023;49.5;% de la DIE;depp_series_chrono_die_financeur_initial_final_par_niveau_366603.xlsx;DIE totale;AT30;dont MENESR (%);définitif (euros courants non révisés par la NI 26.42)
Part financeur final : dont MENESR;Tous niveaux;2024p;49.7;% de la DIE;depp_series_chrono_die_financeur_initial_final_par_niveau_366603.xlsx;DIE totale;AU30;dont MENESR (%);provisoire
Part financeur final : Collectivités territoriales;Tous niveaux;2021;22.3;% de la DIE;depp_series_chrono_die_financeur_initial_final_par_niveau_366603.xlsx;DIE totale;AR31;Collectivités territoriales (%);définitif (euros courants non révisés par la NI 26.42)
Part financeur final : Collectivités territoriales;Tous niveaux;2022;22.3;% de la DIE;depp_series_chrono_die_financeur_initial_final_par_niveau_366603.xlsx;DIE totale;AS31;Collectivités territoriales (%);définitif (euros courants non révisés par la NI 26.42)
Part financeur final : Collectivités territoriales;Tous niveaux;2023;22.8;% de la DIE;depp_series_chrono_die_financeur_initial_final_par_niveau_366603.xlsx;DIE totale;AT31;Collectivités territoriales (%);définitif (euros courants non révisés par la NI 26.42)
Part financeur final : Collectivités territoriales;Tous niveaux;2024p;22.9;% de la DIE;depp_series_chrono_die_financeur_initial_final_par_niveau_366603.xlsx;DIE totale;AU31;Collectivités territoriales (%);provisoire
Part financeur final : Autres administrations publiques;Tous niveaux;2021;3;% de la DIE;depp_series_chrono_die_financeur_initial_final_par_niveau_366603.xlsx;DIE totale;AR32;Autres administrations publiques (%);définitif (euros courants non révisés par la NI 26.42)
Part financeur final : Autres administrations publiques;Tous niveaux;2022;3.3;% de la DIE;depp_series_chrono_die_financeur_initial_final_par_niveau_366603.xlsx;DIE totale;AS32;Autres administrations publiques (%);définitif (euros courants non révisés par la NI 26.42)
Part financeur final : Autres administrations publiques;Tous niveaux;2023;2.8;% de la DIE;depp_series_chrono_die_financeur_initial_final_par_niveau_366603.xlsx;DIE totale;AT32;Autres administrations publiques (%);définitif (euros courants non révisés par la NI 26.42)
Part financeur final : Autres administrations publiques;Tous niveaux;2024p;2.9;% de la DIE;depp_series_chrono_die_financeur_initial_final_par_niveau_366603.xlsx;DIE totale;AU32;Autres administrations publiques (%);provisoire
Part financeur final : Entreprises;Tous niveaux;2021;9.5;% de la DIE;depp_series_chrono_die_financeur_initial_final_par_niveau_366603.xlsx;DIE totale;AR33;Entreprises (%);définitif (euros courants non révisés par la NI 26.42)
Part financeur final : Entreprises;Tous niveaux;2022;10.1;% de la DIE;depp_series_chrono_die_financeur_initial_final_par_niveau_366603.xlsx;DIE totale;AS33;Entreprises (%);définitif (euros courants non révisés par la NI 26.42)
Part financeur final : Entreprises;Tous niveaux;2023;10.4;% de la DIE;depp_series_chrono_die_financeur_initial_final_par_niveau_366603.xlsx;DIE totale;AT33;Entreprises (%);définitif (euros courants non révisés par la NI 26.42)
Part financeur final : Entreprises;Tous niveaux;2024p;10.3;% de la DIE;depp_series_chrono_die_financeur_initial_final_par_niveau_366603.xlsx;DIE totale;AU33;Entreprises (%);provisoire
Part financeur final : Ménages;Tous niveaux;2021;11;% de la DIE;depp_series_chrono_die_financeur_initial_final_par_niveau_366603.xlsx;DIE totale;AR34;Ménages (%);définitif (euros courants non révisés par la NI 26.42)
Part financeur final : Ménages;Tous niveaux;2022;11;% de la DIE;depp_series_chrono_die_financeur_initial_final_par_niveau_366603.xlsx;DIE totale;AS34;Ménages (%);définitif (euros courants non révisés par la NI 26.42)
Part financeur final : Ménages;Tous niveaux;2023;11;% de la DIE;depp_series_chrono_die_financeur_initial_final_par_niveau_366603.xlsx;DIE totale;AT34;Ménages (%);définitif (euros courants non révisés par la NI 26.42)
Part financeur final : Ménages;Tous niveaux;2024p;10.9;% de la DIE;depp_series_chrono_die_financeur_initial_final_par_niveau_366603.xlsx;DIE totale;AU34;Ménages (%);provisoire
Part dans la DIE totale;Préélémentaire;2021;10.5;% de la DIE;depp_series_chrono_structure_die_par_niveau_366606.xlsx;Structure DIE par niveau fin;R13;Préélémentaire;définitif (euros courants non révisés par la NI 26.42)
Part dans la DIE totale;Préélémentaire;2022;10.5;% de la DIE;depp_series_chrono_structure_die_par_niveau_366606.xlsx;Structure DIE par niveau fin;S13;Préélémentaire;définitif (euros courants non révisés par la NI 26.42)
Part dans la DIE totale;Préélémentaire;2023;10.4;% de la DIE;depp_series_chrono_structure_die_par_niveau_366606.xlsx;Structure DIE par niveau fin;T13;Préélémentaire;définitif (euros courants non révisés par la NI 26.42)
Part dans la DIE totale;Préélémentaire;2024p;10.5;% de la DIE;depp_series_chrono_structure_die_par_niveau_366606.xlsx;Structure DIE par niveau fin;U13;Préélémentaire;provisoire
Part dans la DIE totale;Élémentaire;2021;18.3;% de la DIE;depp_series_chrono_structure_die_par_niveau_366606.xlsx;Structure DIE par niveau fin;R14;Élémentaire;définitif (euros courants non révisés par la NI 26.42)
Part dans la DIE totale;Élémentaire;2022;18.3;% de la DIE;depp_series_chrono_structure_die_par_niveau_366606.xlsx;Structure DIE par niveau fin;S14;Élémentaire;définitif (euros courants non révisés par la NI 26.42)
Part dans la DIE totale;Élémentaire;2023;18.7;% de la DIE;depp_series_chrono_structure_die_par_niveau_366606.xlsx;Structure DIE par niveau fin;T14;Élémentaire;définitif (euros courants non révisés par la NI 26.42)
Part dans la DIE totale;Élémentaire;2024p;19.2;% de la DIE;depp_series_chrono_structure_die_par_niveau_366606.xlsx;Structure DIE par niveau fin;U14;Élémentaire;provisoire
Part dans la DIE totale;Total premier degré;2021;28.9;% de la DIE;depp_series_chrono_structure_die_par_niveau_366606.xlsx;Structure DIE par niveau fin;R15;Total premier degré;définitif (euros courants non révisés par la NI 26.42)
Part dans la DIE totale;Total premier degré;2022;28.799999999999997;% de la DIE;depp_series_chrono_structure_die_par_niveau_366606.xlsx;Structure DIE par niveau fin;S15;Total premier degré;définitif (euros courants non révisés par la NI 26.42)
Part dans la DIE totale;Total premier degré;2023;29.099999999999998;% de la DIE;depp_series_chrono_structure_die_par_niveau_366606.xlsx;Structure DIE par niveau fin;T15;Total premier degré;définitif (euros courants non révisés par la NI 26.42)
Part dans la DIE totale;Total premier degré;2024p;29.7;% de la DIE;depp_series_chrono_structure_die_par_niveau_366606.xlsx;Structure DIE par niveau fin;U15;Total premier degré;provisoire
Part dans la DIE totale;Premier cycle;2021;19.1;% de la DIE;depp_series_chrono_structure_die_par_niveau_366606.xlsx;Structure DIE par niveau fin;R16;Premier cycle;définitif (euros courants non révisés par la NI 26.42)
Part dans la DIE totale;Premier cycle;2022;18.8;% de la DIE;depp_series_chrono_structure_die_par_niveau_366606.xlsx;Structure DIE par niveau fin;S16;Premier cycle;définitif (euros courants non révisés par la NI 26.42)
Part dans la DIE totale;Premier cycle;2023;18.9;% de la DIE;depp_series_chrono_structure_die_par_niveau_366606.xlsx;Structure DIE par niveau fin;T16;Premier cycle;définitif (euros courants non révisés par la NI 26.42)
Part dans la DIE totale;Premier cycle;2024p;18.9;% de la DIE;depp_series_chrono_structure_die_par_niveau_366606.xlsx;Structure DIE par niveau fin;U16;Premier cycle;provisoire
Part dans la DIE totale;Second cycle général et technologique;2021;11.200000000000001;% de la DIE;depp_series_chrono_structure_die_par_niveau_366606.xlsx;Structure DIE par niveau fin;R17;Second cycle général et technologique;définitif (euros courants non révisés par la NI 26.42)
Part dans la DIE totale;Second cycle général et technologique;2022;11;% de la DIE;depp_series_chrono_structure_die_par_niveau_366606.xlsx;Structure DIE par niveau fin;S17;Second cycle général et technologique;définitif (euros courants non révisés par la NI 26.42)
Part dans la DIE totale;Second cycle général et technologique;2023;11.1;% de la DIE;depp_series_chrono_structure_die_par_niveau_366606.xlsx;Structure DIE par niveau fin;T17;Second cycle général et technologique;définitif (euros courants non révisés par la NI 26.42)
Part dans la DIE totale;Second cycle général et technologique;2024p;11;% de la DIE;depp_series_chrono_structure_die_par_niveau_366606.xlsx;Structure DIE par niveau fin;U17;Second cycle général et technologique;provisoire
Part dans la DIE totale;Second cycle professionnel;2021;5.6000000000000005;% de la DIE;depp_series_chrono_structure_die_par_niveau_366606.xlsx;Structure DIE par niveau fin;R18;Second cycle professionnel;définitif (euros courants non révisés par la NI 26.42)
Part dans la DIE totale;Second cycle professionnel;2022;5.4;% de la DIE;depp_series_chrono_structure_die_par_niveau_366606.xlsx;Structure DIE par niveau fin;S18;Second cycle professionnel;définitif (euros courants non révisés par la NI 26.42)
Part dans la DIE totale;Second cycle professionnel;2023;5.4;% de la DIE;depp_series_chrono_structure_die_par_niveau_366606.xlsx;Structure DIE par niveau fin;T18;Second cycle professionnel;définitif (euros courants non révisés par la NI 26.42)
Part dans la DIE totale;Second cycle professionnel;2024p;5.4;% de la DIE;depp_series_chrono_structure_die_par_niveau_366606.xlsx;Structure DIE par niveau fin;U18;Second cycle professionnel;provisoire
Part dans la DIE totale;Apprentissage du second degré;2021;1.7999999999999998;% de la DIE;depp_series_chrono_structure_die_par_niveau_366606.xlsx;Structure DIE par niveau fin;R19;Apprentissage du second degré;définitif (euros courants non révisés par la NI 26.42)
Part dans la DIE totale;Apprentissage du second degré;2022;1.9;% de la DIE;depp_series_chrono_structure_die_par_niveau_366606.xlsx;Structure DIE par niveau fin;S19;Apprentissage du second degré;définitif (euros courants non révisés par la NI 26.42)
Part dans la DIE totale;Apprentissage du second degré;2023;1.9;% de la DIE;depp_series_chrono_structure_die_par_niveau_366606.xlsx;Structure DIE par niveau fin;T19;Apprentissage du second degré;définitif (euros courants non révisés par la NI 26.42)
Part dans la DIE totale;Apprentissage du second degré;2024p;1.9;% de la DIE;depp_series_chrono_structure_die_par_niveau_366606.xlsx;Structure DIE par niveau fin;U19;Apprentissage du second degré;provisoire
Part dans la DIE totale;Total second degré;2021;37.6;% de la DIE;depp_series_chrono_structure_die_par_niveau_366606.xlsx;Structure DIE par niveau fin;R20;Total second degré;définitif (euros courants non révisés par la NI 26.42)
Part dans la DIE totale;Total second degré;2022;37.1;% de la DIE;depp_series_chrono_structure_die_par_niveau_366606.xlsx;Structure DIE par niveau fin;S20;Total second degré;définitif (euros courants non révisés par la NI 26.42)
Part dans la DIE totale;Total second degré;2023;37.3;% de la DIE;depp_series_chrono_structure_die_par_niveau_366606.xlsx;Structure DIE par niveau fin;T20;Total second degré;définitif (euros courants non révisés par la NI 26.42)
Part dans la DIE totale;Total second degré;2024p;37.1;% de la DIE;depp_series_chrono_structure_die_par_niveau_366606.xlsx;Structure DIE par niveau fin;U20;Total second degré;provisoire
Part dans la DIE totale;Post secondaire et supérieur technique court;2021;3.6999999999999997;% de la DIE;depp_series_chrono_structure_die_par_niveau_366606.xlsx;Structure DIE par niveau fin;R21;Post secondaire et supérieur technique court;définitif (euros courants non révisés par la NI 26.42)
Part dans la DIE totale;Post secondaire et supérieur technique court;2022;3.2;% de la DIE;depp_series_chrono_structure_die_par_niveau_366606.xlsx;Structure DIE par niveau fin;S21;Post secondaire et supérieur technique court;définitif (euros courants non révisés par la NI 26.42)
Part dans la DIE totale;Post secondaire et supérieur technique court;2023;2.9000000000000004;% de la DIE;depp_series_chrono_structure_die_par_niveau_366606.xlsx;Structure DIE par niveau fin;T21;Post secondaire et supérieur technique court;définitif (euros courants non révisés par la NI 26.42)
Part dans la DIE totale;Post secondaire et supérieur technique court;2024p;2.9000000000000004;% de la DIE;depp_series_chrono_structure_die_par_niveau_366606.xlsx;Structure DIE par niveau fin;U21;Post secondaire et supérieur technique court;provisoire
Part dans la DIE totale;Supérieur long;2021;16.1;% de la DIE;depp_series_chrono_structure_die_par_niveau_366606.xlsx;Structure DIE par niveau fin;R22;Supérieur long;définitif (euros courants non révisés par la NI 26.42)
Part dans la DIE totale;Supérieur long;2022;16.5;% de la DIE;depp_series_chrono_structure_die_par_niveau_366606.xlsx;Structure DIE par niveau fin;S22;Supérieur long;définitif (euros courants non révisés par la NI 26.42)
Part dans la DIE totale;Supérieur long;2023;16.900000000000002;% de la DIE;depp_series_chrono_structure_die_par_niveau_366606.xlsx;Structure DIE par niveau fin;T22;Supérieur long;définitif (euros courants non révisés par la NI 26.42)
Part dans la DIE totale;Supérieur long;2024p;16.6;% de la DIE;depp_series_chrono_structure_die_par_niveau_366606.xlsx;Structure DIE par niveau fin;U22;Supérieur long;provisoire
Part dans la DIE totale;Apprentissage du supérieur;2021;2.3;% de la DIE;depp_series_chrono_structure_die_par_niveau_366606.xlsx;Structure DIE par niveau fin;R23;Apprentissage du supérieur;définitif (euros courants non révisés par la NI 26.42)
Part dans la DIE totale;Apprentissage du supérieur;2022;2.9000000000000004;% de la DIE;depp_series_chrono_structure_die_par_niveau_366606.xlsx;Structure DIE par niveau fin;S23;Apprentissage du supérieur;définitif (euros courants non révisés par la NI 26.42)
Part dans la DIE totale;Apprentissage du supérieur;2023;3.2;% de la DIE;depp_series_chrono_structure_die_par_niveau_366606.xlsx;Structure DIE par niveau fin;T23;Apprentissage du supérieur;définitif (euros courants non révisés par la NI 26.42)
Part dans la DIE totale;Apprentissage du supérieur;2024p;3.2;% de la DIE;depp_series_chrono_structure_die_par_niveau_366606.xlsx;Structure DIE par niveau fin;U23;Apprentissage du supérieur;provisoire
Part dans la DIE totale;Total enseignement supérieur;2021;22.1;% de la DIE;depp_series_chrono_structure_die_par_niveau_366606.xlsx;Structure DIE par niveau fin;R24;Total enseignement supérieur;définitif (euros courants non révisés par la NI 26.42)
Part dans la DIE totale;Total enseignement supérieur;2022;22.6;% de la DIE;depp_series_chrono_structure_die_par_niveau_366606.xlsx;Structure DIE par niveau fin;S24;Total enseignement supérieur;définitif (euros courants non révisés par la NI 26.42)
Part dans la DIE totale;Total enseignement supérieur;2023;23;% de la DIE;depp_series_chrono_structure_die_par_niveau_366606.xlsx;Structure DIE par niveau fin;T24;Total enseignement supérieur;définitif (euros courants non révisés par la NI 26.42)
Part dans la DIE totale;Total enseignement supérieur;2024p;22.8;% de la DIE;depp_series_chrono_structure_die_par_niveau_366606.xlsx;Structure DIE par niveau fin;U24;Total enseignement supérieur;provisoire
Part dans la DIE totale;Formations extrascolaires;2021;11.4;% de la DIE;depp_series_chrono_structure_die_par_niveau_366606.xlsx;Structure DIE par niveau fin;R25;Formations extrascolaires*;définitif (euros courants non révisés par la NI 26.42)
Part dans la DIE totale;Formations extrascolaires;2022;11.5;% de la DIE;depp_series_chrono_structure_die_par_niveau_366606.xlsx;Structure DIE par niveau fin;S25;Formations extrascolaires*;définitif (euros courants non révisés par la NI 26.42)
Part dans la DIE totale;Formations extrascolaires;2023;10.7;% de la DIE;depp_series_chrono_structure_die_par_niveau_366606.xlsx;Structure DIE par niveau fin;T25;Formations extrascolaires*;définitif (euros courants non révisés par la NI 26.42)
Part dans la DIE totale;Formations extrascolaires;2024p;10.4;% de la DIE;depp_series_chrono_structure_die_par_niveau_366606.xlsx;Structure DIE par niveau fin;U25;Formations extrascolaires*;provisoire
DIE totale (onglet structure);Tous niveaux;2021;189.6;Md€ constants 2024;depp_series_chrono_structure_die_par_niveau_366606.xlsx;Structure DIE par niveau fin;R10;DIE en Md€ 2024;définitif (euros courants non révisés par la NI 26.42)
DIE totale (onglet structure);Tous niveaux;2022;194.3;Md€ constants 2024;depp_series_chrono_structure_die_par_niveau_366606.xlsx;Structure DIE par niveau fin;S10;DIE en Md€ 2024;définitif (euros courants non révisés par la NI 26.42)
DIE totale (onglet structure);Tous niveaux;2023;194.3;Md€ constants 2024;depp_series_chrono_structure_die_par_niveau_366606.xlsx;Structure DIE par niveau fin;T10;DIE en Md€ 2024;définitif (euros courants non révisés par la NI 26.42)
DIE totale (onglet structure);Tous niveaux;2024p;197.1;Md€ constants 2024;depp_series_chrono_structure_die_par_niveau_366606.xlsx;Structure DIE par niveau fin;U10;DIE en Md€ 2024;provisoire
Dépense moyenne par élève (tous financeurs);Ensemble;2021;10440;€ constants 2024;depp_series_chrono_depense_par_eleve_par_niveau_481445.xlsx;Dépense par élève, niveau;AR10;Ensemble;définitif (euros courants non révisés par la NI 26.42)
Dépense moyenne par élève (tous financeurs);Ensemble;2022;10630;€ constants 2024;depp_series_chrono_depense_par_eleve_par_niveau_481445.xlsx;Dépense par élève, niveau;AS10;Ensemble;définitif (euros courants non révisés par la NI 26.42)
Dépense moyenne par élève (tous financeurs);Ensemble;2023;10730;€ constants 2024;depp_series_chrono_depense_par_eleve_par_niveau_481445.xlsx;Dépense par élève, niveau;AT10;Ensemble;définitif (euros courants non révisés par la NI 26.42)
Dépense moyenne par élève (tous financeurs);Ensemble;2024p;10920;€ constants 2024;depp_series_chrono_depense_par_eleve_par_niveau_481445.xlsx;Dépense par élève, niveau;AU10;Ensemble;provisoire
Dépense moyenne par élève (tous financeurs);Premier degré;2021;8210;€ constants 2024;depp_series_chrono_depense_par_eleve_par_niveau_481445.xlsx;Dépense par élève, niveau;AR13;Premier degré;définitif (euros courants non révisés par la NI 26.42)
Dépense moyenne par élève (tous financeurs);Premier degré;2022;8490;€ constants 2024;depp_series_chrono_depense_par_eleve_par_niveau_481445.xlsx;Dépense par élève, niveau;AS13;Premier degré;définitif (euros courants non révisés par la NI 26.42)
Dépense moyenne par élève (tous financeurs);Premier degré;2023;8660;€ constants 2024;depp_series_chrono_depense_par_eleve_par_niveau_481445.xlsx;Dépense par élève, niveau;AT13;Premier degré;définitif (euros courants non révisés par la NI 26.42)
Dépense moyenne par élève (tous financeurs);Premier degré;2024p;9080;€ constants 2024;depp_series_chrono_depense_par_eleve_par_niveau_481445.xlsx;Dépense par élève, niveau;AU13;Premier degré;provisoire
Dépense moyenne par élève (tous financeurs);dont Préélémentaire;2021;8360;€ constants 2024;depp_series_chrono_depense_par_eleve_par_niveau_481445.xlsx;Dépense par élève, niveau;AR14;dont Préélémentaire;définitif (euros courants non révisés par la NI 26.42)
Dépense moyenne par élève (tous financeurs);dont Préélémentaire;2022;8630;€ constants 2024;depp_series_chrono_depense_par_eleve_par_niveau_481445.xlsx;Dépense par élève, niveau;AS14;dont Préélémentaire;définitif (euros courants non révisés par la NI 26.42)
Dépense moyenne par élève (tous financeurs);dont Préélémentaire;2023;8700;€ constants 2024;depp_series_chrono_depense_par_eleve_par_niveau_481445.xlsx;Dépense par élève, niveau;AT14;dont Préélémentaire;définitif (euros courants non révisés par la NI 26.42)
Dépense moyenne par élève (tous financeurs);dont Préélémentaire;2024p;8990;€ constants 2024;depp_series_chrono_depense_par_eleve_par_niveau_481445.xlsx;Dépense par élève, niveau;AU14;dont Préélémentaire;provisoire
Dépense moyenne par élève (tous financeurs);dont Élémentaire;2021;8130;€ constants 2024;depp_series_chrono_depense_par_eleve_par_niveau_481445.xlsx;Dépense par élève, niveau;AR15;dont Élémentaire;définitif (euros courants non révisés par la NI 26.42)
Dépense moyenne par élève (tous financeurs);dont Élémentaire;2022;8410;€ constants 2024;depp_series_chrono_depense_par_eleve_par_niveau_481445.xlsx;Dépense par élève, niveau;AS15;dont Élémentaire;définitif (euros courants non révisés par la NI 26.42)
Dépense moyenne par élève (tous financeurs);dont Élémentaire;2023;8640;€ constants 2024;depp_series_chrono_depense_par_eleve_par_niveau_481445.xlsx;Dépense par élève, niveau;AT15;dont Élémentaire;définitif (euros courants non révisés par la NI 26.42)
Dépense moyenne par élève (tous financeurs);dont Élémentaire;2024p;9130;€ constants 2024;depp_series_chrono_depense_par_eleve_par_niveau_481445.xlsx;Dépense par élève, niveau;AU15;dont Élémentaire;provisoire
Dépense moyenne par élève (tous financeurs);Second degré;2021;11470;€ constants 2024;depp_series_chrono_depense_par_eleve_par_niveau_481445.xlsx;Dépense par élève, niveau;AR18;Second degré;définitif (euros courants non révisés par la NI 26.42)
Dépense moyenne par élève (tous financeurs);Second degré;2022;11530;€ constants 2024;depp_series_chrono_depense_par_eleve_par_niveau_481445.xlsx;Dépense par élève, niveau;AS18;Second degré;définitif (euros courants non révisés par la NI 26.42)
Dépense moyenne par élève (tous financeurs);Second degré;2023;11550;€ constants 2024;depp_series_chrono_depense_par_eleve_par_niveau_481445.xlsx;Dépense par élève, niveau;AT18;Second degré;définitif (euros courants non révisés par la NI 26.42)
Dépense moyenne par élève (tous financeurs);Second degré;2024p;11660;€ constants 2024;depp_series_chrono_depense_par_eleve_par_niveau_481445.xlsx;Dépense par élève, niveau;AU18;Second degré;provisoire
Dépense moyenne par élève (tous financeurs);dont Premier cycle;2021;10130;€ constants 2024;depp_series_chrono_depense_par_eleve_par_niveau_481445.xlsx;Dépense par élève, niveau;AR19;dont Premier cycle;définitif (euros courants non révisés par la NI 26.42)
Dépense moyenne par élève (tous financeurs);dont Premier cycle;2022;10230;€ constants 2024;depp_series_chrono_depense_par_eleve_par_niveau_481445.xlsx;Dépense par élève, niveau;AS19;dont Premier cycle;définitif (euros courants non révisés par la NI 26.42)
Dépense moyenne par élève (tous financeurs);dont Premier cycle;2023;10270;€ constants 2024;depp_series_chrono_depense_par_eleve_par_niveau_481445.xlsx;Dépense par élève, niveau;AT19;dont Premier cycle;définitif (euros courants non révisés par la NI 26.42)
Dépense moyenne par élève (tous financeurs);dont Premier cycle;2024p;10450;€ constants 2024;depp_series_chrono_depense_par_eleve_par_niveau_481445.xlsx;Dépense par élève, niveau;AU19;dont Premier cycle;provisoire
Dépense moyenne par élève (tous financeurs);dont Second cycle général et technologique;2021;12810;€ constants 2024;depp_series_chrono_depense_par_eleve_par_niveau_481445.xlsx;Dépense par élève, niveau;AR20;dont Second cycle général et technologique;définitif (euros courants non révisés par la NI 26.42)
Dépense moyenne par élève (tous financeurs);dont Second cycle général et technologique;2022;12850;€ constants 2024;depp_series_chrono_depense_par_eleve_par_niveau_481445.xlsx;Dépense par élève, niveau;AS20;dont Second cycle général et technologique;définitif (euros courants non révisés par la NI 26.42)
Dépense moyenne par élève (tous financeurs);dont Second cycle général et technologique;2023;12910;€ constants 2024;depp_series_chrono_depense_par_eleve_par_niveau_481445.xlsx;Dépense par élève, niveau;AT20;dont Second cycle général et technologique;définitif (euros courants non révisés par la NI 26.42)
Dépense moyenne par élève (tous financeurs);dont Second cycle général et technologique;2024p;13020;€ constants 2024;depp_series_chrono_depense_par_eleve_par_niveau_481445.xlsx;Dépense par élève, niveau;AU20;dont Second cycle général et technologique;provisoire
Dépense moyenne par élève (tous financeurs);dont Second cycle professionnel;2021;14600;€ constants 2024;depp_series_chrono_depense_par_eleve_par_niveau_481445.xlsx;Dépense par élève, niveau;AR21;dont Second cycle professionnel;définitif (euros courants non révisés par la NI 26.42)
Dépense moyenne par élève (tous financeurs);dont Second cycle professionnel;2022;14750;€ constants 2024;depp_series_chrono_depense_par_eleve_par_niveau_481445.xlsx;Dépense par élève, niveau;AS21;dont Second cycle professionnel;définitif (euros courants non révisés par la NI 26.42)
Dépense moyenne par élève (tous financeurs);dont Second cycle professionnel;2023;14720;€ constants 2024;depp_series_chrono_depense_par_eleve_par_niveau_481445.xlsx;Dépense par élève, niveau;AT21;dont Second cycle professionnel;définitif (euros courants non révisés par la NI 26.42)
Dépense moyenne par élève (tous financeurs);dont Second cycle professionnel;2024p;14700;€ constants 2024;depp_series_chrono_depense_par_eleve_par_niveau_481445.xlsx;Dépense par élève, niveau;AU21;dont Second cycle professionnel;provisoire
Dépense moyenne par élève (tous financeurs);dont Apprentissage (second degré, ligne 22);2021;10340;€ constants 2024;depp_series_chrono_depense_par_eleve_par_niveau_481445.xlsx;Dépense par élève, niveau;AR22;dont Apprentissage*;définitif (euros courants non révisés par la NI 26.42)
Dépense moyenne par élève (tous financeurs);dont Apprentissage (second degré, ligne 22);2022;10090;€ constants 2024;depp_series_chrono_depense_par_eleve_par_niveau_481445.xlsx;Dépense par élève, niveau;AS22;dont Apprentissage*;définitif (euros courants non révisés par la NI 26.42)
Dépense moyenne par élève (tous financeurs);dont Apprentissage (second degré, ligne 22);2023;9930;€ constants 2024;depp_series_chrono_depense_par_eleve_par_niveau_481445.xlsx;Dépense par élève, niveau;AT22;dont Apprentissage*;définitif (euros courants non révisés par la NI 26.42)
Dépense moyenne par élève (tous financeurs);dont Apprentissage (second degré, ligne 22);2024p;9500;€ constants 2024;depp_series_chrono_depense_par_eleve_par_niveau_481445.xlsx;Dépense par élève, niveau;AU22;dont Apprentissage*;provisoire
Dépense moyenne par élève (tous financeurs);Enseignement supérieur;2021;13340;€ constants 2024;depp_series_chrono_depense_par_eleve_par_niveau_481445.xlsx;Dépense par élève, niveau;AR26;Enseignement supérieur;définitif (euros courants non révisés par la NI 26.42)
Dépense moyenne par élève (tous financeurs);Enseignement supérieur;2022;13460;€ constants 2024;depp_series_chrono_depense_par_eleve_par_niveau_481445.xlsx;Dépense par élève, niveau;AS26;Enseignement supérieur;définitif (euros courants non révisés par la NI 26.42)
Dépense moyenne par élève (tous financeurs);Enseignement supérieur;2023;13480;€ constants 2024;depp_series_chrono_depense_par_eleve_par_niveau_481445.xlsx;Dépense par élève, niveau;AT26;Enseignement supérieur;définitif (euros courants non révisés par la NI 26.42)
Dépense moyenne par élève (tous financeurs);Enseignement supérieur;2024p;13300;€ constants 2024;depp_series_chrono_depense_par_eleve_par_niveau_481445.xlsx;Dépense par élève, niveau;AU26;Enseignement supérieur;provisoire
Dépense moyenne par élève (tous financeurs);dont Apprentissage (supérieur, ligne 30);2021;11630;€ constants 2024;depp_series_chrono_depense_par_eleve_par_niveau_481445.xlsx;Dépense par élève, niveau;AR30;dont Apprentissage*;définitif (euros courants non révisés par la NI 26.42)
Dépense moyenne par élève (tous financeurs);dont Apprentissage (supérieur, ligne 30);2022;10900;€ constants 2024;depp_series_chrono_depense_par_eleve_par_niveau_481445.xlsx;Dépense par élève, niveau;AS30;dont Apprentissage*;définitif (euros courants non révisés par la NI 26.42)
Dépense moyenne par élève (tous financeurs);dont Apprentissage (supérieur, ligne 30);2023;10400;€ constants 2024;depp_series_chrono_depense_par_eleve_par_niveau_481445.xlsx;Dépense par élève, niveau;AT30;dont Apprentissage*;définitif (euros courants non révisés par la NI 26.42)
Dépense moyenne par élève (tous financeurs);dont Apprentissage (supérieur, ligne 30);2024p;9900;€ constants 2024;depp_series_chrono_depense_par_eleve_par_niveau_481445.xlsx;Dépense par élève, niveau;AU30;dont Apprentissage*;provisoire
DIE totale (pleine précision);Tous niveaux;2021;189.6051784074417;Md€ constants 2024;depp_series_chrono_die_par_niveau_part_pib_508145.xlsx;Part DIE dans PIB par niveau ;AR10;DIE en Md€ 2024;définitif (euros courants non révisés par la NI 26.42)
DIE totale (pleine précision);Tous niveaux;2022;194.33912943299373;Md€ constants 2024;depp_series_chrono_die_par_niveau_part_pib_508145.xlsx;Part DIE dans PIB par niveau ;AS10;DIE en Md€ 2024;définitif (euros courants non révisés par la NI 26.42)
DIE totale (pleine précision);Tous niveaux;2023;194.2946912691547;Md€ constants 2024;depp_series_chrono_die_par_niveau_part_pib_508145.xlsx;Part DIE dans PIB par niveau ;AT10;DIE en Md€ 2024;définitif (euros courants non révisés par la NI 26.42)
DIE totale (pleine précision);Tous niveaux;2024p;197.09938793656303;Md€ constants 2024;depp_series_chrono_die_par_niveau_part_pib_508145.xlsx;Part DIE dans PIB par niveau ;AU10;DIE en Md€ 2024;provisoire
DIE / PIB;Tous niveaux;2021;6.846506448536065;% du PIB;depp_series_chrono_die_par_niveau_part_pib_508145.xlsx;Part DIE dans PIB par niveau ;AR11;DIE/PIB en %;définitif (euros courants non révisés par la NI 26.42)
DIE / PIB;Tous niveaux;2022;6.831840313363808;% du PIB;depp_series_chrono_die_par_niveau_part_pib_508145.xlsx;Part DIE dans PIB par niveau ;AS11;DIE/PIB en %;définitif (euros courants non révisés par la NI 26.42)
DIE / PIB;Tous niveaux;2023;6.73337073020667;% du PIB;depp_series_chrono_die_par_niveau_part_pib_508145.xlsx;Part DIE dans PIB par niveau ;AT11;DIE/PIB en %;définitif (euros courants non révisés par la NI 26.42)
DIE / PIB;Tous niveaux;2024p;6.7502102105059425;% du PIB;depp_series_chrono_die_par_niveau_part_pib_508145.xlsx;Part DIE dans PIB par niveau ;AU11;DIE/PIB en %;provisoire
DIE du niveau / PIB;Premier degré;2021;1.9764187901052979;% du PIB;depp_series_chrono_die_par_niveau_part_pib_508145.xlsx;Part DIE dans PIB par niveau ;AR15;Premier degré;définitif (euros courants non révisés par la NI 26.42)
DIE du niveau / PIB;Premier degré;2022;1.9662567837956841;% du PIB;depp_series_chrono_die_par_niveau_part_pib_508145.xlsx;Part DIE dans PIB par niveau ;AS15;Premier degré;définitif (euros courants non révisés par la NI 26.42)
DIE du niveau / PIB;Premier degré;2023;1.9592237956748328;% du PIB;depp_series_chrono_die_par_niveau_part_pib_508145.xlsx;Part DIE dans PIB par niveau ;AT15;Premier degré;définitif (euros courants non révisés par la NI 26.42)
DIE du niveau / PIB;Premier degré;2024p;2.0042819266461356;% du PIB;depp_series_chrono_die_par_niveau_part_pib_508145.xlsx;Part DIE dans PIB par niveau ;AU15;Premier degré;provisoire
DIE du niveau / PIB;Second degré;2021;2.575241750167325;% du PIB;depp_series_chrono_die_par_niveau_part_pib_508145.xlsx;Part DIE dans PIB par niveau ;AR16;Second degré;définitif (euros courants non révisés par la NI 26.42)
DIE du niveau / PIB;Second degré;2022;2.535775861826892;% du PIB;depp_series_chrono_die_par_niveau_part_pib_508145.xlsx;Part DIE dans PIB par niveau ;AS16;Second degré;définitif (euros courants non révisés par la NI 26.42)
DIE du niveau / PIB;Second degré;2023;2.508863380203221;% du PIB;depp_series_chrono_die_par_niveau_part_pib_508145.xlsx;Part DIE dans PIB par niveau ;AT16;Second degré;définitif (euros courants non révisés par la NI 26.42)
DIE du niveau / PIB;Second degré;2024p;2.5042671879880185;% du PIB;depp_series_chrono_die_par_niveau_part_pib_508145.xlsx;Part DIE dans PIB par niveau ;AU16;Second degré;provisoire
DIE du niveau / PIB;Enseignement supérieur;2021;1.5123034691794803;% du PIB;depp_series_chrono_die_par_niveau_part_pib_508145.xlsx;Part DIE dans PIB par niveau ;AR17;Enseignement supérieur;définitif (euros courants non révisés par la NI 26.42)
DIE du niveau / PIB;Enseignement supérieur;2022;1.5458768610298677;% du PIB;depp_series_chrono_die_par_niveau_part_pib_508145.xlsx;Part DIE dans PIB par niveau ;AS17;Enseignement supérieur;définitif (euros courants non révisés par la NI 26.42)
DIE du niveau / PIB;Enseignement supérieur;2023;1.5480861274849722;% du PIB;depp_series_chrono_die_par_niveau_part_pib_508145.xlsx;Part DIE dans PIB par niveau ;AT17;Enseignement supérieur;définitif (euros courants non révisés par la NI 26.42)
DIE du niveau / PIB;Enseignement supérieur;2024p;1.53681851397937;% du PIB;depp_series_chrono_die_par_niveau_part_pib_508145.xlsx;Part DIE dans PIB par niveau ;AU17;Enseignement supérieur;provisoire
DIE du niveau / PIB;Formations extrascolaires;2021;0.7825424390839757;% du PIB;depp_series_chrono_die_par_niveau_part_pib_508145.xlsx;Part DIE dans PIB par niveau ;AR18;Formations extrascolaires*;définitif (euros courants non révisés par la NI 26.42)
DIE du niveau / PIB;Formations extrascolaires;2022;0.7839308067113647;% du PIB;depp_series_chrono_die_par_niveau_part_pib_508145.xlsx;Part DIE dans PIB par niveau ;AS18;Formations extrascolaires*;définitif (euros courants non révisés par la NI 26.42)
DIE du niveau / PIB;Formations extrascolaires;2023;0.717197426843644;% du PIB;depp_series_chrono_die_par_niveau_part_pib_508145.xlsx;Part DIE dans PIB par niveau ;AT18;Formations extrascolaires*;définitif (euros courants non révisés par la NI 26.42)
DIE du niveau / PIB;Formations extrascolaires;2024p;0.7048425818924194;% du PIB;depp_series_chrono_die_par_niveau_part_pib_508145.xlsx;Part DIE dans PIB par niveau ;AU18;Formations extrascolaires*;provisoire
Apprentis en CFA au 31/12 (SIFA);Niveau 3 (CAP...);31/12/2020;182068;apprentis;depp_series_chrono_apprentis_cfa_par_niveau_310608.xlsx;Ensemble;AB11;Niveau V Total;constat (2024 : Mayotte très partiel, cyclone Chido)
Apprentis en CFA au 31/12 (SIFA);Niveau 3 (CAP...);31/12/2021;204575;apprentis;depp_series_chrono_apprentis_cfa_par_niveau_310608.xlsx;Ensemble;AC11;Niveau V Total;constat (2024 : Mayotte très partiel, cyclone Chido)
Apprentis en CFA au 31/12 (SIFA);Niveau 3 (CAP...);31/12/2022;213835;apprentis;depp_series_chrono_apprentis_cfa_par_niveau_310608.xlsx;Ensemble;AD11;Niveau V Total;constat (2024 : Mayotte très partiel, cyclone Chido)
Apprentis en CFA au 31/12 (SIFA);Niveau 3 (CAP...);31/12/2023;221060;apprentis;depp_series_chrono_apprentis_cfa_par_niveau_310608.xlsx;Ensemble;AE11;Niveau V Total;constat (2024 : Mayotte très partiel, cyclone Chido)
Apprentis en CFA au 31/12 (SIFA);Niveau 3 (CAP...);31/12/2024;221549;apprentis;depp_series_chrono_apprentis_cfa_par_niveau_310608.xlsx;Ensemble;AF11;Niveau V Total;constat (2024 : Mayotte très partiel, cyclone Chido)
Apprentis en CFA au 31/12 (SIFA);Niveau 4 (bac pro, BP...);31/12/2020;124236;apprentis;depp_series_chrono_apprentis_cfa_par_niveau_310608.xlsx;Ensemble;AB15;Niveau IV Total;constat (2024 : Mayotte très partiel, cyclone Chido)
Apprentis en CFA au 31/12 (SIFA);Niveau 4 (bac pro, BP...);31/12/2021;149859;apprentis;depp_series_chrono_apprentis_cfa_par_niveau_310608.xlsx;Ensemble;AC15;Niveau IV Total;constat (2024 : Mayotte très partiel, cyclone Chido)
Apprentis en CFA au 31/12 (SIFA);Niveau 4 (bac pro, BP...);31/12/2022;163494;apprentis;depp_series_chrono_apprentis_cfa_par_niveau_310608.xlsx;Ensemble;AD15;Niveau IV Total;constat (2024 : Mayotte très partiel, cyclone Chido)
Apprentis en CFA au 31/12 (SIFA);Niveau 4 (bac pro, BP...);31/12/2023;164568;apprentis;depp_series_chrono_apprentis_cfa_par_niveau_310608.xlsx;Ensemble;AE15;Niveau IV Total;constat (2024 : Mayotte très partiel, cyclone Chido)
Apprentis en CFA au 31/12 (SIFA);Niveau 4 (bac pro, BP...);31/12/2024;170486;apprentis;depp_series_chrono_apprentis_cfa_par_niveau_310608.xlsx;Ensemble;AF15;Niveau IV Total;constat (2024 : Mayotte très partiel, cyclone Chido)
Apprentis en CFA au 31/12 (SIFA);Tous niveaux;31/12/2020;629635;apprentis;depp_series_chrono_apprentis_cfa_par_niveau_310608.xlsx;Ensemble;AB24;Total tous niveaux;constat (2024 : Mayotte très partiel, cyclone Chido)
Apprentis en CFA au 31/12 (SIFA);Tous niveaux;31/12/2021;834063;apprentis;depp_series_chrono_apprentis_cfa_par_niveau_310608.xlsx;Ensemble;AC24;Total tous niveaux;constat (2024 : Mayotte très partiel, cyclone Chido)
Apprentis en CFA au 31/12 (SIFA);Tous niveaux;31/12/2022;953590;apprentis;depp_series_chrono_apprentis_cfa_par_niveau_310608.xlsx;Ensemble;AD24;Total tous niveaux;constat (2024 : Mayotte très partiel, cyclone Chido)
Apprentis en CFA au 31/12 (SIFA);Tous niveaux;31/12/2023;1021453;apprentis;depp_series_chrono_apprentis_cfa_par_niveau_310608.xlsx;Ensemble;AE24;Total tous niveaux;constat (2024 : Mayotte très partiel, cyclone Chido)
Apprentis en CFA au 31/12 (SIFA);Tous niveaux;31/12/2024;1049965;apprentis;depp_series_chrono_apprentis_cfa_par_niveau_310608.xlsx;Ensemble;AF24;Total tous niveaux;constat (2024 : Mayotte très partiel, cyclone Chido)
