zone;rentree;nb_ecoles;classes;eleves;eleves_par_classe
Paris;2015;662;5495.0;132857.0;24.177797998180164
Paris;2016;662;5464.0;130205.0;23.829612005856514
Paris;2017;656;5438.0;127280.0;23.405663847002575
Paris;2018;654;5532.0;125185.0;22.629248011569054
Paris;2019;651;5587.0;122415.0;21.910685519957042
Paris;2020;649;5600.0;118692.0;21.195
Paris;2021;645;5576.0;112631.0;20.199246771879483
Paris;2022;638;5536.0;108538.0;19.60585260115607
Paris;2023;631;5384.0;105848.0;19.659732540861814
Paris;2024;626;5257.0;103593.0;19.70572569906791
Paris;2025;620;5114.0;101071.0;19.76359014470082
Seine-Saint-Denis;2015;821;7932.0;188318.0;23.74155320221886
Seine-Saint-Denis;2016;827;8055.0;189950.0;23.581626319056486
Seine-Saint-Denis;2017;830;8162.0;190826.0;23.37980887037491
Seine-Saint-Denis;2018;839;8190.0;191627.0;23.397680097680098
Seine-Saint-Denis;2019;849;8905.0;192261.0;21.590230207748455
Seine-Saint-Denis;2020;852;9136.0;191191.0;20.927211033274958
Seine-Saint-Denis;2021;854;9289.0;187497.0;20.18484228657552
Seine-Saint-Denis;2022;859;9333.0;186344.0;19.966141647915997
Seine-Saint-Denis;2023;863;9378.0;185782.0;19.810407336319045
Seine-Saint-Denis;2024;862;9432.0;183522.0;19.45737913486005
Seine-Saint-Denis;2025;861;9309.0;181230.0;19.468256525942635
France;2015;46435;248646.0;5885268.0;23.669264737820033
France;2016;45877;249238.0;5872797.0;23.563008048531927
France;2017;45401;251475.0;5842701.0;23.233725022368027
France;2018;44902;255072.0;5807757.0;22.769088727888597
France;2019;44828;261258.0;5821253.0;22.281625825812032
France;2020;44633;263478.0;5747174.0;21.812728197420657
France;2021;44269;264223.0;5668156.0;21.45216729807776
France;2022;43931;264370.0;5617998.0;21.25051253924424
France;2023;43518;262982.0;5538272.0;21.0595097763345
France;2024;43166;261778.0;5462329.0;20.86626454476694
France;2025;42749;259658.0;5365524.0;20.66381162914295
