annee;poste;montant_M€;fonction_comptable;source
2023;Budget participatif d'arrondissement : projets liés aux affaires scolaires (écoles et collèges);8.9;0 (services généraux, 038);Ville de Paris, CA 2023, rapport financier, p. 129
2023;Budget participatif des écoles;2.1;0 (services généraux, 038);Ville de Paris, CA 2023, rapport financier, p. 129
2023;Mise en accessibilité des bâtiments scolaires;3.4;4 (action sociale, handicap);Ville de Paris, CA 2023, rapport financier, p. 77
2023;Contrats de performance énergétique (écoles et collèges);1.0;7 (environnement, actions transverses du PCAET);Ville de Paris, CA 2023, rapport financier, p. 105
2024;Budget participatif d'arrondissement : projets liés aux affaires scolaires (écoles et collèges);10.5;0 (services généraux, 038);Ville de Paris, CA 2024, rapport financier, p. 118
2024;Budget participatif des écoles;2.1;0 (services généraux, 038);Ville de Paris, CA 2024, rapport financier, p. 118
2024;Mise en accessibilité des bâtiments scolaires;6.3;4 (action sociale, handicap);Ville de Paris, CA 2024, rapport financier, p. 70
2024;Contrats de performance énergétique (écoles et collèges);10.1;7 (environnement, actions transverses du PCAET);Ville de Paris, CA 2024, rapport financier, p. 95
2025;Budget participatif d'arrondissement : projets liés aux affaires scolaires (écoles et collèges);13.8;0 (services généraux, 038);Ville de Paris, CA 2025, rapport financier, p. 105
2025;Budget participatif des écoles;3.0;0 (services généraux, 038);Ville de Paris, CA 2025, rapport financier, p. 105
2025;Mise en accessibilité des bâtiments scolaires;5.9;4 (action sociale, handicap);Ville de Paris, CA 2025, rapport financier, p. 68
2025;Contrats de performance énergétique (écoles et collèges);9.6;7 (environnement, actions transverses du PCAET);Ville de Paris, CA 2025, rapport financier, p. 88
2025;Acompte pour l'école de l'équipement mutualisé Pinard, ZAC Saint-Vincent-de-Paul (14e);4.2;5 (opérations d'urbanisme);Ville de Paris, CA 2025, rapport financier, p. 33
