niveau;territoire;debut;fin;eleves_debut;eleves_fin;evolution_%;taux_annuel_%;methode
écoles publiques;Paris;2009;2025;137251.0;101071.0;-26.36;-1.89;série directe
écoles publiques;Paris;2010;2025;137282.0;101071.0;-26.38;-2.02;série directe
écoles publiques;Paris;2010;2019;137282.0;122415.0;-10.83;-1.27;série directe
écoles publiques;Paris;2019;2025;122415.0;101071.0;-17.44;-3.14;série directe
écoles publiques;Paris;2015;2025;132857.0;101071.0;-23.92;-2.7;série directe
écoles publiques;Paris;2024;2025;103593.0;101071.0;-2.43;-2.43;série directe
collèges publics;Paris;2015;2019;56322.0;55989.0;-0.59;-0.15;ancien jeu
collèges publics;Paris;2019;2025;56786.0;49880.0;-12.16;-2.14;nouveau jeu
collèges publics;Paris;2024;2025;51158.0;49880.0;-2.5;-2.5;nouveau jeu
collèges publics;Paris;2015;2025;;49880.0;-12.68;-1.35;"raccord en 2019 (ancien jeu 2019 : 55989 ; nouveau jeu 2019 : 56786)"
lycées publics;Paris;2015;2019;65446.0;66068.0;0.95;0.24;ancien jeu
lycées publics;Paris;2019;2025;47875.0;46052.0;-3.81;-0.64;nouveau jeu
lycées publics;Paris;2024;2025;46054.0;46052.0;-0.0;-0.0;nouveau jeu
lycées publics;Paris;2015;2025;;46052.0;-2.89;-0.29;"raccord en 2019 (ancien jeu 2019 : 66068 ; nouveau jeu 2019 : 47875)"
écoles publiques;Seine-Saint-Denis;2009;2025;174485.0;181230.0;3.87;0.24;série directe
écoles publiques;Seine-Saint-Denis;2010;2025;176733.0;181230.0;2.54;0.17;série directe
écoles publiques;Seine-Saint-Denis;2010;2019;176733.0;192261.0;8.79;0.94;série directe
écoles publiques;Seine-Saint-Denis;2019;2025;192261.0;181230.0;-5.74;-0.98;série directe
écoles publiques;Seine-Saint-Denis;2015;2025;188318.0;181230.0;-3.76;-0.38;série directe
écoles publiques;Seine-Saint-Denis;2024;2025;183522.0;181230.0;-1.25;-1.25;série directe
collèges publics;Seine-Saint-Denis;2015;2019;72033.0;77882.0;8.12;1.97;ancien jeu
collèges publics;Seine-Saint-Denis;2019;2025;78186.0;79351.0;1.49;0.25;nouveau jeu
collèges publics;Seine-Saint-Denis;2024;2025;78851.0;79351.0;0.63;0.63;nouveau jeu
collèges publics;Seine-Saint-Denis;2015;2025;;79351.0;9.73;0.93;"raccord en 2019 (ancien jeu 2019 : 77882 ; nouveau jeu 2019 : 78186)"
lycées publics;Seine-Saint-Denis;2015;2019;52629.0;57616.0;9.48;2.29;ancien jeu
lycées publics;Seine-Saint-Denis;2019;2025;52257.0;57546.0;10.12;1.62;nouveau jeu
lycées publics;Seine-Saint-Denis;2024;2025;55946.0;57546.0;2.86;2.86;nouveau jeu
lycées publics;Seine-Saint-Denis;2015;2025;;57546.0;20.56;1.89;"raccord en 2019 (ancien jeu 2019 : 57616 ; nouveau jeu 2019 : 52257)"
écoles publiques;France;2009;2025;5800756.0;5315615.0;-8.36;-0.54;série directe
écoles publiques;France;2010;2025;5822500.0;5315615.0;-8.71;-0.61;série directe
écoles publiques;France;2010;2019;5822500.0;5764866.0;-0.99;-0.11;série directe
écoles publiques;France;2019;2025;5764866.0;5315615.0;-7.79;-1.34;série directe
écoles publiques;France;2015;2025;5885268.0;5315615.0;-9.68;-1.01;série directe
écoles publiques;France;2024;2025;5411627.0;5315615.0;-1.77;-1.77;série directe
collèges publics;France;2015;2019;2589456.0;2653376.0;2.47;0.61;ancien jeu
collèges publics;France;2019;2025;2675843.0;2634574.0;-1.54;-0.26;nouveau jeu
collèges publics;France;2024;2025;2656918.0;2634574.0;-0.84;-0.84;nouveau jeu
collèges publics;France;2015;2025;;2634574.0;0.89;0.09;"raccord en 2019 (ancien jeu 2019 : 2653376 ; nouveau jeu 2019 : 2675843)"
lycées publics;France;2015;2019;1998646.0;2042034.0;2.17;0.54;ancien jeu
lycées publics;France;2019;2025;1789433.0;1792958.0;0.2;0.03;nouveau jeu
lycées publics;France;2024;2025;1784239.0;1792958.0;0.49;0.49;nouveau jeu
lycées publics;France;2015;2025;;1792958.0;2.37;0.23;"raccord en 2019 (ancien jeu 2019 : 2042034 ; nouveau jeu 2019 : 1789433)"
