niveau;section;compte;montant_M€;libelle_M57
Communes (y.c. Paris);recettes de fonctionnement (classe 7);7067;1193.21;Redevances et droits des services périscolaires et d'enseignement
Communes (y.c. Paris);recettes de fonctionnement (classe 7);747888;163.5;Autres
Communes (y.c. Paris);recettes de fonctionnement (classe 7);74718;87.39;Autres
Communes (y.c. Paris);recettes de fonctionnement (classe 7);7066;60.82;Redevances et droits des services à caractère social
Communes (y.c. Paris);recettes de fonctionnement (classe 7);7476;56.35;Sécurité sociale et organismes mutualistes
Communes (y.c. Paris);recettes de fonctionnement (classe 7);75888;27.17;Autres
Communes (y.c. Paris);recettes de fonctionnement (classe 7);7478222;26.72;Caisses d'allocations familiales
Communes (y.c. Paris);recettes de fonctionnement (classe 7);706888;18.58;Autres
Communes (y.c. Paris);recettes de fonctionnement (classe 7);70878;17.64;par des tiers
Communes (y.c. Paris);recettes de fonctionnement (classe 7);74748;16.94;Autres communes
Communes (y.c. Paris);recettes de fonctionnement (classe 7);74888;14.71;Autres
Communes (y.c. Paris);recettes de fonctionnement (classe 7);74741;13.37;Communes membres du GFP
Communes (y.c. Paris);recettes de fonctionnement (classe 7);752;12.58;Revenus des immeubles
Communes (y.c. Paris);recettes de fonctionnement (classe 7);708421;8.71;non dotés de la personnalité morale
Communes (y.c. Paris);recettes de fonctionnement (classe 7);74611;8.42;DGD
Communes (y.c. Paris);recettes de fonctionnement (classe 7);75813;7.01;Redevances versées par les fermiers et concessionnaires
Communes (y.c. Paris);recettes de fonctionnement (classe 7);70841;6.41;à la collectivité de rattachement
Communes (y.c. Paris);recettes de fonctionnement (classe 7);70846;6.33;au GFP de rattachement
Communes (y.c. Paris);recettes de fonctionnement (classe 7);70873;6.11;par le CCAS/CIAS
Communes (y.c. Paris);recettes de fonctionnement (classe 7);7018;5.19;Autres ventes de produits finis
Communes (y.c. Paris);recettes de fonctionnement (classe 7);70632;5.19;A caractère de loisirs
Communes (y.c. Paris);recettes de fonctionnement (classe 7);70875;5.12;par les communes membres du GFP
Communes (y.c. Paris);recettes de fonctionnement (classe 7);7473;4.64;Départements
Communes (y.c. Paris);recettes de fonctionnement (classe 7);70876;4.55;par le GFP de rattachement
Communes (y.c. Paris);recettes de fonctionnement (classe 7);73111;4.48;Impôts directs locaux
Communes (y.c. Paris);recettes de fonctionnement (classe 7);70848;4.22;aux autres organismes
Communes (y.c. Paris);recettes de fonctionnement (classe 7);74881;4.18;Participation des familles au titre de la restauration et de l'hébergement scolaires
Communes (y.c. Paris);recettes de fonctionnement (classe 7);748372;3.96;Dotation politique de la ville (DPV)
Communes (y.c. Paris);recettes de fonctionnement (classe 7);74751;3.38;GFP de rattachement
Communes (y.c. Paris);recettes de fonctionnement (classe 7);70631;3.31;A caractère sportif
Communes (y.c. Paris);recettes de fonctionnement (classe 7);755;3.24;Dédits et pénalités perçus
Communes (y.c. Paris);recettes de fonctionnement (classe 7);773;3.14;Mandats annulés (sur exercices antérieurs) ou atteints par la déchéance quadriennale
Communes (y.c. Paris);recettes de fonctionnement (classe 7);70844;3.03;à la caisse des écoles
Communes (y.c. Paris);recettes de fonctionnement (classe 7);74784;2.9;CCAS et caisses des écoles
Communes (y.c. Paris);recettes de fonctionnement (classe 7);7088;2.78;Autres produits d'activités annexes (abonnements et vente d'ouvrages…)
Communes (y.c. Paris);recettes de fonctionnement (classe 7);747818;2.75;Autres
Communes (y.c. Paris);recettes de fonctionnement (classe 7);70874;2.48;par la caisse des écoles
Communes (y.c. Paris);recettes de fonctionnement (classe 7);73211;2.22;Attribution de compensation
Communes (y.c. Paris);recettes de fonctionnement (classe 7);7472;2.12;Régions
Communes (y.c. Paris);recettes de fonctionnement (classe 7);708721;1.86;non dotés de la personnalité morale
Communes (y.c. Paris);recettes de fonctionnement (classe 7);775;1.8;Produits des cessions d'immobilisations
Communes (y.c. Paris);recettes de fonctionnement (classe 7);70843;1.43;au CCAS/CIAS
Communes (y.c. Paris);recettes de fonctionnement (classe 7);70388;1.24;Autres redevances et recettes diverses
Communes (y.c. Paris);recettes de fonctionnement (classe 7);7078;1.23;Autres marchandises
Communes (y.c. Paris);recettes de fonctionnement (classe 7);741121;0.97;Dotation de solidarité rurale (DSR) des communes
Communes (y.c. Paris);recettes de fonctionnement (classe 7);70323;0.89;Redevance d'occupation du domaine public
Communes (y.c. Paris);recettes de fonctionnement (classe 7);75738;0.88;Autres
Communes (y.c. Paris);recettes de fonctionnement (classe 7);74778;0.82;Autres fonds européens
Communes (y.c. Paris);recettes de fonctionnement (classe 7);757351;0.8;GFP de rattachement
Communes (y.c. Paris);recettes de fonctionnement (classe 7);74758;0.74;Autres groupements
Communes (y.c. Paris);recettes de fonctionnement (classe 7);748388;0.52;Autres
Communes (y.c. Paris);recettes de fonctionnement (classe 7);74111;0.51;Dotation forfaitaire des communes
Communes (y.c. Paris);recettes de fonctionnement (classe 7);73212;0.41;Dotation de solidarité communautaire
Communes (y.c. Paris);recettes de fonctionnement (classe 7);74681;0.34;DGD
Communes (y.c. Paris);recettes de fonctionnement (classe 7);70845;0.26;aux communes membres du GFP
Communes (y.c. Paris);recettes de fonctionnement (classe 7);743;0.24;Dotation spéciale au titre des instituteurs (DSI)
Communes (y.c. Paris);recettes de fonctionnement (classe 7);7081;0.23;Produits des services exploités dans l'intérêt du personnel
Communes (y.c. Paris);recettes de fonctionnement (classe 7);7062;0.22;Redevances et droits des services à caractère culturel
Communes (y.c. Paris);recettes de fonctionnement (classe 7);7478211;0.22;État
Communes (y.c. Paris);recettes de fonctionnement (classe 7);70685;0.19;Interventions soumises à facturation (article L 1424-42 du CGCT)
Communes (y.c. Paris);recettes de fonctionnement (classe 7);73174;0.18;Taxe locale sur la publicité extérieure
Communes (y.c. Paris);recettes de fonctionnement (classe 7);756;0.17;Libéralités reçues
Communes (y.c. Paris);recettes de fonctionnement (classe 7);748373;0.16;Dotation de soutien à l'investissement local (DSIL)
Communes (y.c. Paris);recettes de fonctionnement (classe 7);708722;0.15;dotés de la personnalité morale
Communes (y.c. Paris);recettes de fonctionnement (classe 7);732221;0.14;Fonds de péréquation des ressources communales et intercommunales
Communes (y.c. Paris);recettes de fonctionnement (classe 7);747882;0.13;Contributions pour personnel privé d'emploi
Communes (y.c. Paris);recettes de fonctionnement (classe 7);757368;0.13;Autres
Communes (y.c. Paris);recettes de fonctionnement (classe 7);73141;0.12;Accise sur l'électricité
Communes (y.c. Paris);recettes de fonctionnement (classe 7);74771;0.12;Fonds social européen
Communes (y.c. Paris);recettes de fonctionnement (classe 7);7083;0.1;Locations diverses (autres qu'immeubles)
Communes (y.c. Paris);recettes de fonctionnement (classe 7);73123;0.1;Taxe communale additionnelle aux droits de mutation ou à la taxe de publicité foncière
Communes (y.c. Paris);recettes de fonctionnement (classe 7);7574;0.1;Subventions de fonctionnement des personnes, associations et autres organismes privés
Communes (y.c. Paris);recettes de fonctionnement (classe 7);74833;0.08;État - Compensation au titre des exonérations de taxes foncières
Communes (y.c. Paris);recettes de fonctionnement (classe 7);7573621;0.08;non dotés de la personnalité morale
Communes (y.c. Paris);recettes de fonctionnement (classe 7);706881;0.07;Cotisations obligatoires
Communes (y.c. Paris);recettes de fonctionnement (classe 7);74772;0.07;FEDER
Communes (y.c. Paris);recettes de fonctionnement (classe 7);7478;0.07;Autres organismes
Communes (y.c. Paris);recettes de fonctionnement (classe 7);7485;0.07;Dotation pour les titres sécurisés
Communes (y.c. Paris);recettes de fonctionnement (classe 7);7621;0.07;Produits des autres immobilisations financières - Encaissés à l'échéance
Communes (y.c. Paris);recettes de fonctionnement (classe 7);731732;0.06;Prélèvement sur les produits des jeux
Communes (y.c. Paris);recettes de fonctionnement (classe 7);7478228;0.06;Autres personnes privées
Communes (y.c. Paris);recettes de fonctionnement (classe 7);757341;0.06;Communes membres du GFP
Communes (y.c. Paris);recettes de fonctionnement (classe 7);764;0.06;Revenus des valeurs mobilières de placement
Communes (y.c. Paris);recettes de fonctionnement (classe 7);708422;0.05;dotés de la personnalité morale
Communes (y.c. Paris);recettes de fonctionnement (classe 7);70871;0.05;par la collectivité de rattachement
Communes (y.c. Paris);recettes de fonctionnement (classe 7);74612;0.05;Régularisation de l'exercice
Communes (y.c. Paris);recettes de fonctionnement (classe 7);74713;0.05;Fonds d'appui aux politiques d'insertion
Communes (y.c. Paris);recettes de fonctionnement (classe 7);73223;0.04;Fonds départemental des DMTO pour les communes de moins de 5 000 habitants
Communes (y.c. Paris);recettes de fonctionnement (classe 7);744;0.04;FCTVA
Communes (y.c. Paris);recettes de fonctionnement (classe 7);74712;0.04;Emplois d'avenir
Communes (y.c. Paris);recettes de fonctionnement (classe 7);7478221;0.04;Organismes d'assurance maladie
Communes (y.c. Paris);recettes de fonctionnement (classe 7);70321;0.03;Droits de stationnement et de location sur la voie publique
Communes (y.c. Paris);recettes de fonctionnement (classe 7);70328;0.03;Autres droits de stationnement et de location
Communes (y.c. Paris);recettes de fonctionnement (classe 7);705;0.03;Études
Communes (y.c. Paris);recettes de fonctionnement (classe 7);73221;0.03;FNGIR
Communes (y.c. Paris);recettes de fonctionnement (classe 7);7328;0.03;Autres fiscalités reversées
Communes (y.c. Paris);recettes de fonctionnement (classe 7);741127;0.03;Dotation nationale de péréquation (DNP) des communes
Communes (y.c. Paris);recettes de fonctionnement (classe 7);7478214;0.03;Communes et structures intercommunales
Communes (y.c. Paris);recettes de fonctionnement (classe 7);7478223;0.03;Organismes régis par le Code de la mutualité
Communes (y.c. Paris);recettes de fonctionnement (classe 7);7511;0.03;Recouvrements sur départements et autres collectivités publiques
Communes (y.c. Paris);recettes de fonctionnement (classe 7);75811;0.03;Redevances pour concessions, brevets, licences, marques, procédés, logiciels, droits et valeurs similaires
Communes (y.c. Paris);recettes de fonctionnement (classe 7);7584;0.03;Recouvrement sur créances admises en non valeur
Communes (y.c. Paris);recettes de fonctionnement (classe 7);7688;0.03;Autres
Communes (y.c. Paris);recettes de fonctionnement (classe 7);7815;0.03;Reprises sur provisions pour risques et charges de fonctionnement courant
Communes (y.c. Paris);recettes de fonctionnement (classe 7);73154;0.02;Droits de place
Communes (y.c. Paris);recettes de fonctionnement (classe 7);7453;0.02;Dotations Primes employeurs apprentis
Communes (y.c. Paris);recettes de fonctionnement (classe 7);74711;0.02;Emplois-jeunes
Communes (y.c. Paris);recettes de fonctionnement (classe 7);74783;0.02;Fonds de mobilisation départemental pour l'insertion
Communes (y.c. Paris);recettes de fonctionnement (classe 7);75821;0.02;Excédent des budgets annexes à caractère administratif
Communes (y.c. Paris);recettes de fonctionnement (classe 7);75882;0.02;Reprise réserve - Surplus de DMTO
Communes (y.c. Paris);recettes de fonctionnement (classe 7);7013;0.01;Vente de produits résiduels
Communes (y.c. Paris);recettes de fonctionnement (classe 7);70311;0.01;Concession dans les cimetières (produit net)
Communes (y.c. Paris);recettes de fonctionnement (classe 7);73118;0.01;Autres contributions directes
Communes (y.c. Paris);recettes de fonctionnement (classe 7);74752;0.01;Recettes liées au fonds de compensation des charges territoriales
Communes (y.c. Paris);recettes de fonctionnement (classe 7);7478212;0.01;Régions
Communes (y.c. Paris);recettes de fonctionnement (classe 7);7478213;0.01;Départements
Communes (y.c. Paris);recettes de fonctionnement (classe 7);7478218;0.01;Autres groupements de collectivités et collectivités à statut particulier
Communes (y.c. Paris);recettes de fonctionnement (classe 7);74836;0.01;Attribution du fonds départemental de péréquation de la taxe professionnelle
Communes (y.c. Paris);recettes de fonctionnement (classe 7);7484;0.01;Dotation de recensement
Communes (y.c. Paris);recettes de fonctionnement (classe 7);757348;0.01;Autres communes
Communes (y.c. Paris);recettes de fonctionnement (classe 7);757363;0.01;CCAS/CIAS
Communes (y.c. Paris);recettes de fonctionnement (classe 7);75883;0.01;Excédents sur opérations de gestion
Communes (y.c. Paris);recettes de fonctionnement (classe 7);7021;0.0;Ventes de récoltes
Communes (y.c. Paris);recettes de fonctionnement (classe 7);7022;0.0;Coupes de bois
Communes (y.c. Paris);recettes de fonctionnement (classe 7);7028;0.0;Autres produits
Communes (y.c. Paris);recettes de fonctionnement (classe 7);7035;0.0;Locations de droits de chasse et de pêche
Communes (y.c. Paris);recettes de fonctionnement (classe 7);7037;0.0;Contribution pour dégradation des voies et chemins
Communes (y.c. Paris);recettes de fonctionnement (classe 7);70383;0.0;Redevance de stationnement
Communes (y.c. Paris);recettes de fonctionnement (classe 7);704;0.0;Travaux
Communes (y.c. Paris);recettes de fonctionnement (classe 7);70611;0.0;Redevance d'enlèvement des ordures ménagères
Communes (y.c. Paris);recettes de fonctionnement (classe 7);70619;-0.0;Reversements sur redevances d'enlèvement des ordures et des déchets
Communes (y.c. Paris);recettes de fonctionnement (classe 7);70641;0.0;Taxes d'analyse
Communes (y.c. Paris);recettes de fonctionnement (classe 7);706811;0.0;Redevance d'assainissement collectif
Communes (y.c. Paris);recettes de fonctionnement (classe 7);70682;0.0;Location de compteurs
Communes (y.c. Paris);recettes de fonctionnement (classe 7);706884;0.0;Produits au titre de la gestion des contrats d'assurances
Communes (y.c. Paris);recettes de fonctionnement (classe 7);7071;0.0;Compteurs
Communes (y.c. Paris);recettes de fonctionnement (classe 7);7082;0.0;Commissions
Communes (y.c. Paris);recettes de fonctionnement (classe 7);709;-0.0;Rabais, remises et ristournes accordés
Communes (y.c. Paris);recettes de fonctionnement (classe 7);722;0.0;Immobilisations corporelles
Communes (y.c. Paris);recettes de fonctionnement (classe 7);73128;0.0;Autres droits d'enregistrement
Communes (y.c. Paris);recettes de fonctionnement (classe 7);73133;0.0;Taxe d'enlèvement des ordures ménagères et assimilées
Communes (y.c. Paris);recettes de fonctionnement (classe 7);73143;0.0;Redevance des mines
Communes (y.c. Paris);recettes de fonctionnement (classe 7);73156;0.0;Versement mobilité
Communes (y.c. Paris);recettes de fonctionnement (classe 7);731721;0.0;Taxe de séjour
Communes (y.c. Paris);recettes de fonctionnement (classe 7);7318;0.0;Autres
Communes (y.c. Paris);recettes de fonctionnement (classe 7);739115;0.0;Prélèvements au titre de la contribution pour le redressement des finances publiques
Communes (y.c. Paris);recettes de fonctionnement (classe 7);74119;-0.0;Reversement sur DGF
Communes (y.c. Paris);recettes de fonctionnement (classe 7);74131;0.0;Dotation forfaitaire des régions
Communes (y.c. Paris);recettes de fonctionnement (classe 7);742;0.0;Dotations aux élus locaux
Communes (y.c. Paris);recettes de fonctionnement (classe 7);7458;0.0;Autres
Communes (y.c. Paris);recettes de fonctionnement (classe 7);74621;0.0;DGD
Communes (y.c. Paris);recettes de fonctionnement (classe 7);747811;0.0;Dotation versée au titre de l'APA
Communes (y.c. Paris);recettes de fonctionnement (classe 7);747813;0.0;Dotation versée au titre des MDPH
Communes (y.c. Paris);recettes de fonctionnement (classe 7);7482;0.0;Compensation pour perte de taxe additionnelle aux droits d'enregistrement ou la taxe de publicité foncière
Communes (y.c. Paris);recettes de fonctionnement (classe 7);74834;0.0;État - Compensation au titre des exonérations de taxe d'habitation
Communes (y.c. Paris);recettes de fonctionnement (classe 7);748371;0.0;Dotation d'équipement des territoires ruraux (DETR)
Communes (y.c. Paris);recettes de fonctionnement (classe 7);757358;0.0;Autres groupements
Communes (y.c. Paris);recettes de fonctionnement (classe 7);75814;0.0;Redevance sur l'énergie hydraulique
Communes (y.c. Paris);recettes de fonctionnement (classe 7);761;0.0;Produits de participations
Communes (y.c. Paris);recettes de fonctionnement (classe 7);76232;0.0;par le GFP de rattachement
Communes (y.c. Paris);recettes de fonctionnement (classe 7);765;0.0;Escomptes obtenus
Communes (y.c. Paris);recettes de fonctionnement (classe 7);767;0.0;Produits nets sur cessions de valeurs mobilières de placement
Communes (y.c. Paris);recettes de fonctionnement (classe 7);7718;0.0;
Communes (y.c. Paris);recettes de fonctionnement (classe 7);7761;0.0;Différences sur réalisations (négatives) reprises au compte de résultat
Communes (y.c. Paris);recettes de fonctionnement (classe 7);777;0.0;Recettes et quote-part des subventions d'investissement transférées au compte de résultat
Communes (y.c. Paris);recettes de fonctionnement (classe 7);7811;0.0;Reprises sur amortissements des immobilisations incorporelles et corporelles
Communes (y.c. Paris);recettes de fonctionnement (classe 7);7817;0.0;Reprises sur dépréciations des actifs circulants
Communes (y.c. Paris);recettes de fonctionnement (classe 7);708778;-0.01;autres frais
Communes (y.c. Paris);recettes de fonctionnement (classe 7);7391118;-0.01;Autres restitutions au titre des dégrèvements sur contributions directes
Communes (y.c. Paris);recettes de fonctionnement (classe 7);7398;-0.01;Reversements, restitutions et prélèvements divers
Communes (y.c. Paris);recettes de fonctionnement (classe 7);7498;-0.01;Autres reversements sur dotations et participations
Communes (y.c. Paris);recettes de fonctionnement (classe 7);7391112;-0.02;Dégrèvement de taxe d'habitation sur les logements vacants
Communes (y.c. Paris);recettes de fonctionnement (classe 7);739211;-0.02;Attribution de compensation
Communes (y.c. Paris);recettes de fonctionnement (classe 7);739221;-0.02;FNGIR
Communes (y.c. Paris);recettes de fonctionnement (classe 7);739218;-0.03;Autres prélèvements pour reversements de fiscalité entre collectivités locales
Communes (y.c. Paris);recettes de fonctionnement (classe 7);7392221;-0.06;Fonds de péréquation des ressources communales et intercommunales
Communes (y.c. Paris);subventions d'investissement reçues (13);1321;210.6;État et établissements nationaux
Communes (y.c. Paris);subventions d'investissement reçues (13);1323;115.66;Départements
Communes (y.c. Paris);subventions d'investissement reçues (13);13251;76.31;GFP de rattachement
Communes (y.c. Paris);subventions d'investissement reçues (13);1322;63.57;Régions
Communes (y.c. Paris);subventions d'investissement reçues (13);1328;49.73;Autres
Communes (y.c. Paris);subventions d'investissement reçues (13);13462;36.24;Dotation de soutien à l'investissement local
Communes (y.c. Paris);subventions d'investissement reçues (13);1311;29.86;État et établissements nationaux
Communes (y.c. Paris);subventions d'investissement reçues (13);13461;21.99;Dotation d'équipement des territoires ruraux
Communes (y.c. Paris);subventions d'investissement reçues (13);13272;19.64;FEDER
Communes (y.c. Paris);subventions d'investissement reçues (13);1348;12.32;Autres
Communes (y.c. Paris);subventions d'investissement reçues (13);1313;10.53;Départements
Communes (y.c. Paris);subventions d'investissement reçues (13);133121;5.77;Dotation départementale d'équipement des collèges
Communes (y.c. Paris);subventions d'investissement reçues (13);1326;5.34;Autres établissements publics locaux
Communes (y.c. Paris);subventions d'investissement reçues (13);13151;4.12;GFP de rattachement
Communes (y.c. Paris);subventions d'investissement reçues (13);13258;3.75;Autres groupements
Communes (y.c. Paris);subventions d'investissement reçues (13);1312;3.72;Régions
Communes (y.c. Paris);subventions d'investissement reçues (13);1388;2.87;Autres
Communes (y.c. Paris);subventions d'investissement reçues (13);1318;2.42;Autres
Communes (y.c. Paris);subventions d'investissement reçues (13);13246;1.9;Attributions de compensation d'investissement
Communes (y.c. Paris);subventions d'investissement reçues (13);1316;1.85;Autres établissements publics locaux
Communes (y.c. Paris);subventions d'investissement reçues (13);13361;1.77;Dotation d'équipement des territoires ruraux
Communes (y.c. Paris);subventions d'investissement reçues (13);13362;1.62;Dotation de soutien à l'investissement local
Communes (y.c. Paris);subventions d'investissement reçues (13);13872;1.31;FEDER
Communes (y.c. Paris);subventions d'investissement reçues (13);1381;1.18;État et établissements nationaux
Communes (y.c. Paris);subventions d'investissement reçues (13);13241;1.1;Communes membres du GFP
Communes (y.c. Paris);subventions d'investissement reçues (13);13273;0.74;FEADER
Communes (y.c. Paris);subventions d'investissement reçues (13);1383;0.72;Départements
Communes (y.c. Paris);subventions d'investissement reçues (13);13248;0.38;Autres communes
Communes (y.c. Paris);subventions d'investissement reçues (13);1338;0.38;Autres
Communes (y.c. Paris);subventions d'investissement reçues (13);13278;0.27;Autres fonds européens
Communes (y.c. Paris);subventions d'investissement reçues (13);13413;0.27;Dotation de soutien à l'investissement des départements
Communes (y.c. Paris);subventions d'investissement reçues (13);1385;0.22;Groupements de collectivités et collectivités à statut particulier
Communes (y.c. Paris);subventions d'investissement reçues (13);13172;0.17;FEDER
Communes (y.c. Paris);subventions d'investissement reçues (13);1382;0.14;Régions
Communes (y.c. Paris);subventions d'investissement reçues (13);13142;0.08;Collectivité de rattachement
Communes (y.c. Paris);subventions d'investissement reçues (13);13158;0.07;Autres groupements
Communes (y.c. Paris);subventions d'investissement reçues (13);13411;0.06;DGE
Communes (y.c. Paris);subventions d'investissement reçues (13);13141;0.05;Communes membres du GFP
Communes (y.c. Paris);subventions d'investissement reçues (13);13148;0.05;Autres communes
Communes (y.c. Paris);subventions d'investissement reçues (13);133123;0.03;Dotation globale de construction et d'équipement scolaire (COM)
Communes (y.c. Paris);subventions d'investissement reçues (13);1347;0.03;Fonds régional pour le développement et l'emploi (outre-mer)
Communes (y.c. Paris);subventions d'investissement reçues (13);1384;0.03;Communes
Communes (y.c. Paris);subventions d'investissement reçues (13);133122;0.02;Dotation régionale d'équipement scolaire
Communes (y.c. Paris);subventions d'investissement reçues (13);1345;0.02;Amendes de radars automatiques et amendes de police
Communes (y.c. Paris);subventions d'investissement reçues (13);1386;0.02;Autres établissements publics locaux
Communes (y.c. Paris);subventions d'investissement reçues (13);13256;0.01;Attributions de compensation d'investissement
Communes (y.c. Paris);subventions d'investissement reçues (13);13911;0.0;
Communes (y.c. Paris);subventions d'investissement reçues (13);13912;0.0;
Communes (y.c. Paris);subventions d'investissement reçues (13);13913;0.0;
Communes (y.c. Paris);subventions d'investissement reçues (13);139141;0.0;
Communes (y.c. Paris);subventions d'investissement reçues (13);139148;0.0;
Communes (y.c. Paris);subventions d'investissement reçues (13);139151;0.0;
Communes (y.c. Paris);subventions d'investissement reçues (13);139158;0.0;
Communes (y.c. Paris);subventions d'investissement reçues (13);13916;0.0;
Communes (y.c. Paris);subventions d'investissement reçues (13);139178;0.0;
Communes (y.c. Paris);subventions d'investissement reçues (13);13918;0.0;
Communes (y.c. Paris);subventions d'investissement reçues (13);13935;0.0;
Communes (y.c. Paris);subventions d'investissement reçues (13);139361;0.0;
Communes (y.c. Paris);subventions d'investissement reçues (13);139362;0.0;
Communes (y.c. Paris);subventions d'investissement reçues (13);13937;0.0;
Communes (y.c. Paris);subventions d'investissement reçues (13);13938;0.0;
Départements;recettes de fonctionnement (classe 7);74881;136.79;Participation des familles au titre de la restauration et de l'hébergement scolaires
Départements;recettes de fonctionnement (classe 7);74758;17.59;Autres groupements
Départements;recettes de fonctionnement (classe 7);70878;14.55;par des tiers
Départements;recettes de fonctionnement (classe 7);75888;13.56;Autres
Départements;recettes de fonctionnement (classe 7);74888;10.93;Autres
Départements;recettes de fonctionnement (classe 7);731421;10.03;TICPE - LRL
Départements;recettes de fonctionnement (classe 7);7473;8.78;Départements
Départements;recettes de fonctionnement (classe 7);706888;8.36;Autres
Départements;recettes de fonctionnement (classe 7);7472;7.78;Régions
Départements;recettes de fonctionnement (classe 7);708421;7.46;non dotés de la personnalité morale
Départements;recettes de fonctionnement (classe 7);755;4.42;Dédits et pénalités perçus
Départements;recettes de fonctionnement (classe 7);747888;3.95;Autres
Départements;recettes de fonctionnement (classe 7);7067;3.52;Redevances et droits des services périscolaires et d'enseignement
Départements;recettes de fonctionnement (classe 7);7088;2.9;Autres produits d'activités annexes (abonnements et vente d'ouvrages…)
Départements;recettes de fonctionnement (classe 7);7018;2.41;Autres ventes de produits finis
Départements;recettes de fonctionnement (classe 7);74718;2.2;Autres
Départements;recettes de fonctionnement (classe 7);773;1.66;Mandats annulés (sur exercices antérieurs) ou atteints par la déchéance quadriennale
Départements;recettes de fonctionnement (classe 7);752;1.28;Revenus des immeubles
Départements;recettes de fonctionnement (classe 7);74752;1.27;Recettes liées au fonds de compensation des charges territoriales
Départements;recettes de fonctionnement (classe 7);74748;1.08;Autres communes
Départements;recettes de fonctionnement (classe 7);7068;0.87;Autres redevances et droits
Départements;recettes de fonctionnement (classe 7);761;0.8;Produits de participations
Départements;recettes de fonctionnement (classe 7);708721;0.79;non dotés de la personnalité morale
Départements;recettes de fonctionnement (classe 7);70388;0.63;Autres redevances et recettes diverses
Départements;recettes de fonctionnement (classe 7);70848;0.38;aux autres organismes
Départements;recettes de fonctionnement (classe 7);74771;0.38;Fonds social européen
Départements;recettes de fonctionnement (classe 7);74773;0.27;FEADER
Départements;recettes de fonctionnement (classe 7);74778;0.26;Autres fonds européens
Départements;recettes de fonctionnement (classe 7);7711;0.21;
Départements;recettes de fonctionnement (classe 7);775;0.21;Produits des cessions d'immobilisations
Départements;recettes de fonctionnement (classe 7);70323;0.14;Redevance d'occupation du domaine public
Départements;recettes de fonctionnement (classe 7);704;0.08;Travaux
Départements;recettes de fonctionnement (classe 7);70328;0.07;Autres droits de stationnement et de location
Départements;recettes de fonctionnement (classe 7);74713;0.05;Fonds d'appui aux politiques d'insertion
Départements;recettes de fonctionnement (classe 7);731773;0.04;Frais de gestion des ressources pour la formation professionnelle et l'apprentissage
Départements;recettes de fonctionnement (classe 7);7788;0.04;
Départements;recettes de fonctionnement (classe 7);70875;0.03;par les communes membres du GFP
Départements;recettes de fonctionnement (classe 7);757363;0.02;CCAS/CIAS
Départements;recettes de fonctionnement (classe 7);75738;0.02;Autres
Départements;recettes de fonctionnement (classe 7);75813;0.02;Redevances versées par les fermiers et concessionnaires
Départements;recettes de fonctionnement (classe 7);7588;0.02;Autres produits divers de gestion courante
Départements;recettes de fonctionnement (classe 7);74741;0.01;Communes membres du GFP
Départements;recettes de fonctionnement (classe 7);7513;0.01;Recouvrements sur bénéficiaire, tiers-payants et successions
Départements;recettes de fonctionnement (classe 7);7688;0.01;Autres
Départements;recettes de fonctionnement (classe 7);7078;0.0;Autres marchandises
Départements;recettes de fonctionnement (classe 7);7081;0.0;Produits des services exploités dans l'intérêt du personnel
Départements;recettes de fonctionnement (classe 7);7498;0.0;Autres reversements sur dotations et participations
Départements;recettes de fonctionnement (classe 7);7518;0.0;Recouvrements sur autres redevables
Départements;recettes de fonctionnement (classe 7);764;0.0;Revenus des valeurs mobilières de placement
Départements;recettes de fonctionnement (classe 7);739218;-0.66;Autres prélèvements pour reversements de fiscalité entre collectivités locales
Départements;subventions d'investissement reçues (13);133121;274.91;Dotation départementale d'équipement des collèges
Départements;subventions d'investissement reçues (13);13313;44.15;Dotation de soutien à l'investissement des départements
Départements;subventions d'investissement reçues (13);1311;39.75;État et établissements nationaux
Départements;subventions d'investissement reçues (13);1332;15.98;
Départements;subventions d'investissement reçues (13);13172;10.86;FEDER
Départements;subventions d'investissement reçues (13);1312;7.9;Régions
Départements;subventions d'investissement reçues (13);1338;3.54;Autres
Départements;subventions d'investissement reçues (13);1328;2.74;Autres
Départements;subventions d'investissement reçues (13);13148;2.72;Autres communes
Départements;subventions d'investissement reçues (13);1336;2.61;Fonds communaux et intercommunaux
Départements;subventions d'investissement reçues (13);1318;1.42;Autres
Départements;subventions d'investissement reçues (13);13158;1.28;Autres groupements
Départements;subventions d'investissement reçues (13);13413;1.22;Dotation de soutien à l'investissement des départements
Départements;subventions d'investissement reçues (13);1322;0.75;Régions
Départements;subventions d'investissement reçues (13);1321;0.74;État et établissements nationaux
Départements;subventions d'investissement reçues (13);13272;0.49;FEDER
Départements;subventions d'investissement reçues (13);13258;0.48;Autres groupements
Départements;subventions d'investissement reçues (13);1316;0.41;Autres établissements publics locaux
Départements;subventions d'investissement reçues (13);13248;0.34;Autres communes
Départements;subventions d'investissement reçues (13);13151;0.19;GFP de rattachement
Départements;subventions d'investissement reçues (13);13141;0.1;Communes membres du GFP
Départements;subventions d'investissement reçues (13);1313;0.09;Départements
Départements;subventions d'investissement reçues (13);1326;0.08;Autres établissements publics locaux
Départements;subventions d'investissement reçues (13);1323;0.06;Départements
Départements;subventions d'investissement reçues (13);13178;0.03;Autres fonds européens
Départements;subventions d'investissement reçues (13);1388;0.01;Autres
GFP (y.c. Métropole de Lyon, EPT);recettes de fonctionnement (classe 7);7067;103.22;Redevances et droits des services périscolaires et d'enseignement
GFP (y.c. Métropole de Lyon, EPT);recettes de fonctionnement (classe 7);70845;37.28;aux communes membres du GFP
GFP (y.c. Métropole de Lyon, EPT);recettes de fonctionnement (classe 7);747888;20.59;Autres
GFP (y.c. Métropole de Lyon, EPT);recettes de fonctionnement (classe 7);7066;7.51;Redevances et droits des services à caractère social
GFP (y.c. Métropole de Lyon, EPT);recettes de fonctionnement (classe 7);70875;5.85;par les communes membres du GFP
GFP (y.c. Métropole de Lyon, EPT);recettes de fonctionnement (classe 7);70878;5.6;par des tiers
GFP (y.c. Métropole de Lyon, EPT);recettes de fonctionnement (classe 7);7478222;5.02;Caisses d'allocations familiales
GFP (y.c. Métropole de Lyon, EPT);recettes de fonctionnement (classe 7);74718;3.52;Autres
GFP (y.c. Métropole de Lyon, EPT);recettes de fonctionnement (classe 7);74888;3.34;Autres
GFP (y.c. Métropole de Lyon, EPT);recettes de fonctionnement (classe 7);708421;3.17;non dotés de la personnalité morale
GFP (y.c. Métropole de Lyon, EPT);recettes de fonctionnement (classe 7);7865;2.22;Reprises sur provisions pour risques et charges financiers
GFP (y.c. Métropole de Lyon, EPT);recettes de fonctionnement (classe 7);70848;2.11;aux autres organismes
GFP (y.c. Métropole de Lyon, EPT);recettes de fonctionnement (classe 7);706888;1.96;Autres
GFP (y.c. Métropole de Lyon, EPT);recettes de fonctionnement (classe 7);75888;1.76;Autres
GFP (y.c. Métropole de Lyon, EPT);recettes de fonctionnement (classe 7);7472;1.72;Régions
GFP (y.c. Métropole de Lyon, EPT);recettes de fonctionnement (classe 7);708422;1.43;dotés de la personnalité morale
GFP (y.c. Métropole de Lyon, EPT);recettes de fonctionnement (classe 7);7473;1.35;Départements
GFP (y.c. Métropole de Lyon, EPT);recettes de fonctionnement (classe 7);73111;1.23;Impôts directs locaux
GFP (y.c. Métropole de Lyon, EPT);recettes de fonctionnement (classe 7);7351;1.07;Fraction compensatoire de la TFPB et de la taxe d'habitation sur les résidences principales
GFP (y.c. Métropole de Lyon, EPT);recettes de fonctionnement (classe 7);70841;1.02;à la collectivité de rattachement
GFP (y.c. Métropole de Lyon, EPT);recettes de fonctionnement (classe 7);70632;1.01;A caractère de loisirs
GFP (y.c. Métropole de Lyon, EPT);recettes de fonctionnement (classe 7);74881;0.81;Participation des familles au titre de la restauration et de l'hébergement scolaires
GFP (y.c. Métropole de Lyon, EPT);recettes de fonctionnement (classe 7);708721;0.71;non dotés de la personnalité morale
GFP (y.c. Métropole de Lyon, EPT);recettes de fonctionnement (classe 7);732221;0.68;Fonds de péréquation des ressources communales et intercommunales
GFP (y.c. Métropole de Lyon, EPT);recettes de fonctionnement (classe 7);74748;0.64;Autres communes
GFP (y.c. Métropole de Lyon, EPT);recettes de fonctionnement (classe 7);761;0.64;Produits de participations
GFP (y.c. Métropole de Lyon, EPT);recettes de fonctionnement (classe 7);74741;0.6;Communes membres du GFP
GFP (y.c. Métropole de Lyon, EPT);recettes de fonctionnement (classe 7);773;0.57;Mandats annulés (sur exercices antérieurs) ou atteints par la déchéance quadriennale
GFP (y.c. Métropole de Lyon, EPT);recettes de fonctionnement (classe 7);73136;0.56;Taxe pour la gestion des milieux aquatiques et la prévention des inondations
GFP (y.c. Métropole de Lyon, EPT);recettes de fonctionnement (classe 7);7018;0.5;Autres ventes de produits finis
GFP (y.c. Métropole de Lyon, EPT);recettes de fonctionnement (classe 7);752;0.49;Revenus des immeubles
GFP (y.c. Métropole de Lyon, EPT);recettes de fonctionnement (classe 7);7478211;0.44;État
GFP (y.c. Métropole de Lyon, EPT);recettes de fonctionnement (classe 7);74758;0.4;Autres groupements
GFP (y.c. Métropole de Lyon, EPT);recettes de fonctionnement (classe 7);74832;0.38;État - Compensation au titre de la Contribution Économique Territoriale
GFP (y.c. Métropole de Lyon, EPT);recettes de fonctionnement (classe 7);747818;0.24;Autres
GFP (y.c. Métropole de Lyon, EPT);recettes de fonctionnement (classe 7);74611;0.23;DGD
GFP (y.c. Métropole de Lyon, EPT);recettes de fonctionnement (classe 7);75813;0.23;Redevances versées par les fermiers et concessionnaires
GFP (y.c. Métropole de Lyon, EPT);recettes de fonctionnement (classe 7);7352;0.2;Fraction compensatoire de la CVAE
GFP (y.c. Métropole de Lyon, EPT);recettes de fonctionnement (classe 7);70631;0.17;A caractère sportif
GFP (y.c. Métropole de Lyon, EPT);recettes de fonctionnement (classe 7);7062;0.16;Redevances et droits des services à caractère culturel
GFP (y.c. Métropole de Lyon, EPT);recettes de fonctionnement (classe 7);744;0.14;FCTVA
GFP (y.c. Métropole de Lyon, EPT);recettes de fonctionnement (classe 7);70843;0.13;au CCAS/CIAS
GFP (y.c. Métropole de Lyon, EPT);recettes de fonctionnement (classe 7);73113;0.13;Taxe sur les surfaces commerciales
GFP (y.c. Métropole de Lyon, EPT);recettes de fonctionnement (classe 7);73211;0.13;Attribution de compensation
GFP (y.c. Métropole de Lyon, EPT);recettes de fonctionnement (classe 7);755;0.13;Dédits et pénalités perçus
GFP (y.c. Métropole de Lyon, EPT);recettes de fonctionnement (classe 7);74778;0.12;Autres fonds européens
GFP (y.c. Métropole de Lyon, EPT);recettes de fonctionnement (classe 7);7476;0.11;Sécurité sociale et organismes mutualistes
GFP (y.c. Métropole de Lyon, EPT);recettes de fonctionnement (classe 7);757358;0.07;Autres groupements
GFP (y.c. Métropole de Lyon, EPT);recettes de fonctionnement (classe 7);70388;0.06;Autres redevances et recettes diverses
GFP (y.c. Métropole de Lyon, EPT);recettes de fonctionnement (classe 7);7574;0.05;Subventions de fonctionnement des personnes, associations et autres organismes privés
GFP (y.c. Métropole de Lyon, EPT);recettes de fonctionnement (classe 7);731721;0.04;Taxe de séjour
GFP (y.c. Métropole de Lyon, EPT);recettes de fonctionnement (classe 7);70871;0.03;par la collectivité de rattachement
GFP (y.c. Métropole de Lyon, EPT);recettes de fonctionnement (classe 7);70873;0.03;par le CCAS/CIAS
GFP (y.c. Métropole de Lyon, EPT);recettes de fonctionnement (classe 7);7088;0.03;Autres produits d'activités annexes (abonnements et vente d'ouvrages…)
GFP (y.c. Métropole de Lyon, EPT);recettes de fonctionnement (classe 7);7478223;0.03;Organismes régis par le Code de la mutualité
GFP (y.c. Métropole de Lyon, EPT);recettes de fonctionnement (classe 7);7478228;0.03;Autres personnes privées
GFP (y.c. Métropole de Lyon, EPT);recettes de fonctionnement (classe 7);74836;0.03;Attribution du fonds départemental de péréquation de la taxe professionnelle
GFP (y.c. Métropole de Lyon, EPT);recettes de fonctionnement (classe 7);76232;0.03;par le GFP de rattachement
GFP (y.c. Métropole de Lyon, EPT);recettes de fonctionnement (classe 7);7078;0.02;Autres marchandises
GFP (y.c. Métropole de Lyon, EPT);recettes de fonctionnement (classe 7);70874;0.02;par la caisse des écoles
GFP (y.c. Métropole de Lyon, EPT);recettes de fonctionnement (classe 7);70876;0.02;par le GFP de rattachement
GFP (y.c. Métropole de Lyon, EPT);recettes de fonctionnement (classe 7);74713;0.02;Fonds d'appui aux politiques d'insertion
GFP (y.c. Métropole de Lyon, EPT);recettes de fonctionnement (classe 7);75883;0.02;Excédents sur opérations de gestion
GFP (y.c. Métropole de Lyon, EPT);recettes de fonctionnement (classe 7);775;0.02;Produits des cessions d'immobilisations
GFP (y.c. Métropole de Lyon, EPT);recettes de fonctionnement (classe 7);70844;0.01;à la caisse des écoles
GFP (y.c. Métropole de Lyon, EPT);recettes de fonctionnement (classe 7);70846;0.01;au GFP de rattachement
GFP (y.c. Métropole de Lyon, EPT);recettes de fonctionnement (classe 7);73118;0.01;Autres contributions directes
GFP (y.c. Métropole de Lyon, EPT);recettes de fonctionnement (classe 7);741126;0.01;Dotation de compensation des EPCI
GFP (y.c. Métropole de Lyon, EPT);recettes de fonctionnement (classe 7);74712;0.01;Emplois d'avenir
GFP (y.c. Métropole de Lyon, EPT);recettes de fonctionnement (classe 7);7081;0.0;Produits des services exploités dans l'intérêt du personnel
GFP (y.c. Métropole de Lyon, EPT);recettes de fonctionnement (classe 7);7083;0.0;Locations diverses (autres qu'immeubles)
GFP (y.c. Métropole de Lyon, EPT);recettes de fonctionnement (classe 7);708722;0.0;dotés de la personnalité morale
GFP (y.c. Métropole de Lyon, EPT);recettes de fonctionnement (classe 7);708774;0.0;transfert de ressources du CNFPT
GFP (y.c. Métropole de Lyon, EPT);recettes de fonctionnement (classe 7);721;0.0;Immobilisations incorporelles
GFP (y.c. Métropole de Lyon, EPT);recettes de fonctionnement (classe 7);722;0.0;Immobilisations corporelles
GFP (y.c. Métropole de Lyon, EPT);recettes de fonctionnement (classe 7);73154;0.0;Droits de place
GFP (y.c. Métropole de Lyon, EPT);recettes de fonctionnement (classe 7);731722;0.0;Taxe additionnelle à la taxe de séjour
GFP (y.c. Métropole de Lyon, EPT);recettes de fonctionnement (classe 7);7358;0.0;Autres
GFP (y.c. Métropole de Lyon, EPT);recettes de fonctionnement (classe 7);7391118;-0.0;Autres restitutions au titre des dégrèvements sur contributions directes
GFP (y.c. Métropole de Lyon, EPT);recettes de fonctionnement (classe 7);7398;-0.0;Reversements, restitutions et prélèvements divers
GFP (y.c. Métropole de Lyon, EPT);recettes de fonctionnement (classe 7);743;0.0;Dotation spéciale au titre des instituteurs (DSI)
GFP (y.c. Métropole de Lyon, EPT);recettes de fonctionnement (classe 7);74711;0.0;Emplois-jeunes
GFP (y.c. Métropole de Lyon, EPT);recettes de fonctionnement (classe 7);74773;0.0;FEADER
GFP (y.c. Métropole de Lyon, EPT);recettes de fonctionnement (classe 7);747813;0.0;Dotation versée au titre des MDPH
GFP (y.c. Métropole de Lyon, EPT);recettes de fonctionnement (classe 7);7481;0.0;Attributions sur le versement représentatif d'impôt sur les cercles et maisons de jeux
GFP (y.c. Métropole de Lyon, EPT);recettes de fonctionnement (classe 7);748371;0.0;Dotation d'équipement des territoires ruraux (DETR)
GFP (y.c. Métropole de Lyon, EPT);recettes de fonctionnement (classe 7);748388;0.0;Autres
GFP (y.c. Métropole de Lyon, EPT);recettes de fonctionnement (classe 7);756;0.0;Libéralités reçues
GFP (y.c. Métropole de Lyon, EPT);recettes de fonctionnement (classe 7);757348;0.0;Autres communes
GFP (y.c. Métropole de Lyon, EPT);recettes de fonctionnement (classe 7);757351;0.0;GFP de rattachement
GFP (y.c. Métropole de Lyon, EPT);recettes de fonctionnement (classe 7);75738;0.0;Autres
GFP (y.c. Métropole de Lyon, EPT);recettes de fonctionnement (classe 7);7584;0.0;Recouvrement sur créances admises en non valeur
GFP (y.c. Métropole de Lyon, EPT);recettes de fonctionnement (classe 7);76231;0.0;par les communes membres du GFP
GFP (y.c. Métropole de Lyon, EPT);recettes de fonctionnement (classe 7);765;0.0;Escomptes obtenus
GFP (y.c. Métropole de Lyon, EPT);recettes de fonctionnement (classe 7);767;0.0;Produits nets sur cessions de valeurs mobilières de placement
GFP (y.c. Métropole de Lyon, EPT);recettes de fonctionnement (classe 7);7688;0.0;Autres
GFP (y.c. Métropole de Lyon, EPT);recettes de fonctionnement (classe 7);7761;0.0;Différences sur réalisations (négatives) reprises au compte de résultat
GFP (y.c. Métropole de Lyon, EPT);recettes de fonctionnement (classe 7);77681;0.0;Neutralisation des amortissements
GFP (y.c. Métropole de Lyon, EPT);recettes de fonctionnement (classe 7);777;0.0;Recettes et quote-part des subventions d'investissement transférées au compte de résultat
GFP (y.c. Métropole de Lyon, EPT);recettes de fonctionnement (classe 7);7811;0.0;Reprises sur amortissements des immobilisations incorporelles et corporelles
GFP (y.c. Métropole de Lyon, EPT);recettes de fonctionnement (classe 7);7817;0.0;Reprises sur dépréciations des actifs circulants
GFP (y.c. Métropole de Lyon, EPT);recettes de fonctionnement (classe 7);70619;-0.01;Reversements sur redevances d'enlèvement des ordures et des déchets
GFP (y.c. Métropole de Lyon, EPT);recettes de fonctionnement (classe 7);739221;-0.02;FNGIR
GFP (y.c. Métropole de Lyon, EPT);recettes de fonctionnement (classe 7);739158;-0.04;Autres
GFP (y.c. Métropole de Lyon, EPT);recettes de fonctionnement (classe 7);739211;-0.55;Attribution de compensation
GFP (y.c. Métropole de Lyon, EPT);subventions d'investissement reçues (13);1321;7.5;État et établissements nationaux
GFP (y.c. Métropole de Lyon, EPT);subventions d'investissement reçues (13);13461;5.51;Dotation d'équipement des territoires ruraux
GFP (y.c. Métropole de Lyon, EPT);subventions d'investissement reçues (13);133121;4.8;Dotation départementale d'équipement des collèges
GFP (y.c. Métropole de Lyon, EPT);subventions d'investissement reçues (13);1323;4.68;Départements
GFP (y.c. Métropole de Lyon, EPT);subventions d'investissement reçues (13);1328;4.57;Autres
GFP (y.c. Métropole de Lyon, EPT);subventions d'investissement reçues (13);1311;3.42;État et établissements nationaux
GFP (y.c. Métropole de Lyon, EPT);subventions d'investissement reçues (13);1322;3.08;Régions
GFP (y.c. Métropole de Lyon, EPT);subventions d'investissement reçues (13);13362;2.49;Dotation de soutien à l'investissement local
GFP (y.c. Métropole de Lyon, EPT);subventions d'investissement reçues (13);13462;2.37;Dotation de soutien à l'investissement local
GFP (y.c. Métropole de Lyon, EPT);subventions d'investissement reçues (13);13241;1.99;Communes membres du GFP
GFP (y.c. Métropole de Lyon, EPT);subventions d'investissement reçues (13);13361;1.93;Dotation d'équipement des territoires ruraux
GFP (y.c. Métropole de Lyon, EPT);subventions d'investissement reçues (13);13141;1.61;Communes membres du GFP
GFP (y.c. Métropole de Lyon, EPT);subventions d'investissement reçues (13);1313;1.42;Départements
GFP (y.c. Métropole de Lyon, EPT);subventions d'investissement reçues (13);1348;1.16;Autres
GFP (y.c. Métropole de Lyon, EPT);subventions d'investissement reçues (13);1318;0.82;Autres
GFP (y.c. Métropole de Lyon, EPT);subventions d'investissement reçues (13);13273;0.8;FEADER
GFP (y.c. Métropole de Lyon, EPT);subventions d'investissement reçues (13);1312;0.57;Régions
GFP (y.c. Métropole de Lyon, EPT);subventions d'investissement reçues (13);1326;0.47;Autres établissements publics locaux
GFP (y.c. Métropole de Lyon, EPT);subventions d'investissement reçues (13);13313;0.36;Dotation de soutien à l'investissement des départements
GFP (y.c. Métropole de Lyon, EPT);subventions d'investissement reçues (13);13173;0.17;FEADER
GFP (y.c. Métropole de Lyon, EPT);subventions d'investissement reçues (13);1388;0.05;Autres
GFP (y.c. Métropole de Lyon, EPT);subventions d'investissement reçues (13);13258;0.03;Autres groupements
GFP (y.c. Métropole de Lyon, EPT);subventions d'investissement reçues (13);13413;0.03;Dotation de soutien à l'investissement des départements
GFP (y.c. Métropole de Lyon, EPT);subventions d'investissement reçues (13);13178;0.02;Autres fonds européens
GFP (y.c. Métropole de Lyon, EPT);subventions d'investissement reçues (13);1338;0.02;Autres
GFP (y.c. Métropole de Lyon, EPT);subventions d'investissement reçues (13);13148;0.0;Autres communes
GFP (y.c. Métropole de Lyon, EPT);subventions d'investissement reçues (13);13911;0.0;
GFP (y.c. Métropole de Lyon, EPT);subventions d'investissement reçues (13);13912;0.0;
GFP (y.c. Métropole de Lyon, EPT);subventions d'investissement reçues (13);13913;0.0;
GFP (y.c. Métropole de Lyon, EPT);subventions d'investissement reçues (13);139141;0.0;
GFP (y.c. Métropole de Lyon, EPT);subventions d'investissement reçues (13);139148;0.0;
GFP (y.c. Métropole de Lyon, EPT);subventions d'investissement reçues (13);13918;0.0;
GFP (y.c. Métropole de Lyon, EPT);subventions d'investissement reçues (13);139361;0.0;
GFP (y.c. Métropole de Lyon, EPT);subventions d'investissement reçues (13);13938;0.0;
Régions et CTU;recettes de fonctionnement (classe 7);74881;145.69;Participation des familles au titre de la restauration et de l'hébergement scolaires
Régions et CTU;recettes de fonctionnement (classe 7);75888;36.63;Autres
Régions et CTU;recettes de fonctionnement (classe 7);74771;13.46;Fonds social européen
Régions et CTU;recettes de fonctionnement (classe 7);74631;11.97;DGD
Régions et CTU;recettes de fonctionnement (classe 7);7473;9.23;Départements
Régions et CTU;recettes de fonctionnement (classe 7);761;9.23;Produits de participations
Régions et CTU;recettes de fonctionnement (classe 7);70878;7.24;par des tiers
Régions et CTU;recettes de fonctionnement (classe 7);74718;3.78;Autres
Régions et CTU;recettes de fonctionnement (classe 7);74888;3.14;Autres
Régions et CTU;recettes de fonctionnement (classe 7);775;2.98;Produits des cessions d'immobilisations
Régions et CTU;recettes de fonctionnement (classe 7);7018;2.81;Autres ventes de produits finis
Régions et CTU;recettes de fonctionnement (classe 7);70323;1.3;Redevance d'occupation du domaine public
Régions et CTU;recettes de fonctionnement (classe 7);755;1.07;Dédits et pénalités perçus
Régions et CTU;recettes de fonctionnement (classe 7);7088;0.89;Autres produits d'activités annexes (abonnements et vente d'ouvrages…)
Régions et CTU;recettes de fonctionnement (classe 7);752;0.83;Revenus des immeubles
Régions et CTU;recettes de fonctionnement (classe 7);74758;0.69;Autres groupements
Régions et CTU;recettes de fonctionnement (classe 7);74772;0.6;FEDER
Régions et CTU;recettes de fonctionnement (classe 7);773;0.47;Mandats annulés (sur exercices antérieurs) ou atteints par la déchéance quadriennale
Régions et CTU;recettes de fonctionnement (classe 7);747888;0.22;Autres
Régions et CTU;recettes de fonctionnement (classe 7);75813;0.12;Redevances versées par les fermiers et concessionnaires
Régions et CTU;recettes de fonctionnement (classe 7);74748;0.11;Autres communes
Régions et CTU;recettes de fonctionnement (classe 7);70388;0.1;Autres redevances et recettes diverses
Régions et CTU;recettes de fonctionnement (classe 7);74778;0.07;Autres fonds européens
Régions et CTU;recettes de fonctionnement (classe 7);70848;0.04;aux autres organismes
Régions et CTU;recettes de fonctionnement (classe 7);75738;0.03;Autres
Régions et CTU;recettes de fonctionnement (classe 7);70322;0.0;Droits de stationnement et de location sur le domaine public portuaire et fluvial
Régions et CTU;recettes de fonctionnement (classe 7);7584;0.0;Recouvrement sur créances admises en non valeur
Régions et CTU;recettes de fonctionnement (classe 7);7688;0.0;Autres
Régions et CTU;subventions d'investissement reçues (13);133122;634.87;Dotation régionale d'équipement scolaire
Régions et CTU;subventions d'investissement reçues (13);1311;109.31;État et établissements nationaux
Régions et CTU;subventions d'investissement reçues (13);13172;23.47;FEDER
Régions et CTU;subventions d'investissement reçues (13);1313;11.82;Départements
Régions et CTU;subventions d'investissement reçues (13);1318;7.7;Autres
Régions et CTU;subventions d'investissement reçues (13);133121;4.52;Dotation départementale d'équipement des collèges
Régions et CTU;subventions d'investissement reçues (13);13313;0.61;Dotation de soutien à l'investissement des départements
Régions et CTU;subventions d'investissement reçues (13);13148;0.49;Autres communes
Régions et CTU;subventions d'investissement reçues (13);1316;0.18;Autres établissements publics locaux
Régions et CTU;subventions d'investissement reçues (13);13141;0.12;Communes membres du GFP
Régions et CTU;subventions d'investissement reçues (13);1321;0.09;État et établissements nationaux
Syndicats;recettes de fonctionnement (classe 7);7067;12.8;Redevances et droits des services périscolaires et d'enseignement
Syndicats;recettes de fonctionnement (classe 7);74741;10.32;Communes membres du GFP
Syndicats;recettes de fonctionnement (classe 7);74758;6.83;Autres groupements
Syndicats;recettes de fonctionnement (classe 7);74748;5.75;Autres communes
Syndicats;recettes de fonctionnement (classe 7);70878;2.29;par des tiers
Syndicats;recettes de fonctionnement (classe 7);706888;2.0;Autres
Syndicats;recettes de fonctionnement (classe 7);73111;1.3;Impôts directs locaux
Syndicats;recettes de fonctionnement (classe 7);708721;0.98;non dotés de la personnalité morale
Syndicats;recettes de fonctionnement (classe 7);7473;0.87;Départements
Syndicats;recettes de fonctionnement (classe 7);747888;0.73;Autres
Syndicats;recettes de fonctionnement (classe 7);7066;0.54;Redevances et droits des services à caractère social
Syndicats;recettes de fonctionnement (classe 7);74881;0.49;Participation des familles au titre de la restauration et de l'hébergement scolaires
Syndicats;recettes de fonctionnement (classe 7);74773;0.44;FEADER
Syndicats;recettes de fonctionnement (classe 7);7088;0.33;Autres produits d'activités annexes (abonnements et vente d'ouvrages…)
Syndicats;recettes de fonctionnement (classe 7);75888;0.26;Autres
Syndicats;recettes de fonctionnement (classe 7);7476;0.25;Sécurité sociale et organismes mutualistes
Syndicats;recettes de fonctionnement (classe 7);747818;0.23;Autres
Syndicats;recettes de fonctionnement (classe 7);75813;0.2;Redevances versées par les fermiers et concessionnaires
Syndicats;recettes de fonctionnement (classe 7);775;0.18;Produits des cessions d'immobilisations
Syndicats;recettes de fonctionnement (classe 7);70631;0.17;A caractère sportif
Syndicats;recettes de fonctionnement (classe 7);706881;0.17;Cotisations obligatoires
Syndicats;recettes de fonctionnement (classe 7);74784;0.15;CCAS et caisses des écoles
Syndicats;recettes de fonctionnement (classe 7);7018;0.12;Autres ventes de produits finis
Syndicats;recettes de fonctionnement (classe 7);74718;0.12;Autres
Syndicats;recettes de fonctionnement (classe 7);74888;0.12;Autres
Syndicats;recettes de fonctionnement (classe 7);70848;0.08;aux autres organismes
Syndicats;recettes de fonctionnement (classe 7);7472;0.08;Régions
Syndicats;recettes de fonctionnement (classe 7);7478222;0.07;Caisses d'allocations familiales
Syndicats;recettes de fonctionnement (classe 7);752;0.07;Revenus des immeubles
Syndicats;recettes de fonctionnement (classe 7);70388;0.03;Autres redevances et recettes diverses
Syndicats;recettes de fonctionnement (classe 7);74751;0.02;GFP de rattachement
Syndicats;recettes de fonctionnement (classe 7);75738;0.02;Autres
Syndicats;recettes de fonctionnement (classe 7);7083;0.01;Locations diverses (autres qu'immeubles)
Syndicats;recettes de fonctionnement (classe 7);70846;0.01;au GFP de rattachement
Syndicats;recettes de fonctionnement (classe 7);744;0.01;FCTVA
Syndicats;recettes de fonctionnement (classe 7);773;0.01;Mandats annulés (sur exercices antérieurs) ou atteints par la déchéance quadriennale
Syndicats;recettes de fonctionnement (classe 7);7817;0.01;Reprises sur dépréciations des actifs circulants
Syndicats;recettes de fonctionnement (classe 7);70612;0.0;Redevance spéciale d'enlèvement des ordures
Syndicats;recettes de fonctionnement (classe 7);70613;0.0;Abonnement ou redevance pour enlèvement des déchets industriels et commerciaux
Syndicats;recettes de fonctionnement (classe 7);7078;0.0;Autres marchandises
Syndicats;recettes de fonctionnement (classe 7);7081;0.0;Produits des services exploités dans l'intérêt du personnel
Syndicats;recettes de fonctionnement (classe 7);708722;0.0;dotés de la personnalité morale
Syndicats;recettes de fonctionnement (classe 7);73118;0.0;Autres contributions directes
Syndicats;recettes de fonctionnement (classe 7);73136;0.0;Taxe pour la gestion des milieux aquatiques et la prévention des inondations
Syndicats;recettes de fonctionnement (classe 7);731721;0.0;Taxe de séjour
Syndicats;recettes de fonctionnement (classe 7);731722;0.0;Taxe additionnelle à la taxe de séjour
Syndicats;recettes de fonctionnement (classe 7);738;0.0;Autres impôts et taxes
Syndicats;recettes de fonctionnement (classe 7);7398;0.0;Reversements, restitutions et prélèvements divers
Syndicats;recettes de fonctionnement (classe 7);7478223;0.0;Organismes régis par le Code de la mutualité
Syndicats;recettes de fonctionnement (classe 7);755;0.0;Dédits et pénalités perçus
Syndicats;recettes de fonctionnement (classe 7);756;0.0;Libéralités reçues
Syndicats;recettes de fonctionnement (classe 7);7584;0.0;Recouvrement sur créances admises en non valeur
Syndicats;recettes de fonctionnement (classe 7);75882;0.0;Reprise réserve - Surplus de DMTO
Syndicats;recettes de fonctionnement (classe 7);75883;0.0;Excédents sur opérations de gestion
Syndicats;recettes de fonctionnement (classe 7);777;0.0;Recettes et quote-part des subventions d'investissement transférées au compte de résultat
Syndicats;recettes de fonctionnement (classe 7);7815;0.0;Reprises sur provisions pour risques et charges de fonctionnement courant
Syndicats;subventions d'investissement reçues (13);13173;0.36;FEADER
Syndicats;subventions d'investissement reçues (13);1322;0.12;Régions
Syndicats;subventions d'investissement reçues (13);1313;0.07;Départements
Syndicats;subventions d'investissement reçues (13);1321;0.06;État et établissements nationaux
Syndicats;subventions d'investissement reçues (13);1312;0.05;Régions
Syndicats;subventions d'investissement reçues (13);1323;0.03;Départements
Syndicats;subventions d'investissement reçues (13);1311;0.02;État et établissements nationaux
Syndicats;subventions d'investissement reçues (13);13361;0.02;Dotation d'équipement des territoires ruraux
Syndicats;subventions d'investissement reçues (13);13461;0.02;Dotation d'équipement des territoires ruraux
Syndicats;subventions d'investissement reçues (13);1386;0.02;Autres établissements publics locaux
Syndicats;subventions d'investissement reçues (13);1318;0.01;Autres
Syndicats;subventions d'investissement reçues (13);1328;0.01;Autres
Syndicats;subventions d'investissement reçues (13);13911;0.0;
Syndicats;subventions d'investissement reçues (13);13912;0.0;
Syndicats;subventions d'investissement reçues (13);13913;0.0;
Syndicats;subventions d'investissement reçues (13);139141;0.0;
Syndicats;subventions d'investissement reçues (13);139158;0.0;
Syndicats;subventions d'investissement reçues (13);13918;0.0;
Syndicats;subventions d'investissement reçues (13);139361;0.0;
Établissements publics locaux;recettes de fonctionnement (classe 7);75738;6.0;Autres
Établissements publics locaux;recettes de fonctionnement (classe 7);74748;4.83;Autres communes
Établissements publics locaux;recettes de fonctionnement (classe 7);708421;4.07;non dotés de la personnalité morale
Établissements publics locaux;recettes de fonctionnement (classe 7);7018;3.31;Autres ventes de produits finis
Établissements publics locaux;recettes de fonctionnement (classe 7);74718;3.21;Autres
Établissements publics locaux;recettes de fonctionnement (classe 7);70848;3.02;aux autres organismes
Établissements publics locaux;recettes de fonctionnement (classe 7);708721;2.31;non dotés de la personnalité morale
Établissements publics locaux;recettes de fonctionnement (classe 7);74888;2.31;Autres
Établissements publics locaux;recettes de fonctionnement (classe 7);706888;1.87;Autres
Établissements publics locaux;recettes de fonctionnement (classe 7);7067;1.56;Redevances et droits des services périscolaires et d'enseignement
Établissements publics locaux;recettes de fonctionnement (classe 7);747888;0.76;Autres
Établissements publics locaux;recettes de fonctionnement (classe 7);7472;0.72;Régions
Établissements publics locaux;recettes de fonctionnement (classe 7);757361;0.71;Collectivité de rattachement
Établissements publics locaux;recettes de fonctionnement (classe 7);70632;0.68;A caractère de loisirs
Établissements publics locaux;recettes de fonctionnement (classe 7);74741;0.68;Communes membres du GFP
Établissements publics locaux;recettes de fonctionnement (classe 7);7478222;0.61;Caisses d'allocations familiales
Établissements publics locaux;recettes de fonctionnement (classe 7);7088;0.56;Autres produits d'activités annexes (abonnements et vente d'ouvrages…)
Établissements publics locaux;recettes de fonctionnement (classe 7);7066;0.43;Redevances et droits des services à caractère social
Établissements publics locaux;recettes de fonctionnement (classe 7);752;0.41;Revenus des immeubles
Établissements publics locaux;recettes de fonctionnement (classe 7);7062;0.35;Redevances et droits des services à caractère culturel
Établissements publics locaux;recettes de fonctionnement (classe 7);70878;0.17;par des tiers
Établissements publics locaux;recettes de fonctionnement (classe 7);75888;0.16;Autres
Établissements publics locaux;recettes de fonctionnement (classe 7);7473;0.07;Départements
Établissements publics locaux;recettes de fonctionnement (classe 7);70323;0.06;Redevance d'occupation du domaine public
Établissements publics locaux;recettes de fonctionnement (classe 7);773;0.06;Mandats annulés (sur exercices antérieurs) ou atteints par la déchéance quadriennale
Établissements publics locaux;recettes de fonctionnement (classe 7);747818;0.05;Autres
Établissements publics locaux;recettes de fonctionnement (classe 7);70845;0.04;aux communes membres du GFP
Établissements publics locaux;recettes de fonctionnement (classe 7);70846;0.02;au GFP de rattachement
Établissements publics locaux;recettes de fonctionnement (classe 7);755;0.02;Dédits et pénalités perçus
Établissements publics locaux;recettes de fonctionnement (classe 7);70311;0.01;Concession dans les cimetières (produit net)
Établissements publics locaux;recettes de fonctionnement (classe 7);70871;0.01;par la collectivité de rattachement
Établissements publics locaux;recettes de fonctionnement (classe 7);7478214;0.01;Communes et structures intercommunales
Établissements publics locaux;recettes de fonctionnement (classe 7);7478223;0.01;Organismes régis par le Code de la mutualité
Établissements publics locaux;recettes de fonctionnement (classe 7);70611;0.0;Redevance d'enlèvement des ordures ménagères
Établissements publics locaux;recettes de fonctionnement (classe 7);70876;0.0;par le GFP de rattachement
Établissements publics locaux;recettes de fonctionnement (classe 7);744;0.0;FCTVA
Établissements publics locaux;recettes de fonctionnement (classe 7);748372;0.0;Dotation politique de la ville (DPV)
Établissements publics locaux;recettes de fonctionnement (classe 7);756;0.0;Libéralités reçues
Établissements publics locaux;recettes de fonctionnement (classe 7);7584;0.0;Recouvrement sur créances admises en non valeur
Établissements publics locaux;recettes de fonctionnement (classe 7);75883;0.0;Excédents sur opérations de gestion
Établissements publics locaux;recettes de fonctionnement (classe 7);7688;0.0;Autres
Établissements publics locaux;recettes de fonctionnement (classe 7);775;0.0;Produits des cessions d'immobilisations
Établissements publics locaux;recettes de fonctionnement (classe 7);7761;0.0;Différences sur réalisations (négatives) reprises au compte de résultat
Établissements publics locaux;recettes de fonctionnement (classe 7);777;0.0;Recettes et quote-part des subventions d'investissement transférées au compte de résultat
Établissements publics locaux;recettes de fonctionnement (classe 7);7498;-0.01;Autres reversements sur dotations et participations
Établissements publics locaux;recettes de fonctionnement (classe 7);74758;-0.02;Autres groupements
Établissements publics locaux;subventions d'investissement reçues (13);13242;0.15;Collectivité de rattachement
Établissements publics locaux;subventions d'investissement reçues (13);13142;0.07;Collectivité de rattachement
Établissements publics locaux;subventions d'investissement reçues (13);1318;0.07;Autres
Établissements publics locaux;subventions d'investissement reçues (13);1312;0.02;Régions
Établissements publics locaux;subventions d'investissement reçues (13);13911;0.0;
Établissements publics locaux;subventions d'investissement reçues (13);13913;0.0;
Établissements publics locaux;subventions d'investissement reçues (13);139141;0.0;
Établissements publics locaux;subventions d'investissement reçues (13);13916;0.0;
Établissements publics locaux;subventions d'investissement reçues (13);13918;0.0;
