niveau;perimetre;fonctionnement;investissement;total
Communes (y.c. Paris);collèges-lycées (cas particuliers : Paris, Métropole de Lyon);103.9;50.5;154.4
Communes (y.c. Paris);hors scolaire (supérieur, formation pro., apprentissage, sanitaire et social);155.4;23.1;178.5
Communes (y.c. Paris);transport scolaire;65.9;4.6;70.5
Communes (y.c. Paris);écoles (1er degré);10626.1;3519.3;14145.400000000001
Départements;collèges;3808.4;2448.1;6256.5
Départements;hors scolaire (supérieur, formation pro., apprentissage, sanitaire et social);101.8;69.6;171.39999999999998
Départements;transport scolaire;262.0;0.0;262.0
Départements;écoles (1er degré);2.0;89.8;91.8
GFP (y.c. Métropole de Lyon, EPT);collèges-lycées (cas particuliers : Paris, Métropole de Lyon);73.0;55.2;128.2
GFP (y.c. Métropole de Lyon, EPT);hors scolaire (supérieur, formation pro., apprentissage, sanitaire et social);135.7;216.4;352.1
GFP (y.c. Métropole de Lyon, EPT);transport scolaire;219.1;1.9;221.0
GFP (y.c. Métropole de Lyon, EPT);écoles (1er degré);771.7;220.8;992.5
Régions et CTU;collèges (CTU : Corse, Guyane, Martinique);48.1;44.1;92.2
Régions et CTU;hors scolaire (supérieur, formation pro., apprentissage, sanitaire et social);3953.5;503.2;4456.7
Régions et CTU;lycées;4536.1;2801.7;7337.8
Régions et CTU;transport scolaire;1619.2;1.5;1620.7
Régions et CTU;écoles (1er degré);0.7;0.9;1.6
Syndicats;hors scolaire (supérieur, formation pro., apprentissage, sanitaire et social);16.2;2.3;18.5
Syndicats;non classé (EPL, syndicats);56.2;6.0;62.2
Syndicats;transport scolaire;178.2;0.4;178.6
Établissements publics locaux;hors scolaire (supérieur, formation pro., apprentissage, sanitaire et social);309.8;-14.3;295.5
Établissements publics locaux;non classé (EPL, syndicats);203.3;23.0;226.3
Établissements publics locaux;transport scolaire;0.1;0.0;0.1
